{"type": "FeatureCollection", "features": [{"type": "Feature", "geometry": {"type": "Point", "coordinates": [-73.9513839, 40.7175806]}, "properties": {"name": "17 Frost Gallery", "category": "experience", "website": "https://www.17frost.com/", "address": "17 Frost Street", "source": "OpenStreetMap", "source_id": "node/6217127467", "reason": "Design-related museum or gallery", "nta_code": "BK0102", "neighborhood": "Williamsburg", "borough": "Brooklyn"}}, {"type": "Feature", "geometry": {"type": "Point", "coordinates": [-73.9885562, 40.6882094]}, "properties": {"name": "310 Art", "category": "experience", "website": "https://www.gallerykooy.com", "address": "", "source": "OpenStreetMap", "source_id": "node/10128879471", "reason": "Design-related museum or gallery", "nta_code": "BK0202", "neighborhood": "Downtown Brooklyn-DUMBO-Boerum Hill", "borough": "Brooklyn"}}, {"type": "Feature", "geometry": {"type": "Point", "coordinates": [-73.9899789, 40.6729742]}, "properties": {"name": "3rd Avenue Clay", "category": "make", "website": "", "address": "", "source": "OpenStreetMap", "source_id": "node/6332084466", "reason": "OpenStreetMap craft/workshop tag", "nta_code": "BK0601", "neighborhood": "Carroll Gardens-Cobble Hill-Gowanus-Red Hook", "borough": "Brooklyn"}}, {"type": "Feature", "geometry": {"type": "Point", "coordinates": [-73.9218209, 40.7044275]}, "properties": {"name": "4th Floor Studios", "category": "experience", "website": "https://www.4thfloorbrooklyn.com/", "address": "349 Suydam Street", "source": "OpenStreetMap", "source_id": "way/925402925", "reason": "OpenStreetMap arts-centre tag", "nta_code": "BK0401", "neighborhood": "Bushwick (West)", "borough": "Brooklyn"}}, {"type": "Feature", "geometry": {"type": "Point", "coordinates": [-73.9783857, 40.6863972]}, "properties": {"name": "651 ARTS", "category": "experience", "website": "https://www.651arts.org", "address": "10 Lafayette Avenue", "source": "OpenStreetMap", "source_id": "node/13695739588", "reason": "OpenStreetMap arts-centre tag", "nta_code": "BK0203", "neighborhood": "Fort Greene", "borough": "Brooklyn"}}, {"type": "Feature", "geometry": {"type": "Point", "coordinates": [-74.0127418, 40.711456]}, "properties": {"name": "9/11 Memorial & Museum", "category": "experience", "website": "https://www.911memorial.org/", "address": "180 Greenwich Street", "source": "OpenStreetMap", "source_id": "way/278033604", "reason": "Design-related museum or gallery", "nta_code": "MN0101", "neighborhood": "Financial District-Battery Park City", "borough": "Manhattan"}}, {"type": "Feature", "geometry": {"type": "Point", "coordinates": [-73.9527658, 40.7830439]}, "properties": {"name": "92nd Street Y, New York", "category": "experience", "website": "https://www.92ny.org/", "address": "1395 Lexington Avenue", "source": "OpenStreetMap", "source_id": "node/3729655969", "reason": "OpenStreetMap arts-centre tag", "nta_code": "MN0802", "neighborhood": "Upper East Side-Carnegie Hill", "borough": "Manhattan"}}, {"type": "Feature", "geometry": {"type": "Point", "coordinates": [-73.995161, 40.6743426]}, "properties": {"name": "9th & Smith Studio", "category": "make", "website": "https://www.9bkstudio.com", "address": "59D 9th Street", "source": "OpenStreetMap", "source_id": "node/6436656509", "reason": "OpenStreetMap craft/workshop tag", "nta_code": "BK0601", "neighborhood": "Carroll Gardens-Cobble Hill-Gowanus-Red Hook", "borough": "Brooklyn"}}, {"type": "Feature", "geometry": {"type": "Point", "coordinates": [-74.0210743, 40.6344378]}, "properties": {"name": "A Plus Graphic", "category": "make", "website": "https://aplusny.net", "address": "475 68th Street", "source": "OpenStreetMap", "source_id": "node/2553164660", "reason": "OpenStreetMap craft/workshop tag", "nta_code": "BK1001", "neighborhood": "Bay Ridge", "borough": "Brooklyn"}}, {"type": "Feature", "geometry": {"type": "Point", "coordinates": [-73.9514195, 40.8175291]}, "properties": {"name": "Aaron Davis Hall", "category": "experience", "website": "", "address": "", "source": "OpenStreetMap", "source_id": "way/271892481", "reason": "OpenStreetMap arts-centre tag", "nta_code": "MN0902", "neighborhood": "Manhattanville-West Harlem", "borough": "Manhattan"}}, {"type": "Feature", "geometry": {"type": "Point", "coordinates": [-74.003227, 40.753017]}, "properties": {"name": "ABC Cooperation", "category": "experience", "website": "", "address": "545 West 30th Street, New York, 10001", "source": "NYC DCLA", "source_id": "dcla-row-18", "reason": "DCLA Architecture/Design discipline", "nta_code": "MN0401", "neighborhood": "Chelsea-Hudson Yards", "borough": "Manhattan"}}, {"type": "Feature", "geometry": {"type": "Point", "coordinates": [-73.9563203, 40.6756787]}, "properties": {"name": "Abe Art", "category": "experience", "website": "https://avantgardeabe.com", "address": "660 Franklin Avenue", "source": "OpenStreetMap", "source_id": "node/10595145812", "reason": "Design-related museum or gallery", "nta_code": "BK0802", "neighborhood": "Crown Heights (North)", "borough": "Brooklyn"}}, {"type": "Feature", "geometry": {"type": "Point", "coordinates": [-73.9837408, 40.715245]}, "properties": {"name": "Abrons Arts Center", "category": "experience", "website": "https://www.abronsartscenter.org/", "address": "466 Grand Street", "source": "OpenStreetMap", "source_id": "node/368043384", "reason": "OpenStreetMap arts-centre tag", "nta_code": "MN0302", "neighborhood": "Lower East Side", "borough": "Manhattan"}}, {"type": "Feature", "geometry": {"type": "Point", "coordinates": [-73.906603, 40.7420583]}, "properties": {"name": "Ace Digital Printing", "category": "make", "website": "", "address": "58-25 Queens Boulevard", "source": "OpenStreetMap", "source_id": "node/10805485473", "reason": "OpenStreetMap craft/workshop tag", "nta_code": "QN0203", "neighborhood": "Woodside", "borough": "Queens"}}, {"type": "Feature", "geometry": {"type": "Point", "coordinates": [-73.7841179, 40.7081459]}, "properties": {"name": "Afrikan Poetry Theatre", "category": "experience", "website": "https://www.theafrikanpoetrytheatre.org", "address": "176-03 Jamaica Avenue", "source": "OpenStreetMap", "source_id": "way/248592805", "reason": "OpenStreetMap arts-centre tag", "nta_code": "QN1201", "neighborhood": "Jamaica", "borough": "Queens"}}, {"type": "Feature", "geometry": {"type": "Point", "coordinates": [-73.9931046, 40.7175558]}, "properties": {"name": "AJ Plumbling Supplies", "category": "make", "website": "", "address": "", "source": "OpenStreetMap", "source_id": "node/7891022306", "reason": "OpenStreetMap craft/workshop tag", "nta_code": "MN0301", "neighborhood": "Chinatown-Two Bridges", "borough": "Manhattan"}}, {"type": "Feature", "geometry": {"type": "Point", "coordinates": [-73.9825787, 40.773503]}, "properties": {"name": "Alice Tully Hall", "category": "experience", "website": "https://www.lincolncenter.org/venue/alice-tully-hall", "address": "1941 Broadway", "source": "OpenStreetMap", "source_id": "node/368053954", "reason": "OpenStreetMap arts-centre tag", "nta_code": "MN0701", "neighborhood": "Upper West Side-Lincoln Square", "borough": "Manhattan"}}, {"type": "Feature", "geometry": {"type": "Point", "coordinates": [-73.9630916, 40.6751531]}, "properties": {"name": "All Star Locksmith & Hardware", "category": "make", "website": "", "address": "725 Washington Avenue", "source": "OpenStreetMap", "source_id": "node/2568918235", "reason": "OpenStreetMap craft/workshop tag", "nta_code": "BK0801", "neighborhood": "Prospect Heights", "borough": "Brooklyn"}}, {"type": "Feature", "geometry": {"type": "Point", "coordinates": [-73.987079, 40.676204]}, "properties": {"name": "Alpha Workshops, Inc.", "category": "experience", "website": "", "address": "322 3rd Avenue, Brooklyn, 11215", "source": "NYC DCLA", "source_id": "dcla-row-78", "reason": "DCLA Architecture/Design discipline", "nta_code": "BK0601", "neighborhood": "Carroll Gardens-Cobble Hill-Gowanus-Red Hook", "borough": "Brooklyn"}}, {"type": "Feature", "geometry": {"type": "Point", "coordinates": [-73.9847757, 40.7455156]}, "properties": {"name": "American Academy of Dramatic Arts", "category": "learn", "website": "https://www.aada.edu/campuses/new-york-campus-overview", "address": "120 Madison Avenue", "source": "OpenStreetMap", "source_id": "node/3356089621", "reason": "Design-related college or university", "nta_code": "MN0501", "neighborhood": "Midtown South-Flatiron-Union Square", "borough": "Manhattan"}}, {"type": "Feature", "geometry": {"type": "Point", "coordinates": [-73.969548, 40.752862]}, "properties": {"name": "American Federation of Arts, Inc.", "category": "experience", "website": "", "address": "305 East 47th Street, New York, 10017", "source": "NYC DCLA", "source_id": "dcla-row-94", "reason": "Design-related name in DCLA Visual Arts discipline", "nta_code": "MN0604", "neighborhood": "East Midtown-Turtle Bay", "borough": "Manhattan"}}, {"type": "Feature", "geometry": {"type": "Point", "coordinates": [-73.9691129, 40.7527797]}, "properties": {"name": "American Federation of the Arts", "category": "connect", "website": "", "address": "305 East 47th Street", "source": "OpenStreetMap", "source_id": "node/2711639369", "reason": "Design-related community or association", "nta_code": "MN0604", "neighborhood": "East Midtown-Turtle Bay", "borough": "Manhattan"}}, {"type": "Feature", "geometry": {"type": "Point", "coordinates": [-73.9815958, 40.7732296]}, "properties": {"name": "American Folk Art Museum", "category": "experience", "website": "http://www.folkartmuseum.org", "address": "2 Lincoln Square", "source": "OpenStreetMap", "source_id": "node/3224793125", "reason": "Design-related museum or gallery", "nta_code": "MN0701", "neighborhood": "Upper West Side-Lincoln Square", "borough": "Manhattan"}}, {"type": "Feature", "geometry": {"type": "Point", "coordinates": [-73.998532, 40.728575]}, "properties": {"name": "American Institute of Architects", "category": "experience", "website": "", "address": "536 LaGuardia Place, New York, 10012", "source": "NYC DCLA", "source_id": "dcla-row-101", "reason": "DCLA Architecture/Design discipline", "nta_code": "MN0202", "neighborhood": "Greenwich Village", "borough": "Manhattan"}}, {"type": "Feature", "geometry": {"type": "Point", "coordinates": [-74.007892, 40.712265]}, "properties": {"name": "American Institute of Graphic Arts", "category": "experience", "website": "", "address": "233 Broadway, New York, 10279", "source": "NYC DCLA", "source_id": "dcla-row-102", "reason": "DCLA Architecture/Design discipline", "nta_code": "MN0102", "neighborhood": "Tribeca-Civic Center", "borough": "Manhattan"}}, {"type": "Feature", "geometry": {"type": "Point", "coordinates": [-73.974211, 40.7810986]}, "properties": {"name": "American Museum of Natural History", "category": "experience", "website": "https://www.amnh.org/", "address": "200 Central Park West", "source": "OpenStreetMap", "source_id": "way/388436810", "reason": "Design-related museum or gallery", "nta_code": "MN0702", "neighborhood": "Upper West Side (Central)", "borough": "Manhattan"}}, {"type": "Feature", "geometry": {"type": "Point", "coordinates": [-73.9332632, 40.7057978]}, "properties": {"name": "Amos Eno Gallery", "category": "experience", "website": "https://www.amoseno.org", "address": "56 Bogart Street", "source": "OpenStreetMap", "source_id": "node/6448226408", "reason": "Design-related museum or gallery", "nta_code": "BK0104", "neighborhood": "East Williamsburg", "borough": "Brooklyn"}}, {"type": "Feature", "geometry": {"type": "Point", "coordinates": [-73.9857912, 40.7211816]}, "properties": {"name": "Angel Orensanz Foundation", "category": "experience", "website": "https://angelorensanz.com/", "address": "172 Norfolk Street", "source": "OpenStreetMap", "source_id": "node/4697762580", "reason": "OpenStreetMap arts-centre tag", "nta_code": "MN0302", "neighborhood": "Lower East Side", "borough": "Manhattan"}}, {"type": "Feature", "geometry": {"type": "Point", "coordinates": [-73.814744, 40.737459]}, "properties": {"name": "Anthropology Museum of the People of New York", "category": "experience", "website": "", "address": "64-19 Kissena Boulevard, Flushing, 11367", "source": "NYC DCLA", "source_id": "dcla-row-140", "reason": "Design-related name in DCLA Museum discipline", "nta_code": "QN0802", "neighborhood": "Pomonok-Electchester-Hillcrest", "borough": "Queens"}}, {"type": "Feature", "geometry": {"type": "Point", "coordinates": [-73.990285, 40.743523]}, "properties": {"name": "Anyone Corporation", "category": "experience", "website": "", "address": "41 WEST 25TH ST FL 11, NEW YORK CITY, 10010", "source": "NYC DCLA", "source_id": "dcla-row-142", "reason": "DCLA Architecture/Design discipline", "nta_code": "MN0501", "neighborhood": "Midtown South-Flatiron-Union Square", "borough": "Manhattan"}}, {"type": "Feature", "geometry": {"type": "Point", "coordinates": [-73.9369954, 40.7085444]}, "properties": {"name": "Architectural Atlantic Stairs, Inc.", "category": "make", "website": "https://atlanticstairs.com/", "address": "284 Meserole Street", "source": "OpenStreetMap", "source_id": "node/6049761556", "reason": "OpenStreetMap craft/workshop tag", "nta_code": "BK0104", "neighborhood": "East Williamsburg", "borough": "Brooklyn"}}, {"type": "Feature", "geometry": {"type": "Point", "coordinates": [-73.9937538, 40.6746752]}, "properties": {"name": "Architectural Grille", "category": "make", "website": "https://www.archgrille.com", "address": "42 2nd Avenue", "source": "OpenStreetMap", "source_id": "way/1159044549", "reason": "OpenStreetMap craft/workshop tag", "nta_code": "BK0601", "neighborhood": "Carroll Gardens-Cobble Hill-Gowanus-Red Hook", "borough": "Brooklyn"}}, {"type": "Feature", "geometry": {"type": "Point", "coordinates": [-73.997157, 40.72496]}, "properties": {"name": "Architectural League of New York", "category": "experience", "website": "", "address": "594 Broadway, Suite 607, New York, 10012", "source": "NYC DCLA", "source_id": "dcla-row-154", "reason": "DCLA Architecture/Design discipline", "nta_code": "MN0201", "neighborhood": "SoHo-Little Italy-Hudson Square", "borough": "Manhattan"}}, {"type": "Feature", "geometry": {"type": "Point", "coordinates": [-73.9937691, 40.7218041]}, "properties": {"name": "Arsenal Contemporary Art", "category": "experience", "website": "https://www.arsenalcontemporary.com/ny/home", "address": "214 Bowery", "source": "OpenStreetMap", "source_id": "node/9652307019", "reason": "Design-related museum or gallery", "nta_code": "MN0201", "neighborhood": "SoHo-Little Italy-Hudson Square", "borough": "Manhattan"}}, {"type": "Feature", "geometry": {"type": "Point", "coordinates": [-73.8197775, 40.7364981]}, "properties": {"name": "Art Center", "category": "experience", "website": "", "address": "", "source": "OpenStreetMap", "source_id": "node/7237410533", "reason": "OpenStreetMap arts-centre tag", "nta_code": "QN0801", "neighborhood": "Kew Gardens Hills", "borough": "Queens"}}, {"type": "Feature", "geometry": {"type": "Point", "coordinates": [-73.9831736, 40.7187633]}, "properties": {"name": "Art Clinic", "category": "experience", "website": "", "address": "106 Ridge Street", "source": "OpenStreetMap", "source_id": "node/2713432144", "reason": "Design-related museum or gallery", "nta_code": "MN0302", "neighborhood": "Lower East Side", "borough": "Manhattan"}}, {"type": "Feature", "geometry": {"type": "Point", "coordinates": [-73.963283, 40.757576]}, "properties": {"name": "Art Deco Society of New York, Inc.", "category": "experience", "website": "", "address": "400 East 56th Street, Suite 39N, New York, 10022", "source": "NYC DCLA", "source_id": "dcla-row-175", "reason": "DCLA Architecture/Design discipline", "nta_code": "MN0604", "neighborhood": "East Midtown-Turtle Bay", "borough": "Manhattan"}}, {"type": "Feature", "geometry": {"type": "Point", "coordinates": [-73.99062, 40.746882]}, "properties": {"name": "Art Directors Club, Inc.", "category": "experience", "website": "", "address": "106 West 29th Street, New York, 10001", "source": "NYC DCLA", "source_id": "dcla-row-176", "reason": "DCLA Architecture/Design discipline", "nta_code": "MN0501", "neighborhood": "Midtown South-Flatiron-Union Square", "borough": "Manhattan"}}, {"type": "Feature", "geometry": {"type": "Point", "coordinates": [-74.0373574, 40.6150376]}, "properties": {"name": "Art Fun Studio", "category": "experience", "website": "https://www.artfunstudio.com/", "address": "", "source": "OpenStreetMap", "source_id": "node/13310695178", "reason": "OpenStreetMap arts-centre tag", "nta_code": "BK1001", "neighborhood": "Bay Ridge", "borough": "Brooklyn"}}, {"type": "Feature", "geometry": {"type": "Point", "coordinates": [-74.1026605, 40.6439951]}, "properties": {"name": "Art Lab", "category": "experience", "website": "https://artlabsi.com/", "address": "", "source": "OpenStreetMap", "source_id": "node/424061246", "reason": "Design-related museum or gallery", "nta_code": "SI0191", "neighborhood": "Snug Harbor", "borough": "Staten Island"}}, {"type": "Feature", "geometry": {"type": "Point", "coordinates": [-74.104753, 40.645075]}, "properties": {"name": "Art Lab, Inc.", "category": "experience", "website": "", "address": "1000 RICHMOND TER STE 10, Staten Island, 10301", "source": "NYC DCLA", "source_id": "dcla-row-197", "reason": "Design-related name in DCLA Visual Arts discipline", "nta_code": "SI0191", "neighborhood": "Snug Harbor", "borough": "Staten Island"}}, {"type": "Feature", "geometry": {"type": "Point", "coordinates": [-74.0098159, 40.7226366]}, "properties": {"name": "Art Projects International", "category": "experience", "website": "", "address": "434 Greenwich Street", "source": "OpenStreetMap", "source_id": "node/2565702271", "reason": "Design-related museum or gallery", "nta_code": "MN0102", "neighborhood": "Tribeca-Civic Center", "borough": "Manhattan"}}, {"type": "Feature", "geometry": {"type": "Point", "coordinates": [-74.011789, 40.679416]}, "properties": {"name": "Art Radio International, Inc.", "category": "experience", "website": "", "address": "159 Pioneer St, Brooklyn, 11231", "source": "NYC DCLA", "source_id": "dcla-row-203", "reason": "Design-related name in DCLA New Media discipline", "nta_code": "BK0601", "neighborhood": "Carroll Gardens-Cobble Hill-Gowanus-Red Hook", "borough": "Brooklyn"}}, {"type": "Feature", "geometry": {"type": "Point", "coordinates": [-73.980896, 40.765894]}, "properties": {"name": "Art Students League of New York", "category": "experience", "website": "", "address": "215 W 57th St, New York, 10019", "source": "NYC DCLA", "source_id": "dcla-row-227", "reason": "Design-related name in DCLA Visual Arts discipline", "nta_code": "MN0502", "neighborhood": "Midtown-Times Square", "borough": "Manhattan"}}, {"type": "Feature", "geometry": {"type": "Point", "coordinates": [-73.9798764, 40.6824711]}, "properties": {"name": "Art World ESPO", "category": "experience", "website": "", "address": "72 4th Avenue", "source": "OpenStreetMap", "source_id": "node/2550063510", "reason": "Design-related museum or gallery", "nta_code": "BK0601", "neighborhood": "Carroll Gardens-Cobble Hill-Gowanus-Red Hook", "borough": "Brooklyn"}}, {"type": "Feature", "geometry": {"type": "Point", "coordinates": [-73.9867283, 40.7290786]}, "properties": {"name": "Art+Ray", "category": "experience", "website": "https://www.artraynyc.com", "address": "305 East 9th Street", "source": "OpenStreetMap", "source_id": "node/7098491803", "reason": "Design-related museum or gallery", "nta_code": "MN0303", "neighborhood": "East Village", "borough": "Manhattan"}}, {"type": "Feature", "geometry": {"type": "Point", "coordinates": [-73.775888, 40.691401]}, "properties": {"name": "Arts @ Henson-Parks, Inc.", "category": "experience", "website": "", "address": "11460 174TH STREET, JAMAICA, 11434", "source": "NYC DCLA", "source_id": "dcla-row-206", "reason": "Design-related name in DCLA Photography discipline", "nta_code": "QN1205", "neighborhood": "St. Albans", "borough": "Queens"}}, {"type": "Feature", "geometry": {"type": "Point", "coordinates": [-73.9263316, 40.7051526]}, "properties": {"name": "Arts and Rhymes Who Got Style Wall", "category": "experience", "website": "", "address": "424 Melrose Street", "source": "OpenStreetMap", "source_id": "node/5695089807", "reason": "Design-related museum or gallery", "nta_code": "BK0401", "neighborhood": "Bushwick (West)", "borough": "Brooklyn"}}, {"type": "Feature", "geometry": {"type": "Point", "coordinates": [-73.952785, 40.810512]}, "properties": {"name": "Arts Horizons New York, Inc.", "category": "experience", "website": "", "address": "289 St. Nicholas Avenue (Lower Level), New York, 10027", "source": "NYC DCLA", "source_id": "dcla-row-217", "reason": "Design-related name in DCLA Visual Arts discipline", "nta_code": "MN0901", "neighborhood": "Morningside Heights", "borough": "Manhattan"}}, {"type": "Feature", "geometry": {"type": "Point", "coordinates": [-73.989363, 40.7289599]}, "properties": {"name": "Arts on Site", "category": "experience", "website": "https://www.artsonsite.org", "address": "", "source": "OpenStreetMap", "source_id": "node/7041092622", "reason": "OpenStreetMap arts-centre tag", "nta_code": "MN0303", "neighborhood": "East Village", "borough": "Manhattan"}}, {"type": "Feature", "geometry": {"type": "Point", "coordinates": [-73.9540236, 40.6848308]}, "properties": {"name": "Artshack Brooklyn", "category": "experience", "website": "https://www.artshackbrooklyn.org", "address": "", "source": "OpenStreetMap", "source_id": "node/9140337297", "reason": "OpenStreetMap arts-centre tag", "nta_code": "BK0301", "neighborhood": "Bedford-Stuyvesant (West)", "borough": "Brooklyn"}}, {"type": "Feature", "geometry": {"type": "Point", "coordinates": [-73.9986288, 40.7217498]}, "properties": {"name": "Ashley Longshore Studio Gallery", "category": "experience", "website": "https://ashleylongshore.com", "address": "", "source": "OpenStreetMap", "source_id": "node/12477113527", "reason": "Design-related museum or gallery", "nta_code": "MN0201", "neighborhood": "SoHo-Little Italy-Hudson Square", "borough": "Manhattan"}}, {"type": "Feature", "geometry": {"type": "Point", "coordinates": [-73.994331, 40.700027]}, "properties": {"name": "Asia Art Archive in America, Inc.", "category": "experience", "website": "", "address": "23 Cranberry Street, Brooklyn, 11201", "source": "NYC DCLA", "source_id": "dcla-row-233", "reason": "Design-related name in DCLA Visual Arts discipline", "nta_code": "BK0201", "neighborhood": "Brooklyn Heights", "borough": "Brooklyn"}}, {"type": "Feature", "geometry": {"type": "Point", "coordinates": [-73.987038, 40.719036]}, "properties": {"name": "Asian American Arts Centre, Inc.", "category": "experience", "website": "", "address": "111 Norfolk Street, New York, 10002", "source": "NYC DCLA", "source_id": "dcla-row-236", "reason": "Design-related name in DCLA Visual Arts discipline", "nta_code": "MN0302", "neighborhood": "Lower East Side", "borough": "Manhattan"}}, {"type": "Feature", "geometry": {"type": "Point", "coordinates": [-73.9434721, 40.7782209]}, "properties": {"name": "Asphalt Green Sports and Arts Center", "category": "experience", "website": "", "address": "", "source": "OpenStreetMap", "source_id": "node/368045890", "reason": "OpenStreetMap arts-centre tag", "nta_code": "MN0803", "neighborhood": "Upper East Side-Yorkville", "borough": "Manhattan"}}, {"type": "Feature", "geometry": {"type": "Point", "coordinates": [-73.9130766, 40.7776358]}, "properties": {"name": "Astoria Art Center", "category": "experience", "website": "", "address": "27-02 Ditmars Boulevard", "source": "OpenStreetMap", "source_id": "node/2853174745", "reason": "Design-related museum or gallery", "nta_code": "QN0101", "neighborhood": "Astoria (North)-Ditmars-Steinway", "borough": "Queens"}}, {"type": "Feature", "geometry": {"type": "Point", "coordinates": [-73.9191996, 40.7660167]}, "properties": {"name": "Astoria Fashion Fabrics Inc.", "category": "make", "website": "", "address": "33-13 30th Avenue", "source": "OpenStreetMap", "source_id": "node/5147364724", "reason": "OpenStreetMap craft/workshop tag", "nta_code": "QN0103", "neighborhood": "Astoria (Central)", "borough": "Queens"}}, {"type": "Feature", "geometry": {"type": "Point", "coordinates": [-74.0010085, 40.6602887]}, "properties": {"name": "Atlantic Welding Company", "category": "make", "website": "https://www.airweld.net/", "address": "791 3rd Avenue", "source": "OpenStreetMap", "source_id": "node/7057019226", "reason": "OpenStreetMap craft/workshop tag", "nta_code": "BK0702", "neighborhood": "Sunset Park (West)", "borough": "Brooklyn"}}, {"type": "Feature", "geometry": {"type": "Point", "coordinates": [-73.8445749, 40.8382428]}, "properties": {"name": "BAAD! Bronx Academy of Arts and Dance", "category": "experience", "website": "http://www.BronxAcademyOfArtsAndDance.org", "address": "Westchester Avenue", "source": "OpenStreetMap", "source_id": "node/2505091601", "reason": "OpenStreetMap arts-centre tag", "nta_code": "BX1001", "neighborhood": "Westchester Square", "borough": "Bronx"}}, {"type": "Feature", "geometry": {"type": "Point", "coordinates": [-73.998156, 40.737921]}, "properties": {"name": "Babycastles Studio Inc.", "category": "experience", "website": "", "address": "145 W 14th Street, New York, 10011", "source": "NYC DCLA", "source_id": "dcla-row-265", "reason": "Design-related name in DCLA New Media discipline", "nta_code": "MN0401", "neighborhood": "Chelsea-Hudson Yards", "borough": "Manhattan"}}, {"type": "Feature", "geometry": {"type": "Point", "coordinates": [-73.9973055, 40.7560502]}, "properties": {"name": "BAC", "category": "experience", "website": "https://www.bacnyc.org/", "address": "450 West 37th Street", "source": "OpenStreetMap", "source_id": "node/6374886586", "reason": "OpenStreetMap arts-centre tag", "nta_code": "MN0401", "neighborhood": "Chelsea-Hudson Yards", "borough": "Manhattan"}}, {"type": "Feature", "geometry": {"type": "Point", "coordinates": [-73.9778037, 40.6860239]}, "properties": {"name": "BAM Fischer", "category": "experience", "website": "https://www.bam.org/visit#/BAM-Fisher", "address": "321 Ashland Place", "source": "OpenStreetMap", "source_id": "way/250979159", "reason": "OpenStreetMap arts-centre tag", "nta_code": "BK0203", "neighborhood": "Fort Greene", "borough": "Brooklyn"}}, {"type": "Feature", "geometry": {"type": "Point", "coordinates": [-73.9785244, 40.6864532]}, "properties": {"name": "BAM KBH", "category": "experience", "website": "", "address": "10 Lafayette Avenue", "source": "OpenStreetMap", "source_id": "node/13695739585", "reason": "OpenStreetMap arts-centre tag", "nta_code": "BK0203", "neighborhood": "Fort Greene", "borough": "Brooklyn"}}, {"type": "Feature", "geometry": {"type": "Point", "coordinates": [-73.9776885, 40.6864615]}, "properties": {"name": "BAM Peter Jay Sharp Building", "category": "experience", "website": "https://www.bam.org/visit#/Peter-Jay-Sharp-Building", "address": "30 Lafayette Avenue", "source": "OpenStreetMap", "source_id": "way/250979163", "reason": "OpenStreetMap arts-centre tag", "nta_code": "BK0203", "neighborhood": "Fort Greene", "borough": "Brooklyn"}}, {"type": "Feature", "geometry": {"type": "Point", "coordinates": [-73.9788231, 40.6883538]}, "properties": {"name": "BAM Strong", "category": "experience", "website": "https://www.bam.org/visit#BAM-Strong", "address": "", "source": "OpenStreetMap", "source_id": "way/1072810419", "reason": "OpenStreetMap arts-centre tag", "nta_code": "BK0203", "neighborhood": "Fort Greene", "borough": "Brooklyn"}}, {"type": "Feature", "geometry": {"type": "Point", "coordinates": [-74.001447, 40.7194141]}, "properties": {"name": "Banksy Museum", "category": "experience", "website": "https://museumbanksy.com", "address": "277 Canal Street", "source": "OpenStreetMap", "source_id": "node/12181429831", "reason": "Design-related museum or gallery", "nta_code": "MN0201", "neighborhood": "SoHo-Little Italy-Hudson Square", "borough": "Manhattan"}}, {"type": "Feature", "geometry": {"type": "Point", "coordinates": [-73.8056401, 40.8717809]}, "properties": {"name": "Bartow-Pell Mansion Museum", "category": "experience", "website": "https://www.bartowpellmansionmuseum.org/", "address": "", "source": "OpenStreetMap", "source_id": "node/368061866", "reason": "Design-related museum or gallery", "nta_code": "BX2891", "neighborhood": "Pelham Bay Park", "borough": "Bronx"}}, {"type": "Feature", "geometry": {"type": "Point", "coordinates": [-73.9855042, 40.6698196]}, "properties": {"name": "BAX", "category": "experience", "website": "https://bax.org", "address": "", "source": "OpenStreetMap", "source_id": "node/5511936877", "reason": "OpenStreetMap arts-centre tag", "nta_code": "BK0602", "neighborhood": "Park Slope", "borough": "Brooklyn"}}, {"type": "Feature", "geometry": {"type": "Point", "coordinates": [-73.9110784, 40.6729544]}, "properties": {"name": "BBF Printing & Signs", "category": "make", "website": "https://www.bbfprint.com", "address": "1688 Saint Marks Avenue", "source": "OpenStreetMap", "source_id": "node/12336460455", "reason": "OpenStreetMap craft/workshop tag", "nta_code": "BK1601", "neighborhood": "Ocean Hill", "borough": "Brooklyn"}}, {"type": "Feature", "geometry": {"type": "Point", "coordinates": [-73.9637798, 40.6770069]}, "properties": {"name": "BCakeNY Studio", "category": "make", "website": "https://www.bcakeny.com", "address": "", "source": "OpenStreetMap", "source_id": "node/6088775960", "reason": "OpenStreetMap craft/workshop tag", "nta_code": "BK0801", "neighborhood": "Prospect Heights", "borough": "Brooklyn"}}, {"type": "Feature", "geometry": {"type": "Point", "coordinates": [-73.9216144, 40.7052581]}, "properties": {"name": "Be Electric Studio 1", "category": "make", "website": "", "address": "1304 Willoughby Avenue", "source": "OpenStreetMap", "source_id": "node/5625550988", "reason": "OpenStreetMap craft/workshop tag", "nta_code": "BK0401", "neighborhood": "Bushwick (West)", "borough": "Brooklyn"}}, {"type": "Feature", "geometry": {"type": "Point", "coordinates": [-73.9856362, 40.6946242]}, "properties": {"name": "Bern Dibner Library of Science and Technology", "category": "learn", "website": "", "address": "5 MetroTech", "source": "OpenStreetMap", "source_id": "way/250369718", "reason": "Design-related library", "nta_code": "BK0202", "neighborhood": "Downtown Brooklyn-DUMBO-Boerum Hill", "borough": "Brooklyn"}}, {"type": "Feature", "geometry": {"type": "Point", "coordinates": [-73.9601974, 40.7795195]}, "properties": {"name": "Bernard & S Dean Levy Inc.", "category": "experience", "website": "https://levygalleries.com/", "address": "22 East 84th Street", "source": "OpenStreetMap", "source_id": "way/266932809", "reason": "OpenStreetMap arts-centre tag", "nta_code": "MN0802", "neighborhood": "Upper East Side-Carnegie Hill", "borough": "Manhattan"}}, {"type": "Feature", "geometry": {"type": "Point", "coordinates": [-73.9553227, 40.6685547]}, "properties": {"name": "Betty Carter Auditorium for the Arts", "category": "experience", "website": "https://majorowenscenter.com/betty-carter-auditorium-for-the-arts/", "address": "", "source": "OpenStreetMap", "source_id": "node/13025037810", "reason": "OpenStreetMap arts-centre tag", "nta_code": "BK0901", "neighborhood": "Crown Heights (South)", "borough": "Brooklyn"}}, {"type": "Feature", "geometry": {"type": "Point", "coordinates": [-73.7966216, 40.7077651]}, "properties": {"name": "bh22 nyc", "category": "make", "website": "https://www.bh22nyc.com", "address": "164-15 89th Avenue", "source": "OpenStreetMap", "source_id": "node/2870708972", "reason": "OpenStreetMap craft/workshop tag", "nta_code": "QN1201", "neighborhood": "Jamaica", "borough": "Queens"}}, {"type": "Feature", "geometry": {"type": "Point", "coordinates": [-73.9483064, 40.6804596]}, "properties": {"name": "Big Brothers Hardware", "category": "make", "website": "", "address": "", "source": "OpenStreetMap", "source_id": "node/9403241711", "reason": "OpenStreetMap craft/workshop tag", "nta_code": "BK0301", "neighborhood": "Bedford-Stuyvesant (West)", "borough": "Brooklyn"}}, {"type": "Feature", "geometry": {"type": "Point", "coordinates": [-73.990232, 40.7200826]}, "properties": {"name": "bitforms gallery", "category": "experience", "website": "https://bitforms.art", "address": "131 Allen Street", "source": "OpenStreetMap", "source_id": "node/6236928057", "reason": "Design-related museum or gallery", "nta_code": "MN0302", "neighborhood": "Lower East Side", "borough": "Manhattan"}}, {"type": "Feature", "geometry": {"type": "Point", "coordinates": [-73.9709045, 40.6809516]}, "properties": {"name": "Bklyn Clay", "category": "make", "website": "https://www.bklynclay.com", "address": "", "source": "OpenStreetMap", "source_id": "node/7137864657", "reason": "OpenStreetMap craft/workshop tag", "nta_code": "BK0801", "neighborhood": "Prospect Heights", "borough": "Brooklyn"}}, {"type": "Feature", "geometry": {"type": "Point", "coordinates": [-73.9900323, 40.6800237]}, "properties": {"name": "Blue Room Pottery Studio", "category": "make", "website": "https://www.blueroompotterystudio.com", "address": "", "source": "OpenStreetMap", "source_id": "node/12766863571", "reason": "OpenStreetMap craft/workshop tag", "nta_code": "BK0601", "neighborhood": "Carroll Gardens-Cobble Hill-Gowanus-Red Hook", "borough": "Brooklyn"}}, {"type": "Feature", "geometry": {"type": "Point", "coordinates": [-73.9093908, 40.702147]}, "properties": {"name": "BM Pottery Studio", "category": "make", "website": "http://bmpotterystudiony.com", "address": "17-02 Gates Avenue", "source": "OpenStreetMap", "source_id": "node/5364870790", "reason": "OpenStreetMap craft/workshop tag", "nta_code": "QN0502", "neighborhood": "Ridgewood", "borough": "Queens"}}, {"type": "Feature", "geometry": {"type": "Point", "coordinates": [-73.9989735, 40.6616832]}, "properties": {"name": "Boccara Art", "category": "experience", "website": "https://www.boccara-art.com", "address": "198 24th Street", "source": "OpenStreetMap", "source_id": "way/248241132", "reason": "Design-related museum or gallery", "nta_code": "BK0702", "neighborhood": "Sunset Park (West)", "borough": "Brooklyn"}}, {"type": "Feature", "geometry": {"type": "Point", "coordinates": [-73.9909317, 40.6782479]}, "properties": {"name": "Bond Craft Studio", "category": "experience", "website": "https://bondcraftstudio.com", "address": "", "source": "OpenStreetMap", "source_id": "node/9789098142", "reason": "OpenStreetMap arts-centre tag", "nta_code": "BK0601", "neighborhood": "Carroll Gardens-Cobble Hill-Gowanus-Red Hook", "borough": "Brooklyn"}}, {"type": "Feature", "geometry": {"type": "Point", "coordinates": [-73.825247, 40.762853]}, "properties": {"name": "Bowne House Historical Society, Inc.", "category": "experience", "website": "", "address": "37-01 Bowne Street, Flushing, 11354", "source": "NYC DCLA", "source_id": "dcla-row-353", "reason": "DCLA Architecture/Design discipline", "nta_code": "QN0707", "neighborhood": "Flushing-Willets Point", "borough": "Queens"}}, {"type": "Feature", "geometry": {"type": "Point", "coordinates": [-73.9790813, 40.687789]}, "properties": {"name": "BRIC Community Media Incubator", "category": "connect", "website": "", "address": "75 Rockwell Place", "source": "OpenStreetMap", "source_id": "node/7177794088", "reason": "Design-related community or association", "nta_code": "BK0203", "neighborhood": "Fort Greene", "borough": "Brooklyn"}}, {"type": "Feature", "geometry": {"type": "Point", "coordinates": [-73.9517073, 40.7468009]}, "properties": {"name": "Bridgeview School of Fine Arts", "category": "learn", "website": "", "address": "", "source": "OpenStreetMap", "source_id": "node/4995781628", "reason": "Design-related college or university", "nta_code": "QN0201", "neighborhood": "Long Island City-Hunters Point", "borough": "Queens"}}, {"type": "Feature", "geometry": {"type": "Point", "coordinates": [-73.84765, 40.7100515]}, "properties": {"name": "Brilianna Photography", "category": "make", "website": "https://briliannaphotography.com", "address": "105-21 Metropolitan Avenue", "source": "OpenStreetMap", "source_id": "node/10825166991", "reason": "OpenStreetMap craft/workshop tag", "nta_code": "QN0602", "neighborhood": "Forest Hills", "borough": "Queens"}}, {"type": "Feature", "geometry": {"type": "Point", "coordinates": [-73.9343184, 40.6969623]}, "properties": {"name": "Broadway Lumber", "category": "make", "website": "", "address": "1146 Myrtle Avenue", "source": "OpenStreetMap", "source_id": "node/2568567026", "reason": "OpenStreetMap craft/workshop tag", "nta_code": "BK0401", "neighborhood": "Bushwick (West)", "borough": "Brooklyn"}}, {"type": "Feature", "geometry": {"type": "Point", "coordinates": [-73.9199471, 40.8310911]}, "properties": {"name": "Bronx Museum of the Arts", "category": "experience", "website": "https://bronxmuseum.org/", "address": "1040 Grand Concourse", "source": "OpenStreetMap", "source_id": "node/368061518", "reason": "Design-related museum or gallery", "nta_code": "BX0401", "neighborhood": "Concourse-Concourse Village", "borough": "Bronx"}}, {"type": "Feature", "geometry": {"type": "Point", "coordinates": [-73.8783132, 40.8403365]}, "properties": {"name": "Bronx River Arts Center", "category": "experience", "website": "", "address": "", "source": "OpenStreetMap", "source_id": "way/276027942", "reason": "OpenStreetMap arts-centre tag", "nta_code": "BX0601", "neighborhood": "West Farms", "borough": "Bronx"}}, {"type": "Feature", "geometry": {"type": "Point", "coordinates": [-73.9802626, 40.6650257]}, "properties": {"name": "Brooklyn Acting Lab", "category": "experience", "website": "https://brooklynactinglab.org", "address": "", "source": "OpenStreetMap", "source_id": "node/8787246999", "reason": "OpenStreetMap arts-centre tag", "nta_code": "BK0602", "neighborhood": "Park Slope", "borough": "Brooklyn"}}, {"type": "Feature", "geometry": {"type": "Point", "coordinates": [-73.967599, 40.687097]}, "properties": {"name": "Brooklyn Art Incubator, Inc.", "category": "experience", "website": "", "address": "365 Clinton ave. apt #12D, Brooklyn, 11238", "source": "NYC DCLA", "source_id": "dcla-row-400", "reason": "Design-related name in DCLA Visual Arts discipline", "nta_code": "BK0204", "neighborhood": "Clinton Hill", "borough": "Brooklyn"}}, {"type": "Feature", "geometry": {"type": "Point", "coordinates": [-73.9919648, 40.670101]}, "properties": {"name": "Brooklyn Center Stage Dance Studio", "category": "experience", "website": "https://brooklyncenterstage.com", "address": "495 3rd Avenue", "source": "OpenStreetMap", "source_id": "node/2562131748", "reason": "OpenStreetMap arts-centre tag", "nta_code": "BK0601", "neighborhood": "Carroll Gardens-Cobble Hill-Gowanus-Red Hook", "borough": "Brooklyn"}}, {"type": "Feature", "geometry": {"type": "Point", "coordinates": [-73.9438946, 40.6744161]}, "properties": {"name": "Brooklyn Children's Museum", "category": "experience", "website": "https://www.brooklynkids.org/", "address": "145 Brooklyn Avenue", "source": "OpenStreetMap", "source_id": "way/250324041", "reason": "Design-related museum or gallery", "nta_code": "BK0802", "neighborhood": "Crown Heights (North)", "borough": "Brooklyn"}}, {"type": "Feature", "geometry": {"type": "Point", "coordinates": [-73.9936769, 40.669037]}, "properties": {"name": "Brooklyn Glass", "category": "experience", "website": "", "address": "143 13th Street", "source": "OpenStreetMap", "source_id": "node/2550101359", "reason": "OpenStreetMap arts-centre tag", "nta_code": "BK0601", "neighborhood": "Carroll Gardens-Cobble Hill-Gowanus-Red Hook", "borough": "Brooklyn"}}, {"type": "Feature", "geometry": {"type": "Point", "coordinates": [-73.963042, 40.671835]}, "properties": {"name": "Brooklyn Institute of Arts and Sciences", "category": "experience", "website": "", "address": "200 Eastern Parkway, Brooklyn, 11238", "source": "NYC DCLA", "source_id": "dcla-row-424", "reason": "Design-related name in DCLA Visual Arts discipline", "nta_code": "BK0801", "neighborhood": "Prospect Heights", "borough": "Brooklyn"}}, {"type": "Feature", "geometry": {"type": "Point", "coordinates": [-73.963695, 40.6709677]}, "properties": {"name": "Brooklyn Museum", "category": "experience", "website": "https://www.brooklynmuseum.org/", "address": "200 Eastern Parkway", "source": "OpenStreetMap", "source_id": "way/1432069915", "reason": "Design-related museum or gallery", "nta_code": "BK5591", "neighborhood": "Prospect Park", "borough": "Brooklyn"}}, {"type": "Feature", "geometry": {"type": "Point", "coordinates": [-73.9935672, 40.6943939]}, "properties": {"name": "Brooklyn Poets", "category": "experience", "website": "https://brooklynpoets.org", "address": "", "source": "OpenStreetMap", "source_id": "node/11766622694", "reason": "OpenStreetMap arts-centre tag", "nta_code": "BK0201", "neighborhood": "Brooklyn Heights", "borough": "Brooklyn"}}, {"type": "Feature", "geometry": {"type": "Point", "coordinates": [-73.8698351, 40.6777636]}, "properties": {"name": "Brooklyn Seltzer Museum", "category": "experience", "website": "https://brooklynseltzermuseum.org/", "address": "474 Hemlock Street", "source": "OpenStreetMap", "source_id": "node/13373950914", "reason": "Design-related museum or gallery", "nta_code": "BK0505", "neighborhood": "East New York-City Line", "borough": "Brooklyn"}}, {"type": "Feature", "geometry": {"type": "Point", "coordinates": [-73.995052, 40.6145201]}, "properties": {"name": "C & K Art Center", "category": "experience", "website": "", "address": "7304 18th Avenue", "source": "OpenStreetMap", "source_id": "node/6294506602", "reason": "OpenStreetMap arts-centre tag", "nta_code": "BK1101", "neighborhood": "Bensonhurst", "borough": "Brooklyn"}}, {"type": "Feature", "geometry": {"type": "Point", "coordinates": [-73.9811135, 40.6853136]}, "properties": {"name": "C & K Art Gallery", "category": "experience", "website": "", "address": "", "source": "OpenStreetMap", "source_id": "node/9032875158", "reason": "Design-related museum or gallery", "nta_code": "BK0202", "neighborhood": "Downtown Brooklyn-DUMBO-Boerum Hill", "borough": "Brooklyn"}}, {"type": "Feature", "geometry": {"type": "Point", "coordinates": [-73.9799125, 40.7649977]}, "properties": {"name": "Carnegie Hall", "category": "experience", "website": "https://www.carnegiehall.org", "address": "", "source": "OpenStreetMap", "source_id": "way/265148502", "reason": "OpenStreetMap arts-centre tag", "nta_code": "MN0502", "neighborhood": "Midtown-Times Square", "borough": "Manhattan"}}, {"type": "Feature", "geometry": {"type": "Point", "coordinates": [-73.991311, 40.732277]}, "properties": {"name": "Catharine Lorillard Wolfe Art Club, Inc.", "category": "experience", "website": "", "address": "802 Broadway c/o Grace Church, New York, 10003", "source": "NYC DCLA", "source_id": "dcla-row-473", "reason": "Design-related name in DCLA Visual Arts discipline", "nta_code": "MN0202", "neighborhood": "Greenwich Village", "borough": "Manhattan"}}, {"type": "Feature", "geometry": {"type": "Point", "coordinates": [-73.9985805, 40.72873]}, "properties": {"name": "Center for Architecture", "category": "experience", "website": "https://www.centerforarchitecture.org/", "address": "546 LaGuardia Place", "source": "OpenStreetMap", "source_id": "node/5747425246", "reason": "Design-related museum or gallery", "nta_code": "MN0202", "neighborhood": "Greenwich Village", "borough": "Manhattan"}}, {"type": "Feature", "geometry": {"type": "Point", "coordinates": [-73.998532, 40.728575]}, "properties": {"name": "Center for Architecture, Inc.", "category": "experience", "website": "", "address": "536 LaGuardia Place, New York, 10012", "source": "NYC DCLA", "source_id": "dcla-row-486", "reason": "DCLA Architecture/Design discipline", "nta_code": "MN0202", "neighborhood": "Greenwich Village", "borough": "Manhattan"}}, {"type": "Feature", "geometry": {"type": "Point", "coordinates": [-73.985501, 40.703729]}, "properties": {"name": "Center for Art Law, Inc.", "category": "experience", "website": "", "address": "195 Plymouth St, Brooklyn, 11201", "source": "NYC DCLA", "source_id": "dcla-row-488", "reason": "Design-related name in DCLA Visual Arts discipline", "nta_code": "BK0202", "neighborhood": "Downtown Brooklyn-DUMBO-Boerum Hill", "borough": "Brooklyn"}}, {"type": "Feature", "geometry": {"type": "Point", "coordinates": [-73.998662, 40.721252]}, "properties": {"name": "Center for Italian Modern Art", "category": "experience", "website": "", "address": "421 Broome Street, New York, 10013", "source": "NYC DCLA", "source_id": "dcla-row-495", "reason": "Design-related name in DCLA Museum discipline", "nta_code": "MN0201", "neighborhood": "SoHo-Little Italy-Hudson Square", "borough": "Manhattan"}}, {"type": "Feature", "geometry": {"type": "Point", "coordinates": [-73.980848, 40.755156]}, "properties": {"name": "Center for the Study of Classical Architecture", "category": "experience", "website": "", "address": "20 West 44th Street, New York, 10036", "source": "NYC DCLA", "source_id": "dcla-row-498", "reason": "DCLA Architecture/Design discipline", "nta_code": "MN0502", "neighborhood": "Midtown-Times Square", "borough": "Manhattan"}}, {"type": "Feature", "geometry": {"type": "Point", "coordinates": [-73.991863, 40.7157593]}, "properties": {"name": "Chenlin Graphic & Design", "category": "make", "website": "", "address": "32 Allen Street", "source": "OpenStreetMap", "source_id": "node/11523643239", "reason": "OpenStreetMap craft/workshop tag", "nta_code": "MN0301", "neighborhood": "Chinatown-Two Bridges", "borough": "Manhattan"}}, {"type": "Feature", "geometry": {"type": "Point", "coordinates": [-73.946309, 40.823075]}, "properties": {"name": "Children's Art Carnival", "category": "experience", "website": "", "address": "62 Hamilton Terrace, New York, 10031", "source": "NYC DCLA", "source_id": "dcla-row-537", "reason": "Design-related name in DCLA Visual Arts discipline", "nta_code": "MN0903", "neighborhood": "Hamilton Heights-Sugar Hill", "borough": "Manhattan"}}, {"type": "Feature", "geometry": {"type": "Point", "coordinates": [-73.9773343, 40.7858798]}, "properties": {"name": "Children's Museum of Manhattan", "category": "experience", "website": "https://www.cmom.org/", "address": "212 West 83rd Street", "source": "OpenStreetMap", "source_id": "way/270901657", "reason": "Design-related museum or gallery", "nta_code": "MN0702", "neighborhood": "Upper West Side (Central)", "borough": "Manhattan"}}, {"type": "Feature", "geometry": {"type": "Point", "coordinates": [-74.004957, 40.723247]}, "properties": {"name": "Children's Museum of the Arts", "category": "experience", "website": "", "address": "101 Avenue of the Americas, 9th Floor, New York, 10013", "source": "NYC DCLA", "source_id": "dcla-row-540", "reason": "Design-related name in DCLA Museum discipline", "nta_code": "MN0201", "neighborhood": "SoHo-Little Italy-Hudson Square", "borough": "Manhattan"}}, {"type": "Feature", "geometry": {"type": "Point", "coordinates": [-73.9916144, 40.7152082]}, "properties": {"name": "Chinatown Soup", "category": "experience", "website": "https://chinatownsoup.nyc", "address": "16B Orchard Street", "source": "OpenStreetMap", "source_id": "node/6409636462", "reason": "Design-related museum or gallery", "nta_code": "MN0301", "neighborhood": "Chinatown-Two Bridges", "borough": "Manhattan"}}, {"type": "Feature", "geometry": {"type": "Point", "coordinates": [-73.9523429, 40.7273202]}, "properties": {"name": "Choplet Ceramic Studio & Gallery", "category": "make", "website": "https://choplet.com", "address": "121 Meserole Avenue", "source": "OpenStreetMap", "source_id": "node/13519781082", "reason": "OpenStreetMap craft/workshop tag", "nta_code": "BK0101", "neighborhood": "Greenpoint", "borough": "Brooklyn"}}, {"type": "Feature", "geometry": {"type": "Point", "coordinates": [-74.0123077, 40.6780299]}, "properties": {"name": "Civic Studio", "category": "connect", "website": "https://civiccollaborations.org", "address": "352 Van Brunt Street", "source": "OpenStreetMap", "source_id": "node/2550086544", "reason": "Design-related community or association", "nta_code": "BK0601", "neighborhood": "Carroll Gardens-Cobble Hill-Gowanus-Red Hook", "borough": "Brooklyn"}}, {"type": "Feature", "geometry": {"type": "Point", "coordinates": [-74.0023636, 40.6853822]}, "properties": {"name": "Clayworks on Columbia", "category": "experience", "website": "https://www.clayworksoncolumbia.org", "address": "", "source": "OpenStreetMap", "source_id": "node/6501091572", "reason": "OpenStreetMap arts-centre tag", "nta_code": "BK0601", "neighborhood": "Carroll Gardens-Cobble Hill-Gowanus-Red Hook", "borough": "Brooklyn"}}, {"type": "Feature", "geometry": {"type": "Point", "coordinates": [-73.9674088, 40.6931508]}, "properties": {"name": "Clinton Hill Ace Hardware", "category": "make", "website": "", "address": "452 Myrtle Avenue", "source": "OpenStreetMap", "source_id": "node/9512283423", "reason": "OpenStreetMap craft/workshop tag", "nta_code": "BK0204", "neighborhood": "Clinton Hill", "borough": "Brooklyn"}}, {"type": "Feature", "geometry": {"type": "Point", "coordinates": [-73.8800493, 40.7487124]}, "properties": {"name": "Clipping Path Arts Inc.", "category": "make", "website": "https://www.clippingpatharts.com/", "address": "3751 86th Street", "source": "OpenStreetMap", "source_id": "node/10304551038", "reason": "OpenStreetMap craft/workshop tag", "nta_code": "QN0301", "neighborhood": "Jackson Heights", "borough": "Queens"}}, {"type": "Feature", "geometry": {"type": "Point", "coordinates": [-73.967587, 40.69688]}, "properties": {"name": "Collaborative Urban Sculpture, Inc.", "category": "experience", "website": "", "address": "62 Washington Ave. #1, Brooklyn, 11205", "source": "NYC DCLA", "source_id": "dcla-row-597", "reason": "Design-related name in DCLA Visual Arts discipline", "nta_code": "BK0203", "neighborhood": "Fort Greene", "borough": "Brooklyn"}}, {"type": "Feature", "geometry": {"type": "Point", "coordinates": [-74.012761, 40.706449]}, "properties": {"name": "College Art Association of America, Inc.", "category": "experience", "website": "", "address": "50 Broadway, 21st Fl., New York, 10004", "source": "NYC DCLA", "source_id": "dcla-row-602", "reason": "Design-related name in DCLA Visual Arts discipline", "nta_code": "MN0101", "neighborhood": "Financial District-Battery Park City", "borough": "Manhattan"}}, {"type": "Feature", "geometry": {"type": "Point", "coordinates": [-73.960123, 40.760473]}, "properties": {"name": "Colonial Dames of America/Mount Vernon Hotel Museum & Garden", "category": "experience", "website": "", "address": "421 E 61st St, New York, 10022", "source": "NYC DCLA", "source_id": "dcla-row-604", "reason": "Design-related name in DCLA Museum discipline", "nta_code": "MN0801", "neighborhood": "Upper East Side-Lenox Hill-Roosevelt Island", "borough": "Manhattan"}}, {"type": "Feature", "geometry": {"type": "Point", "coordinates": [-73.9815866, 40.5743736]}, "properties": {"name": "Coney Art Walls", "category": "experience", "website": "https://www.coneyartwalls.com/", "address": "3050 Stillwell Avenue", "source": "OpenStreetMap", "source_id": "way/651794533", "reason": "Design-related museum or gallery", "nta_code": "BK1302", "neighborhood": "Coney Island-Sea Gate", "borough": "Brooklyn"}}, {"type": "Feature", "geometry": {"type": "Point", "coordinates": [-74.003046, 40.740866]}, "properties": {"name": "Contemporary Art for America, Inc.", "category": "experience", "website": "", "address": "330 West 15th Street, Suite 5D, New York, 10011", "source": "NYC DCLA", "source_id": "dcla-row-632", "reason": "Design-related name in DCLA Museum discipline", "nta_code": "MN0401", "neighborhood": "Chelsea-Hudson Yards", "borough": "Manhattan"}}, {"type": "Feature", "geometry": {"type": "Point", "coordinates": [-73.990259, 40.721976]}, "properties": {"name": "Converging Arts Media Organization", "category": "experience", "website": "", "address": "57 Stanton Street, New York, 10002", "source": "NYC DCLA", "source_id": "dcla-row-636", "reason": "Design-related name in DCLA Visual Arts discipline", "nta_code": "MN0302", "neighborhood": "Lower East Side", "borough": "Manhattan"}}, {"type": "Feature", "geometry": {"type": "Point", "coordinates": [-73.9902538, 40.7297351]}, "properties": {"name": "Cooper Union", "category": "learn", "website": "", "address": "", "source": "OpenStreetMap", "source_id": "way/1156633380", "reason": "Design-related college or university", "nta_code": "MN0303", "neighborhood": "East Village", "borough": "Manhattan"}}, {"type": "Feature", "geometry": {"type": "Point", "coordinates": [-73.9902605, 40.7285084]}, "properties": {"name": "Cooper Union - Academic Building", "category": "learn", "website": "", "address": "", "source": "OpenStreetMap", "source_id": "way/1156633381", "reason": "Design-related college or university", "nta_code": "MN0303", "neighborhood": "East Village", "borough": "Manhattan"}}, {"type": "Feature", "geometry": {"type": "Point", "coordinates": [-73.9885541, 40.7301409]}, "properties": {"name": "Cooper Union President's House", "category": "learn", "website": "https://middlestates.cooper.edu/Campus_Map_Directions.pdf", "address": "", "source": "OpenStreetMap", "source_id": "way/1156633383", "reason": "Design-related college or university", "nta_code": "MN0303", "neighborhood": "East Village", "borough": "Manhattan"}}, {"type": "Feature", "geometry": {"type": "Point", "coordinates": [-73.957866, 40.784607]}, "properties": {"name": "Cooper-Hewitt, National Design Museum", "category": "experience", "website": "", "address": "2 East 91st Street, New York, 10128", "source": "NYC DCLA", "source_id": "dcla-row-640", "reason": "Design-related name in DCLA Museum discipline", "nta_code": "MN0802", "neighborhood": "Upper East Side-Carnegie Hill", "borough": "Manhattan"}}, {"type": "Feature", "geometry": {"type": "Point", "coordinates": [-73.9577609, 40.7842886]}, "properties": {"name": "Cooper\u2013Hewitt, Smithsonian Design Museum", "category": "experience", "website": "https://www.cooperhewitt.org/", "address": "2 East 91st Street", "source": "OpenStreetMap", "source_id": "way/266926168", "reason": "Design-related museum or gallery", "nta_code": "MN0802", "neighborhood": "Upper East Side-Carnegie Hill", "borough": "Manhattan"}}, {"type": "Feature", "geometry": {"type": "Point", "coordinates": [-73.8592607, 40.7504327]}, "properties": {"name": "Corona Plumbing", "category": "make", "website": "", "address": "104-66 Roosevelt Avenue", "source": "OpenStreetMap", "source_id": "node/12038348992", "reason": "OpenStreetMap craft/workshop tag", "nta_code": "QN0402", "neighborhood": "Corona", "borough": "Queens"}}, {"type": "Feature", "geometry": {"type": "Point", "coordinates": [-73.9864907, 40.6788918]}, "properties": {"name": "Craft Society", "category": "experience", "website": "", "address": "", "source": "OpenStreetMap", "source_id": "node/12715900261", "reason": "OpenStreetMap arts-centre tag", "nta_code": "BK0601", "neighborhood": "Carroll Gardens-Cobble Hill-Gowanus-Red Hook", "borough": "Brooklyn"}}, {"type": "Feature", "geometry": {"type": "Point", "coordinates": [-73.9937019, 40.6712024]}, "properties": {"name": "Craftsman Ave", "category": "experience", "website": "https://craftsmanave.com", "address": "117B 11th Street", "source": "OpenStreetMap", "source_id": "node/2550101324", "reason": "OpenStreetMap arts-centre tag", "nta_code": "BK0601", "neighborhood": "Carroll Gardens-Cobble Hill-Gowanus-Red Hook", "borough": "Brooklyn"}}, {"type": "Feature", "geometry": {"type": "Point", "coordinates": [-74.009356, 40.709482]}, "properties": {"name": "Creative Capital Foundation", "category": "experience", "website": "", "address": "15 Maiden Lane, New York, 10038", "source": "NYC DCLA", "source_id": "dcla-row-656", "reason": "Design-related name in DCLA Visual Arts discipline", "nta_code": "MN0101", "neighborhood": "Financial District-Battery Park City", "borough": "Manhattan"}}, {"type": "Feature", "geometry": {"type": "Point", "coordinates": [-74.0299144, 40.6195018]}, "properties": {"name": "Creative Color Palette", "category": "experience", "website": "https://www.thecreativecolorpalette.com", "address": "", "source": "OpenStreetMap", "source_id": "node/10874278724", "reason": "OpenStreetMap arts-centre tag", "nta_code": "BK1001", "neighborhood": "Bay Ridge", "borough": "Brooklyn"}}, {"type": "Feature", "geometry": {"type": "Point", "coordinates": [-74.006396, 40.7488232]}, "properties": {"name": "Crossing Art", "category": "experience", "website": "https://crossingart.com", "address": "559 West 23rd Street", "source": "OpenStreetMap", "source_id": "node/10859974172", "reason": "Design-related museum or gallery", "nta_code": "MN0401", "neighborhood": "Chelsea-Hudson Yards", "borough": "Manhattan"}}, {"type": "Feature", "geometry": {"type": "Point", "coordinates": [-73.946027, 40.672292]}, "properties": {"name": "Crown Heights North Association Inc.", "category": "experience", "website": "", "address": "986 Sterling Place, New York, 11213", "source": "NYC DCLA", "source_id": "dcla-row-662", "reason": "DCLA Architecture/Design discipline", "nta_code": "BK0802", "neighborhood": "Crown Heights (North)", "borough": "Brooklyn"}}, {"type": "Feature", "geometry": {"type": "Point", "coordinates": [-73.99302, 40.744681]}, "properties": {"name": "CUE Art Foundation", "category": "experience", "website": "", "address": "137 West 25th Street, New York, 10001", "source": "NYC DCLA", "source_id": "dcla-row-669", "reason": "Design-related name in DCLA Visual Arts discipline", "nta_code": "MN0401", "neighborhood": "Chelsea-Hudson Yards", "borough": "Manhattan"}}, {"type": "Feature", "geometry": {"type": "Point", "coordinates": [-73.94593, 40.680186]}, "properties": {"name": "Cultural Museum Of African Art - The Eric Edwards Collection", "category": "experience", "website": "", "address": "1360 Fulton Street, Kings, 11216", "source": "NYC DCLA", "source_id": "dcla-row-673", "reason": "Design-related name in DCLA Museum discipline", "nta_code": "BK0301", "neighborhood": "Bedford-Stuyvesant (West)", "borough": "Brooklyn"}}, {"type": "Feature", "geometry": {"type": "Point", "coordinates": [-73.9543779, 40.7475943]}, "properties": {"name": "Culture Lab LIC", "category": "experience", "website": "https://www.culturelablic.org", "address": "", "source": "OpenStreetMap", "source_id": "node/11249821851", "reason": "OpenStreetMap arts-centre tag", "nta_code": "QN0201", "neighborhood": "Long Island City-Hunters Point", "borough": "Queens"}}, {"type": "Feature", "geometry": {"type": "Point", "coordinates": [-73.991612, 40.752289]}, "properties": {"name": "Custom Collaborative", "category": "experience", "website": "", "address": "253 West 35th Street, New York, 10001", "source": "NYC DCLA", "source_id": "dcla-row-685", "reason": "DCLA Architecture/Design discipline", "nta_code": "MN0502", "neighborhood": "Midtown-Times Square", "borough": "Manhattan"}}, {"type": "Feature", "geometry": {"type": "Point", "coordinates": [-73.9988163, 40.661618]}, "properties": {"name": "D&I Custom Architectural Metals", "category": "make", "website": "", "address": "204 24th Street", "source": "OpenStreetMap", "source_id": "way/248241136", "reason": "OpenStreetMap craft/workshop tag", "nta_code": "BK0702", "neighborhood": "Sunset Park (West)", "borough": "Brooklyn"}}, {"type": "Feature", "geometry": {"type": "Point", "coordinates": [-73.988975, 40.70251]}, "properties": {"name": "D.U.M.B.O. Arts Center, Inc.", "category": "experience", "website": "", "address": "111 Front Street, #212, Brooklyn, 11201", "source": "NYC DCLA", "source_id": "dcla-row-688", "reason": "Design-related name in DCLA Visual Arts discipline", "nta_code": "BK0202", "neighborhood": "Downtown Brooklyn-DUMBO-Boerum Hill", "borough": "Brooklyn"}}, {"type": "Feature", "geometry": {"type": "Point", "coordinates": [-74.0036348, 40.7497076]}, "properties": {"name": "Daniel Cooney Fine Art Gallery", "category": "experience", "website": "https://www.danielcooneyfineart.com", "address": "508 West 26th Street", "source": "OpenStreetMap", "source_id": "node/10861434364", "reason": "Design-related museum or gallery", "nta_code": "MN0401", "neighborhood": "Chelsea-Hudson Yards", "borough": "Manhattan"}}, {"type": "Feature", "geometry": {"type": "Point", "coordinates": [-73.9438313, 40.6923643]}, "properties": {"name": "Dave's Hardware & Lumber", "category": "make", "website": "", "address": "", "source": "OpenStreetMap", "source_id": "node/9622073534", "reason": "OpenStreetMap craft/workshop tag", "nta_code": "BK0301", "neighborhood": "Bedford-Stuyvesant (West)", "borough": "Brooklyn"}}, {"type": "Feature", "geometry": {"type": "Point", "coordinates": [-74.1541121, 40.5345646]}, "properties": {"name": "Davis Studio Photography", "category": "make", "website": "", "address": "", "source": "OpenStreetMap", "source_id": "node/10769247425", "reason": "OpenStreetMap craft/workshop tag", "nta_code": "SI0302", "neighborhood": "Great Kills-Eltingville", "borough": "Staten Island"}}, {"type": "Feature", "geometry": {"type": "Point", "coordinates": [-74.0067031, 40.6806184]}, "properties": {"name": "De-construkt", "category": "experience", "website": "https://www.de-construkt.com/", "address": "41 Seabring Street", "source": "OpenStreetMap", "source_id": "node/6681324369", "reason": "OpenStreetMap arts-centre tag", "nta_code": "BK0601", "neighborhood": "Carroll Gardens-Cobble Hill-Gowanus-Red Hook", "borough": "Brooklyn"}}, {"type": "Feature", "geometry": {"type": "Point", "coordinates": [-74.0877205, 40.5921328]}, "properties": {"name": "DEA Music & Art", "category": "experience", "website": "", "address": "", "source": "OpenStreetMap", "source_id": "node/12677264739", "reason": "OpenStreetMap arts-centre tag", "nta_code": "SI0201", "neighborhood": "Grasmere-Arrochar-South Beach-Dongan Hills", "borough": "Staten Island"}}, {"type": "Feature", "geometry": {"type": "Point", "coordinates": [-74.0225159, 40.6463199]}, "properties": {"name": "Decorus Atelier of Figurative Art", "category": "experience", "website": "https://www.decorusatelier.com", "address": "", "source": "OpenStreetMap", "source_id": "node/9773399365", "reason": "OpenStreetMap arts-centre tag", "nta_code": "BK0702", "neighborhood": "Sunset Park (West)", "borough": "Brooklyn"}}, {"type": "Feature", "geometry": {"type": "Point", "coordinates": [-74.007103, 40.717453]}, "properties": {"name": "Design Trust for Public Space, Inc.", "category": "experience", "website": "", "address": "40 Worth Street, New York, 10013", "source": "NYC DCLA", "source_id": "dcla-row-728", "reason": "DCLA Architecture/Design discipline", "nta_code": "MN0102", "neighborhood": "Tribeca-Civic Center", "borough": "Manhattan"}}, {"type": "Feature", "geometry": {"type": "Point", "coordinates": [-74.005756, 40.747495]}, "properties": {"name": "Dia Center for the Arts", "category": "experience", "website": "", "address": "535 West 22nd Street, New York, 10011", "source": "NYC DCLA", "source_id": "dcla-row-734", "reason": "Design-related name in DCLA Visual Arts discipline", "nta_code": "MN0401", "neighborhood": "Chelsea-Hudson Yards", "borough": "Manhattan"}}, {"type": "Feature", "geometry": {"type": "Point", "coordinates": [-73.9935249, 40.7540065]}, "properties": {"name": "Dieu Donne", "category": "experience", "website": "", "address": "315 West 36th Street", "source": "OpenStreetMap", "source_id": "node/3453077091", "reason": "OpenStreetMap arts-centre tag", "nta_code": "MN0401", "neighborhood": "Chelsea-Hudson Yards", "borough": "Manhattan"}}, {"type": "Feature", "geometry": {"type": "Point", "coordinates": [-73.9335461, 40.7035414]}, "properties": {"name": "Dirtbag", "category": "experience", "website": "https://www.dirtbagarthaus.com", "address": "229 Cook Street", "source": "OpenStreetMap", "source_id": "node/12977783165", "reason": "OpenStreetMap arts-centre tag", "nta_code": "BK0104", "neighborhood": "East Williamsburg", "borough": "Brooklyn"}}, {"type": "Feature", "geometry": {"type": "Point", "coordinates": [-73.9914887, 40.6911394]}, "properties": {"name": "Do it Best", "category": "make", "website": "", "address": "", "source": "OpenStreetMap", "source_id": "node/7132140601", "reason": "OpenStreetMap craft/workshop tag", "nta_code": "BK0201", "neighborhood": "Brooklyn Heights", "borough": "Brooklyn"}}, {"type": "Feature", "geometry": {"type": "Point", "coordinates": [-73.945496, 40.809488]}, "properties": {"name": "Doing Art Together, Inc.", "category": "experience", "website": "", "address": "127 w 127th St, New York, 10027", "source": "NYC DCLA", "source_id": "dcla-row-749", "reason": "Design-related name in DCLA Visual Arts discipline", "nta_code": "MN1002", "neighborhood": "Harlem (North)", "borough": "Manhattan"}}, {"type": "Feature", "geometry": {"type": "Point", "coordinates": [-73.9115191, 40.7066874]}, "properties": {"name": "Dominate All Aspects Jewelry Studio", "category": "make", "website": "https://www.etsy.com/shop/DAAJewelryStudio", "address": "481 Onderonk Avenue", "source": "OpenStreetMap", "source_id": "node/5531357842", "reason": "OpenStreetMap craft/workshop tag", "nta_code": "QN0502", "neighborhood": "Ridgewood", "borough": "Queens"}}, {"type": "Feature", "geometry": {"type": "Point", "coordinates": [-73.9496044, 40.7478608]}, "properties": {"name": "Dorsky Gallery", "category": "experience", "website": "https://dorsky.org/", "address": "11-03 45th Avenue", "source": "OpenStreetMap", "source_id": "node/4995839313", "reason": "OpenStreetMap arts-centre tag", "nta_code": "QN0201", "neighborhood": "Long Island City-Hunters Point", "borough": "Queens"}}, {"type": "Feature", "geometry": {"type": "Point", "coordinates": [-74.002753, 40.722268]}, "properties": {"name": "Drawing Center, Inc.", "category": "experience", "website": "", "address": "35 Wooster Street, New York, 10013", "source": "NYC DCLA", "source_id": "dcla-row-774", "reason": "Design-related name in DCLA Museum discipline", "nta_code": "MN0201", "neighborhood": "SoHo-Little Italy-Hudson Square", "borough": "Manhattan"}}, {"type": "Feature", "geometry": {"type": "Point", "coordinates": [-73.986587, 40.704313]}, "properties": {"name": "DUMBO District Management Association, Inc.", "category": "experience", "website": "", "address": "20 Jay St Suite 510, Brooklyn, 11201", "source": "NYC DCLA", "source_id": "dcla-row-779", "reason": "DCLA Architecture/Design discipline", "nta_code": "BK0202", "neighborhood": "Downtown Brooklyn-DUMBO-Boerum Hill", "borough": "Brooklyn"}}, {"type": "Feature", "geometry": {"type": "Point", "coordinates": [-73.9228859, 40.8673822]}, "properties": {"name": "Dyckman Farmhouse Museum", "category": "experience", "website": "https://dyckmanfarmhouse.org/", "address": "4881 Broadway", "source": "OpenStreetMap", "source_id": "node/1549441335", "reason": "Design-related museum or gallery", "nta_code": "MN1203", "neighborhood": "Inwood", "borough": "Manhattan"}}, {"type": "Feature", "geometry": {"type": "Point", "coordinates": [-73.92283, 40.867125]}, "properties": {"name": "Dyckman Farmhouse Museum Alliance", "category": "experience", "website": "", "address": "4881 Broadway, New York, 10034", "source": "NYC DCLA", "source_id": "dcla-row-782", "reason": "Design-related name in DCLA Museum discipline", "nta_code": "MN1203", "neighborhood": "Inwood", "borough": "Manhattan"}}, {"type": "Feature", "geometry": {"type": "Point", "coordinates": [-73.9825616, 40.6581981]}, "properties": {"name": "E & L Fashion Alterations", "category": "make", "website": "", "address": "", "source": "OpenStreetMap", "source_id": "node/6231074830", "reason": "OpenStreetMap craft/workshop tag", "nta_code": "BK0701", "neighborhood": "Windsor Terrace-South Slope", "borough": "Brooklyn"}}, {"type": "Feature", "geometry": {"type": "Point", "coordinates": [-73.9614259, 40.6947588]}, "properties": {"name": "e-flux", "category": "experience", "website": "https://www.e-flux.com", "address": "", "source": "OpenStreetMap", "source_id": "node/9834745956", "reason": "OpenStreetMap arts-centre tag", "nta_code": "BK0204", "neighborhood": "Clinton Hill", "borough": "Brooklyn"}}, {"type": "Feature", "geometry": {"type": "Point", "coordinates": [-74.016668, 40.6496235]}, "properties": {"name": "E-Wood", "category": "make", "website": "https://www.ewoodusa.com", "address": "4902A 2nd Avenue", "source": "OpenStreetMap", "source_id": "node/9775991972", "reason": "OpenStreetMap craft/workshop tag", "nta_code": "BK0702", "neighborhood": "Sunset Park (West)", "borough": "Brooklyn"}}, {"type": "Feature", "geometry": {"type": "Point", "coordinates": [-74.1290531, 40.6380491]}, "properties": {"name": "EB Pritchard Architectural Glass & Metal", "category": "make", "website": "", "address": "", "source": "OpenStreetMap", "source_id": "node/12990558309", "reason": "OpenStreetMap craft/workshop tag", "nta_code": "SI0106", "neighborhood": "Port Richmond", "borough": "Staten Island"}}, {"type": "Feature", "geometry": {"type": "Point", "coordinates": [-73.9755331, 40.7576183]}, "properties": {"name": "Eden Fine Art", "category": "experience", "website": "", "address": "437 Madison Avenue", "source": "OpenStreetMap", "source_id": "node/7768153644", "reason": "Design-related museum or gallery", "nta_code": "MN0502", "neighborhood": "Midtown-Times Square", "borough": "Manhattan"}}, {"type": "Feature", "geometry": {"type": "Point", "coordinates": [-73.9466465, 40.7870045]}, "properties": {"name": "El Barrio\u2019s Artspace PS109", "category": "experience", "website": "", "address": "215 East 99th Street", "source": "OpenStreetMap", "source_id": "way/266924333", "reason": "OpenStreetMap arts-centre tag", "nta_code": "MN1101", "neighborhood": "East Harlem (South)", "borough": "Manhattan"}}, {"type": "Feature", "geometry": {"type": "Point", "coordinates": [-73.9983549, 40.6915023]}, "properties": {"name": "Eleventh Hour Art", "category": "experience", "website": "https://www.eleventhhourart.com", "address": "", "source": "OpenStreetMap", "source_id": "node/2494069872", "reason": "Design-related museum or gallery", "nta_code": "BK0201", "neighborhood": "Brooklyn Heights", "borough": "Brooklyn"}}, {"type": "Feature", "geometry": {"type": "Point", "coordinates": [-73.992045, 40.755707]}, "properties": {"name": "Elizabeth Foundation for the Arts", "category": "experience", "website": "", "address": "323 W 39th St, New York, 10018", "source": "NYC DCLA", "source_id": "dcla-row-814", "reason": "Design-related name in DCLA Visual Arts discipline", "nta_code": "MN0402", "neighborhood": "Hell's Kitchen", "borough": "Manhattan"}}, {"type": "Feature", "geometry": {"type": "Point", "coordinates": [-74.0395257, 40.6991123]}, "properties": {"name": "Ellis Island Immigration Museum", "category": "experience", "website": "https://www.nps.gov/elis/index.htm", "address": "", "source": "OpenStreetMap", "source_id": "way/95161971", "reason": "Design-related museum or gallery", "nta_code": "MN0191", "neighborhood": "The Battery-Governors Island-Ellis Island-Liberty Island", "borough": "Manhattan"}}, {"type": "Feature", "geometry": {"type": "Point", "coordinates": [-73.9484275, 40.7774952]}, "properties": {"name": "EM Studio", "category": "make", "website": "https://www.emstudiony.com", "address": "1668 1st Avenue", "source": "OpenStreetMap", "source_id": "way/1040402372", "reason": "OpenStreetMap craft/workshop tag", "nta_code": "MN0803", "neighborhood": "Upper East Side-Yorkville", "borough": "Manhattan"}}, {"type": "Feature", "geometry": {"type": "Point", "coordinates": [-74.137802, 40.6116277]}, "properties": {"name": "Emily Kaser Photography", "category": "make", "website": "", "address": "", "source": "OpenStreetMap", "source_id": "node/13072901966", "reason": "OpenStreetMap craft/workshop tag", "nta_code": "SI0105", "neighborhood": "Westerleigh-Castleton Corners", "borough": "Staten Island"}}, {"type": "Feature", "geometry": {"type": "Point", "coordinates": [-73.9575, 40.6494444]}, "properties": {"name": "Erasmus Hall Museum", "category": "experience", "website": "https://6tocelebrate.org/site/erasmus-hall-museum-erasmus-hall-high-school/", "address": "", "source": "OpenStreetMap", "source_id": "node/368061667", "reason": "Design-related museum or gallery", "nta_code": "BK1701", "neighborhood": "East Flatbush-Erasmus", "borough": "Brooklyn"}}, {"type": "Feature", "geometry": {"type": "Point", "coordinates": [-73.9207813, 40.7077514]}, "properties": {"name": "Excalibur Bronze Sculpture Foundry", "category": "make", "website": "https://exnyfoundry.com/", "address": "309 Starr Street", "source": "OpenStreetMap", "source_id": "node/5633535325", "reason": "OpenStreetMap craft/workshop tag", "nta_code": "BK0401", "neighborhood": "Bushwick (West)", "borough": "Brooklyn"}}, {"type": "Feature", "geometry": {"type": "Point", "coordinates": [-73.999718, 40.6558266]}, "properties": {"name": "Excalibur Bronze Studio", "category": "make", "website": "https://exnyfoundry.com", "address": "218 31st Street", "source": "OpenStreetMap", "source_id": "way/249621942", "reason": "OpenStreetMap craft/workshop tag", "nta_code": "BK0702", "neighborhood": "Sunset Park (West)", "borough": "Brooklyn"}}, {"type": "Feature", "geometry": {"type": "Point", "coordinates": [-73.9349344, 40.7033113]}, "properties": {"name": "Eyebeam", "category": "experience", "website": "https://eyebeam.org/", "address": "199 Cook Street", "source": "OpenStreetMap", "source_id": "node/5804360682", "reason": "OpenStreetMap arts-centre tag", "nta_code": "BK0104", "neighborhood": "East Williamsburg", "borough": "Brooklyn"}}, {"type": "Feature", "geometry": {"type": "Point", "coordinates": [-73.9446254, 40.8188292]}, "properties": {"name": "Faction Art Projects", "category": "experience", "website": "https://factionartprojects.com/", "address": "2602 Frederick Douglass Boulevard", "source": "OpenStreetMap", "source_id": "node/6511898056", "reason": "Design-related museum or gallery", "nta_code": "MN1002", "neighborhood": "Harlem (North)", "borough": "Manhattan"}}, {"type": "Feature", "geometry": {"type": "Point", "coordinates": [-73.994979, 40.7472091]}, "properties": {"name": "Fashion Institute of Technology", "category": "learn", "website": "https://www.fitnyc.edu", "address": "", "source": "OpenStreetMap", "source_id": "way/108159980", "reason": "Design-related college or university", "nta_code": "MN0501", "neighborhood": "Midtown South-Flatiron-Union Square", "borough": "Manhattan"}}, {"type": "Feature", "geometry": {"type": "Point", "coordinates": [-74.0048537, 40.6825266]}, "properties": {"name": "Fiber Content Studio", "category": "experience", "website": "", "address": "", "source": "OpenStreetMap", "source_id": "node/11519485270", "reason": "OpenStreetMap arts-centre tag", "nta_code": "BK0601", "neighborhood": "Carroll Gardens-Cobble Hill-Gowanus-Red Hook", "borough": "Brooklyn"}}, {"type": "Feature", "geometry": {"type": "Point", "coordinates": [-73.986681, 40.702763]}, "properties": {"name": "Finnish Cultural Institute in New York", "category": "experience", "website": "", "address": "68 Jay Street, Suite 235, Brooklyn, 11201", "source": "NYC DCLA", "source_id": "dcla-row-893", "reason": "DCLA Architecture/Design discipline", "nta_code": "BK0202", "neighborhood": "Downtown Brooklyn-DUMBO-Boerum Hill", "borough": "Brooklyn"}}, {"type": "Feature", "geometry": {"type": "Point", "coordinates": [-73.9916614, 40.7149501]}, "properties": {"name": "First Technology", "category": "make", "website": "https://chinatowniphonerepairnewyork.com/", "address": "51A Canal Street", "source": "OpenStreetMap", "source_id": "node/5401946313", "reason": "OpenStreetMap craft/workshop tag", "nta_code": "MN0301", "neighborhood": "Chinatown-Two Bridges", "borough": "Manhattan"}}, {"type": "Feature", "geometry": {"type": "Point", "coordinates": [-73.960762, 40.6596875]}, "properties": {"name": "Flat Hardware", "category": "make", "website": "", "address": "", "source": "OpenStreetMap", "source_id": "node/10247709071", "reason": "OpenStreetMap craft/workshop tag", "nta_code": "BK0902", "neighborhood": "Prospect Lefferts Gardens-Wingate", "borough": "Brooklyn"}}, {"type": "Feature", "geometry": {"type": "Point", "coordinates": [-73.8300709, 40.7639046]}, "properties": {"name": "Flushing Town Hall", "category": "experience", "website": "https://www.flushingtownhall.org/", "address": "137-35 Northern Boulevard", "source": "OpenStreetMap", "source_id": "way/284620855", "reason": "OpenStreetMap arts-centre tag", "nta_code": "QN0707", "neighborhood": "Flushing-Willets Point", "borough": "Queens"}}, {"type": "Feature", "geometry": {"type": "Point", "coordinates": [-74.0581688, 40.6041124]}, "properties": {"name": "Fort Wadsworth Visitor's Center and Museum", "category": "experience", "website": "", "address": "207 New York Avenue", "source": "OpenStreetMap", "source_id": "way/241850436", "reason": "Design-related museum or gallery", "nta_code": "SI9561", "neighborhood": "Fort Wadsworth", "borough": "Staten Island"}}, {"type": "Feature", "geometry": {"type": "Point", "coordinates": [-74.002482, 40.71871]}, "properties": {"name": "Forum for Urban Design, Inc.", "category": "experience", "website": "", "address": "401 Broadway, New York, 10013", "source": "NYC DCLA", "source_id": "dcla-row-924", "reason": "DCLA Architecture/Design discipline", "nta_code": "MN0102", "neighborhood": "Tribeca-Civic Center", "borough": "Manhattan"}}, {"type": "Feature", "geometry": {"type": "Point", "coordinates": [-73.988673, 40.697545]}, "properties": {"name": "Four Borough Neighborhood Preservation Alliance Foundation", "category": "experience", "website": "", "address": "215 Adams Street, #12H, Brooklyn, 11201", "source": "NYC DCLA", "source_id": "dcla-row-937", "reason": "DCLA Architecture/Design discipline", "nta_code": "BK0202", "neighborhood": "Downtown Brooklyn-DUMBO-Boerum Hill", "borough": "Brooklyn"}}, {"type": "Feature", "geometry": {"type": "Point", "coordinates": [-74.011354, 40.703387]}, "properties": {"name": "Fraunces Tavern Museum", "category": "experience", "website": "https://www.frauncestavernmuseum.org/", "address": "54 Pearl Street", "source": "OpenStreetMap", "source_id": "node/368052081", "reason": "Design-related museum or gallery", "nta_code": "MN0101", "neighborhood": "Financial District-Battery Park City", "borough": "Manhattan"}}, {"type": "Feature", "geometry": {"type": "Point", "coordinates": [-74.0932514, 40.5722411]}, "properties": {"name": "Freedom Dabka Group", "category": "experience", "website": "", "address": "", "source": "OpenStreetMap", "source_id": "node/13128333693", "reason": "OpenStreetMap arts-centre tag", "nta_code": "SI0202", "neighborhood": "New Dorp-Midland Beach", "borough": "Staten Island"}}, {"type": "Feature", "geometry": {"type": "Point", "coordinates": [-73.9842783, 40.7740811]}, "properties": {"name": "Frieda and Roy Furman Gallery", "category": "experience", "website": "", "address": "165 West 65th Street", "source": "OpenStreetMap", "source_id": "node/13036463545", "reason": "Design-related museum or gallery", "nta_code": "MN0701", "neighborhood": "Upper West Side-Lincoln Square", "borough": "Manhattan"}}, {"type": "Feature", "geometry": {"type": "Point", "coordinates": [-73.988753, 40.690782]}, "properties": {"name": "Friends of the New York Transit Museum", "category": "experience", "website": "", "address": "130 Livingston Street, 10th Floor, Brooklyn, 11201", "source": "NYC DCLA", "source_id": "dcla-row-961", "reason": "Design-related name in DCLA Museum discipline", "nta_code": "BK0202", "neighborhood": "Downtown Brooklyn-DUMBO-Boerum Hill", "borough": "Brooklyn"}}, {"type": "Feature", "geometry": {"type": "Point", "coordinates": [-73.962966, 40.769397]}, "properties": {"name": "Friends of the Upper East Side Historic Districts", "category": "experience", "website": "", "address": "966 Lexington Ave, New York, 10021", "source": "NYC DCLA", "source_id": "dcla-row-963", "reason": "DCLA Architecture/Design discipline", "nta_code": "MN0802", "neighborhood": "Upper East Side-Carnegie Hill", "borough": "Manhattan"}}, {"type": "Feature", "geometry": {"type": "Point", "coordinates": [-73.92385, 40.674667]}, "properties": {"name": "Fulton Art Fair, Inc.", "category": "experience", "website": "", "address": "1766 Bergen St, Brooklyn, 11233", "source": "NYC DCLA", "source_id": "dcla-row-968", "reason": "Design-related name in DCLA Visual Arts discipline", "nta_code": "BK0802", "neighborhood": "Crown Heights (North)", "borough": "Brooklyn"}}, {"type": "Feature", "geometry": {"type": "Point", "coordinates": [-73.9630447, 40.6731653]}, "properties": {"name": "G.O. Hussey Fashion Designs", "category": "make", "website": "", "address": "", "source": "OpenStreetMap", "source_id": "node/6154104343", "reason": "OpenStreetMap craft/workshop tag", "nta_code": "BK0801", "neighborhood": "Prospect Heights", "borough": "Brooklyn"}}, {"type": "Feature", "geometry": {"type": "Point", "coordinates": [-73.9616738, 40.6616885]}, "properties": {"name": "Gaia Nomaya", "category": "experience", "website": "https://www.gaianomaya.com", "address": "", "source": "OpenStreetMap", "source_id": "node/10247709069", "reason": "OpenStreetMap arts-centre tag", "nta_code": "BK0902", "neighborhood": "Prospect Lefferts Gardens-Wingate", "borough": "Brooklyn"}}, {"type": "Feature", "geometry": {"type": "Point", "coordinates": [-73.9937837, 40.6701484]}, "properties": {"name": "Gala Woodworking", "category": "make", "website": "https://www.galaww.com/", "address": "114 12th Street", "source": "OpenStreetMap", "source_id": "node/11064002908", "reason": "OpenStreetMap craft/workshop tag", "nta_code": "BK0601", "neighborhood": "Carroll Gardens-Cobble Hill-Gowanus-Red Hook", "borough": "Brooklyn"}}, {"type": "Feature", "geometry": {"type": "Point", "coordinates": [-73.94493, 40.7234078]}, "properties": {"name": "GAMBA Forest", "category": "experience", "website": "https://gambazine.com/", "address": "630 Humboldt Street", "source": "OpenStreetMap", "source_id": "node/6590113931", "reason": "OpenStreetMap arts-centre tag", "nta_code": "BK0101", "neighborhood": "Greenpoint", "borough": "Brooklyn"}}, {"type": "Feature", "geometry": {"type": "Point", "coordinates": [-73.9935227, 40.7311771]}, "properties": {"name": "Games Workshop", "category": "experience", "website": "https://www.games-workshop.com/", "address": "55 East 8th Street", "source": "OpenStreetMap", "source_id": "node/12995861405", "reason": "OpenStreetMap arts-centre tag", "nta_code": "MN0202", "neighborhood": "Greenwich Village", "borough": "Manhattan"}}, {"type": "Feature", "geometry": {"type": "Point", "coordinates": [-73.9439308, 40.7856582]}, "properties": {"name": "Garbage museum", "category": "experience", "website": "", "address": "", "source": "OpenStreetMap", "source_id": "node/4822836222", "reason": "Design-related museum or gallery", "nta_code": "MN1101", "neighborhood": "East Harlem (South)", "borough": "Manhattan"}}, {"type": "Feature", "geometry": {"type": "Point", "coordinates": [-74.0738103, 40.6151893]}, "properties": {"name": "Garibaldi-Meucci Museum", "category": "experience", "website": "http://www.garibaldimeuccimuseum.org/", "address": "", "source": "OpenStreetMap", "source_id": "way/35017727", "reason": "Design-related museum or gallery", "nta_code": "SI0103", "neighborhood": "Rosebank-Shore Acres-Park Hill", "borough": "Staten Island"}}, {"type": "Feature", "geometry": {"type": "Point", "coordinates": [-73.9927929, 40.6617547]}, "properties": {"name": "Gasworks", "category": "make", "website": "https://gasworksnyc.com", "address": "673 5th Avenue", "source": "OpenStreetMap", "source_id": "node/5821144854", "reason": "OpenStreetMap craft/workshop tag", "nta_code": "BK0702", "neighborhood": "Sunset Park (West)", "borough": "Brooklyn"}}, {"type": "Feature", "geometry": {"type": "Point", "coordinates": [-74.008036, 40.7173575]}, "properties": {"name": "Gerben Fine Art", "category": "experience", "website": "", "address": "", "source": "OpenStreetMap", "source_id": "node/11329804755", "reason": "Design-related museum or gallery", "nta_code": "MN0102", "neighborhood": "Tribeca-Civic Center", "borough": "Manhattan"}}, {"type": "Feature", "geometry": {"type": "Point", "coordinates": [-73.9764731, 40.6874391]}, "properties": {"name": "Global Vision Art Gallery", "category": "experience", "website": "", "address": "87 Fort Greene Place", "source": "OpenStreetMap", "source_id": "node/2572920441", "reason": "Design-related museum or gallery", "nta_code": "BK0203", "neighborhood": "Fort Greene", "borough": "Brooklyn"}}, {"type": "Feature", "geometry": {"type": "Point", "coordinates": [-73.9741715, 40.6863393]}, "properties": {"name": "Go Greene Hardware", "category": "make", "website": "", "address": "", "source": "OpenStreetMap", "source_id": "node/3154231940", "reason": "OpenStreetMap craft/workshop tag", "nta_code": "BK0203", "neighborhood": "Fort Greene", "borough": "Brooklyn"}}, {"type": "Feature", "geometry": {"type": "Point", "coordinates": [-73.8168948, 40.7363746]}, "properties": {"name": "Godwin-Ternbach Museum", "category": "experience", "website": "https://gtmuseum.org/", "address": "", "source": "OpenStreetMap", "source_id": "node/7237418930", "reason": "Design-related museum or gallery", "nta_code": "QN0801", "neighborhood": "Kew Gardens Hills", "borough": "Queens"}}, {"type": "Feature", "geometry": {"type": "Point", "coordinates": [-73.9585534, 40.6508855]}, "properties": {"name": "Goldteeth Fashion Remix", "category": "make", "website": "", "address": "", "source": "OpenStreetMap", "source_id": "node/10599908837", "reason": "OpenStreetMap craft/workshop tag", "nta_code": "BK1401", "neighborhood": "Flatbush", "borough": "Brooklyn"}}, {"type": "Feature", "geometry": {"type": "Point", "coordinates": [-73.987511, 40.679158]}, "properties": {"name": "Gowanus Canal Conservancy, Inc.", "category": "experience", "website": "", "address": "543 Union Street, New York, 11215", "source": "NYC DCLA", "source_id": "dcla-row-1008", "reason": "DCLA Architecture/Design discipline", "nta_code": "BK0601", "neighborhood": "Carroll Gardens-Cobble Hill-Gowanus-Red Hook", "borough": "Brooklyn"}}, {"type": "Feature", "geometry": {"type": "Point", "coordinates": [-73.9934191, 40.6734072]}, "properties": {"name": "Gowanus Creative Studios", "category": "experience", "website": "https://gowanuscreativestudios.com", "address": "", "source": "OpenStreetMap", "source_id": "way/1159044550", "reason": "OpenStreetMap arts-centre tag", "nta_code": "BK0601", "neighborhood": "Carroll Gardens-Cobble Hill-Gowanus-Red Hook", "borough": "Brooklyn"}}, {"type": "Feature", "geometry": {"type": "Point", "coordinates": [-73.9629055, 40.6881239]}, "properties": {"name": "Grand Avenue Workshop", "category": "experience", "website": "", "address": "", "source": "OpenStreetMap", "source_id": "node/2568133688", "reason": "OpenStreetMap arts-centre tag", "nta_code": "BK0204", "neighborhood": "Clinton Hill", "borough": "Brooklyn"}}, {"type": "Feature", "geometry": {"type": "Point", "coordinates": [-73.9505609, 40.7463401]}, "properties": {"name": "Grand Central Atelier", "category": "experience", "website": "", "address": "", "source": "OpenStreetMap", "source_id": "node/4995779510", "reason": "OpenStreetMap arts-centre tag", "nta_code": "QN0201", "neighborhood": "Long Island City-Hunters Point", "borough": "Queens"}}, {"type": "Feature", "geometry": {"type": "Point", "coordinates": [-74.0047823, 40.6551611]}, "properties": {"name": "Grand Kitchen Design", "category": "make", "website": "https://grand-kitchen-design-inc.business.site", "address": "164 35th Street", "source": "OpenStreetMap", "source_id": "way/249604029", "reason": "OpenStreetMap craft/workshop tag", "nta_code": "BK0702", "neighborhood": "Sunset Park (West)", "borough": "Brooklyn"}}, {"type": "Feature", "geometry": {"type": "Point", "coordinates": [-73.920186, 40.6785298]}, "properties": {"name": "Grassroots Artists MovEment, Inc.", "category": "connect", "website": "https://gamenyc.org/", "address": "1958 Fulton Street", "source": "OpenStreetMap", "source_id": "node/6164899885", "reason": "Design-related community or association", "nta_code": "BK1601", "neighborhood": "Ocean Hill", "borough": "Brooklyn"}}, {"type": "Feature", "geometry": {"type": "Point", "coordinates": [-74.0045238, 40.7321589]}, "properties": {"name": "Greenwich House Music School", "category": "experience", "website": "", "address": "46 Barrow Street", "source": "OpenStreetMap", "source_id": "way/249665940", "reason": "OpenStreetMap arts-centre tag", "nta_code": "MN0203", "neighborhood": "West Village", "borough": "Manhattan"}}, {"type": "Feature", "geometry": {"type": "Point", "coordinates": [-73.996123, 40.7299471]}, "properties": {"name": "Grey Art Gallery", "category": "experience", "website": "", "address": "", "source": "OpenStreetMap", "source_id": "node/368045910", "reason": "OpenStreetMap arts-centre tag", "nta_code": "MN0202", "neighborhood": "Greenwich Village", "borough": "Manhattan"}}, {"type": "Feature", "geometry": {"type": "Point", "coordinates": [-73.9915408, 40.7278101]}, "properties": {"name": "Grey Art Museum", "category": "experience", "website": "https://greyartgallery.nyu.edu/", "address": "18 Cooper Square", "source": "OpenStreetMap", "source_id": "node/12997486602", "reason": "Design-related museum or gallery", "nta_code": "MN0202", "neighborhood": "Greenwich Village", "borough": "Manhattan"}}, {"type": "Feature", "geometry": {"type": "Point", "coordinates": [-74.0067195, 40.74121]}, "properties": {"name": "Ground Zero Museum Workshop", "category": "experience", "website": "https://groundzeromuseumworkshop.org/", "address": "", "source": "OpenStreetMap", "source_id": "node/5166579821", "reason": "Design-related museum or gallery", "nta_code": "MN0203", "neighborhood": "West Village", "borough": "Manhattan"}}, {"type": "Feature", "geometry": {"type": "Point", "coordinates": [-73.9588842, 40.7829919]}, "properties": {"name": "Guggenheim Museum", "category": "experience", "website": "https://www.guggenheim.org/new-york", "address": "1071 5th Avenue", "source": "OpenStreetMap", "source_id": "way/170149134", "reason": "Design-related museum or gallery", "nta_code": "MN0802", "neighborhood": "Upper East Side-Carnegie Hill", "borough": "Manhattan"}}, {"type": "Feature", "geometry": {"type": "Point", "coordinates": [-73.9813713, 40.6857506]}, "properties": {"name": "Gumbo Creative Space", "category": "experience", "website": "http://gumbobrooklyn.com", "address": "", "source": "OpenStreetMap", "source_id": "node/6343579445", "reason": "OpenStreetMap arts-centre tag", "nta_code": "BK0202", "neighborhood": "Downtown Brooklyn-DUMBO-Boerum Hill", "borough": "Brooklyn"}}, {"type": "Feature", "geometry": {"type": "Point", "coordinates": [-73.9473012, 40.82136]}, "properties": {"name": "Hamilton Grange National Memorial", "category": "experience", "website": "https://www.nps.gov/hagr/index.htm", "address": "414 West 141st Street", "source": "OpenStreetMap", "source_id": "way/271885447", "reason": "Design-related museum or gallery", "nta_code": "MN0902", "neighborhood": "Manhattanville-West Harlem", "borough": "Manhattan"}}, {"type": "Feature", "geometry": {"type": "Point", "coordinates": [-74.0320508, 40.6089145]}, "properties": {"name": "Harbor Defense Museum", "category": "experience", "website": "https://www.harbordefensemuseum.com", "address": "230 Sheridan Loop", "source": "OpenStreetMap", "source_id": "way/249053508", "reason": "Design-related museum or gallery", "nta_code": "BK1061", "neighborhood": "Fort Hamilton", "borough": "Brooklyn"}}, {"type": "Feature", "geometry": {"type": "Point", "coordinates": [-74.1209013, 40.6322896]}, "properties": {"name": "Heritage Art Galleries", "category": "experience", "website": "", "address": "", "source": "OpenStreetMap", "source_id": "node/13023118448", "reason": "Design-related museum or gallery", "nta_code": "SI0106", "neighborhood": "Port Richmond", "borough": "Staten Island"}}, {"type": "Feature", "geometry": {"type": "Point", "coordinates": [-73.993937, 40.748299]}, "properties": {"name": "Historic Districts Council, Inc.", "category": "experience", "website": "", "address": "231 West 29th Street, New York, 10001", "source": "NYC DCLA", "source_id": "dcla-row-1099", "reason": "DCLA Architecture/Design discipline", "nta_code": "MN0501", "neighborhood": "Midtown South-Flatiron-Union Square", "borough": "Manhattan"}}, {"type": "Feature", "geometry": {"type": "Point", "coordinates": [-74.1459552, 40.571295]}, "properties": {"name": "Historical Museum", "category": "experience", "website": "", "address": "", "source": "OpenStreetMap", "source_id": "way/248268973", "reason": "Design-related museum or gallery", "nta_code": "SI0203", "neighborhood": "Todt Hill-Emerson Hill-Lighthouse Hill-Manor Heights", "borough": "Staten Island"}}, {"type": "Feature", "geometry": {"type": "Point", "coordinates": [-73.9955872, 40.6743998]}, "properties": {"name": "HMH Iron Design", "category": "make", "website": "https://hmhirondesign.com", "address": "37B 9th Street", "source": "OpenStreetMap", "source_id": "node/6326532957", "reason": "OpenStreetMap craft/workshop tag", "nta_code": "BK0601", "neighborhood": "Carroll Gardens-Cobble Hill-Gowanus-Red Hook", "borough": "Brooklyn"}}, {"type": "Feature", "geometry": {"type": "Point", "coordinates": [-73.9819835, 40.6583426]}, "properties": {"name": "Hootenanny", "category": "experience", "website": "https://hootenannybrooklyn.com", "address": "", "source": "OpenStreetMap", "source_id": "node/11004254517", "reason": "OpenStreetMap arts-centre tag", "nta_code": "BK0701", "neighborhood": "Windsor Terrace-South Slope", "borough": "Brooklyn"}}, {"type": "Feature", "geometry": {"type": "Point", "coordinates": [-73.9274623, 40.8175297]}, "properties": {"name": "Hostos Center for the Arts and Culture", "category": "experience", "website": "", "address": "450 Grand Concourse", "source": "OpenStreetMap", "source_id": "node/4455068893", "reason": "OpenStreetMap arts-centre tag", "nta_code": "BX0101", "neighborhood": "Mott Haven-Port Morris", "borough": "Bronx"}}, {"type": "Feature", "geometry": {"type": "Point", "coordinates": [-73.9916906, 40.7247539]}, "properties": {"name": "Howl! Happening", "category": "experience", "website": "https://www.howlarts.org", "address": "", "source": "OpenStreetMap", "source_id": "node/11760991013", "reason": "Design-related museum or gallery", "nta_code": "MN0303", "neighborhood": "East Village", "borough": "Manhattan"}}, {"type": "Feature", "geometry": {"type": "Point", "coordinates": [-73.9936793, 40.6699512]}, "properties": {"name": "Industrial Glass Laminating", "category": "make", "website": "https://www.iglaminating.net", "address": "120 12th Street", "source": "OpenStreetMap", "source_id": "way/248171216", "reason": "OpenStreetMap craft/workshop tag", "nta_code": "BK0601", "neighborhood": "Carroll Gardens-Cobble Hill-Gowanus-Red Hook", "borough": "Brooklyn"}}, {"type": "Feature", "geometry": {"type": "Point", "coordinates": [-73.983851, 40.6811818]}, "properties": {"name": "Industrial Tempered Glass", "category": "make", "website": "", "address": "170 3rd Avenue", "source": "OpenStreetMap", "source_id": "way/248156980", "reason": "OpenStreetMap craft/workshop tag", "nta_code": "BK0601", "neighborhood": "Carroll Gardens-Cobble Hill-Gowanus-Red Hook", "borough": "Brooklyn"}}, {"type": "Feature", "geometry": {"type": "Point", "coordinates": [-73.989773, 40.739109]}, "properties": {"name": "Institute for Public Architecture", "category": "experience", "website": "", "address": "900 Broadway, New York, 10003", "source": "NYC DCLA", "source_id": "dcla-row-1171", "reason": "DCLA Architecture/Design discipline", "nta_code": "MN0501", "neighborhood": "Midtown South-Flatiron-Union Square", "borough": "Manhattan"}}, {"type": "Feature", "geometry": {"type": "Point", "coordinates": [-74.002133, 40.7193369]}, "properties": {"name": "INTER IAM", "category": "experience", "website": "https://interiam.co/", "address": "415 Broadway", "source": "OpenStreetMap", "source_id": "node/12613104101", "reason": "OpenStreetMap arts-centre tag", "nta_code": "MN0102", "neighborhood": "Tribeca-Civic Center", "borough": "Manhattan"}}, {"type": "Feature", "geometry": {"type": "Point", "coordinates": [-73.9857817, 40.6704879]}, "properties": {"name": "Interference Archive", "category": "learn", "website": "https://interferencearchive.org", "address": "314 7th Street", "source": "OpenStreetMap", "source_id": "node/5939543363", "reason": "Design-related library", "nta_code": "BK0602", "neighborhood": "Park Slope", "borough": "Brooklyn"}}, {"type": "Feature", "geometry": {"type": "Point", "coordinates": [-73.9891854, 40.7182002]}, "properties": {"name": "International Center of Photography", "category": "experience", "website": "https://www.icp.org", "address": "84 Ludlow Street", "source": "OpenStreetMap", "source_id": "node/9371206934", "reason": "Design-related museum or gallery", "nta_code": "MN0302", "neighborhood": "Lower East Side", "borough": "Manhattan"}}, {"type": "Feature", "geometry": {"type": "Point", "coordinates": [-73.9347032, 40.714248]}, "properties": {"name": "International Studio & Curatorial Program", "category": "experience", "website": "https://iscp-nyc.org", "address": "1040 Metropolitan Avenue", "source": "OpenStreetMap", "source_id": "node/6343168219", "reason": "Design-related museum or gallery", "nta_code": "BK0104", "neighborhood": "East Williamsburg", "borough": "Brooklyn"}}, {"type": "Feature", "geometry": {"type": "Point", "coordinates": [-73.934803, 40.714429]}, "properties": {"name": "International Studio and Curatorial Program", "category": "experience", "website": "", "address": "1040 Metropolitan Avenue, Brooklyn, 11211", "source": "NYC DCLA", "source_id": "dcla-row-1192", "reason": "Design-related name in DCLA Visual Arts discipline", "nta_code": "BK0104", "neighborhood": "East Williamsburg", "borough": "Brooklyn"}}, {"type": "Feature", "geometry": {"type": "Point", "coordinates": [-73.9995256, 40.7645198]}, "properties": {"name": "Intrepid Museum", "category": "experience", "website": "https://www.intrepidmuseum.org/", "address": "86 West 46th Street", "source": "OpenStreetMap", "source_id": "way/265357846", "reason": "Design-related museum or gallery", "nta_code": "MN0402", "neighborhood": "Hell's Kitchen", "borough": "Manhattan"}}, {"type": "Feature", "geometry": {"type": "Point", "coordinates": [-73.991245, 40.6871816]}, "properties": {"name": "Invisible Dog Arts & Events Space", "category": "experience", "website": "https://www.theinvisibledog.org", "address": "", "source": "OpenStreetMap", "source_id": "node/3613543981", "reason": "OpenStreetMap arts-centre tag", "nta_code": "BK0202", "neighborhood": "Downtown Brooklyn-DUMBO-Boerum Hill", "borough": "Brooklyn"}}, {"type": "Feature", "geometry": {"type": "Point", "coordinates": [-73.9937765, 40.7666672]}, "properties": {"name": "Irish Arts Center", "category": "experience", "website": "", "address": "", "source": "OpenStreetMap", "source_id": "node/368045862", "reason": "OpenStreetMap arts-centre tag", "nta_code": "MN0402", "neighborhood": "Hell's Kitchen", "borough": "Manhattan"}}, {"type": "Feature", "geometry": {"type": "Point", "coordinates": [-74.0013332, 40.7182733]}, "properties": {"name": "IRL Gallery", "category": "experience", "website": "https://www.irl-nyc.com/", "address": "86 Walker Street", "source": "OpenStreetMap", "source_id": "node/12559432405", "reason": "OpenStreetMap arts-centre tag", "nta_code": "MN0102", "neighborhood": "Tribeca-Civic Center", "borough": "Manhattan"}}, {"type": "Feature", "geometry": {"type": "Point", "coordinates": [-73.937405, 40.767243]}, "properties": {"name": "Isamu Noguchi Foundation and Garden Museum", "category": "experience", "website": "", "address": "32-37 Vernon Boulevard, Long Island City, 11106", "source": "NYC DCLA", "source_id": "dcla-row-1200", "reason": "Design-related name in DCLA Museum discipline", "nta_code": "QN0105", "neighborhood": "Queensbridge-Ravenswood-Dutch Kills", "borough": "Queens"}}, {"type": "Feature", "geometry": {"type": "Point", "coordinates": [-73.997523, 40.719105]}, "properties": {"name": "Italian American Museum", "category": "experience", "website": "https://italianamericanmuseum.org/", "address": "151 Mulberry Street", "source": "OpenStreetMap", "source_id": "node/4332192139", "reason": "Design-related museum or gallery", "nta_code": "MN0201", "neighborhood": "SoHo-Little Italy-Hudson Square", "borough": "Manhattan"}}, {"type": "Feature", "geometry": {"type": "Point", "coordinates": [-73.9863455, 40.6706406]}, "properties": {"name": "J-Collabo", "category": "connect", "website": "https://www.j-collabo.org", "address": "300-302 7th Street", "source": "OpenStreetMap", "source_id": "way/629237094", "reason": "Design-related community or association", "nta_code": "BK0602", "neighborhood": "Park Slope", "borough": "Brooklyn"}}, {"type": "Feature", "geometry": {"type": "Point", "coordinates": [-73.9610769, 40.6826381]}, "properties": {"name": "Jack", "category": "experience", "website": "https://www.jackny.org", "address": "", "source": "OpenStreetMap", "source_id": "node/9962140858", "reason": "OpenStreetMap arts-centre tag", "nta_code": "BK0301", "neighborhood": "Bedford-Stuyvesant (West)", "borough": "Brooklyn"}}, {"type": "Feature", "geometry": {"type": "Point", "coordinates": [-74.0068809, 40.7231769]}, "properties": {"name": "Jackie Robinson Museum", "category": "experience", "website": "https://www.jackierobinsonmuseum.org", "address": "75 Varick Street", "source": "OpenStreetMap", "source_id": "node/9960173554", "reason": "Design-related museum or gallery", "nta_code": "MN0201", "neighborhood": "SoHo-Little Italy-Hudson Square", "borough": "Manhattan"}}, {"type": "Feature", "geometry": {"type": "Point", "coordinates": [-73.885213, 40.754645]}, "properties": {"name": "Jackson Heights Art Club, Inc.", "category": "experience", "website": "", "address": "33-50 82nd Street, Jackson Heights, NY 11372, 11372", "source": "NYC DCLA", "source_id": "dcla-row-1211", "reason": "Design-related name in DCLA Visual Arts discipline", "nta_code": "QN0301", "neighborhood": "Jackson Heights", "borough": "Queens"}}, {"type": "Feature", "geometry": {"type": "Point", "coordinates": [-74.138645, 40.576285]}, "properties": {"name": "Jacques Marchais Center of Tibetan Arts, Inc.", "category": "experience", "website": "", "address": "338 Lighthouse Avenue, Staten Island, 10306", "source": "NYC DCLA", "source_id": "dcla-row-1213", "reason": "Design-related name in DCLA Museum discipline", "nta_code": "SI0203", "neighborhood": "Todt Hill-Emerson Hill-Lighthouse Hill-Manor Heights", "borough": "Staten Island"}}, {"type": "Feature", "geometry": {"type": "Point", "coordinates": [-74.1381567, 40.5763101]}, "properties": {"name": "Jacques Marchais Museum of Tibetan Art", "category": "experience", "website": "https://www.tibetanmuseum.org/", "address": "338 Lighthouse Avenue", "source": "OpenStreetMap", "source_id": "way/246244299", "reason": "Design-related museum or gallery", "nta_code": "SI0203", "neighborhood": "Todt Hill-Emerson Hill-Lighthouse Hill-Manor Heights", "borough": "Staten Island"}}, {"type": "Feature", "geometry": {"type": "Point", "coordinates": [-73.7981728, 40.7039215]}, "properties": {"name": "Jamaica Center for Arts & Learning", "category": "experience", "website": "https://www.jcal.org", "address": "161-04 Jamaica Avenue", "source": "OpenStreetMap", "source_id": "node/368045830", "reason": "OpenStreetMap arts-centre tag", "nta_code": "QN1201", "neighborhood": "Jamaica", "borough": "Queens"}}, {"type": "Feature", "geometry": {"type": "Point", "coordinates": [-73.941736, 40.669369]}, "properties": {"name": "Jewish Children's Museum", "category": "experience", "website": "", "address": "792 Eastern Pkwy, Brooklyn, 11213", "source": "NYC DCLA", "source_id": "dcla-row-1231", "reason": "Design-related name in DCLA Museum discipline", "nta_code": "BK0901", "neighborhood": "Crown Heights (South)", "borough": "Brooklyn"}}, {"type": "Feature", "geometry": {"type": "Point", "coordinates": [-73.9419611, 40.6688925]}, "properties": {"name": "Jewish Childrens Museum", "category": "experience", "website": "https://www.jcm.museum/", "address": "792 Eastern Parkway", "source": "OpenStreetMap", "source_id": "way/250220500", "reason": "Design-related museum or gallery", "nta_code": "BK0901", "neighborhood": "Crown Heights (South)", "borough": "Brooklyn"}}, {"type": "Feature", "geometry": {"type": "Point", "coordinates": [-73.957263, 40.785298]}, "properties": {"name": "Jewish Museum", "category": "experience", "website": "", "address": "1109 Fifth Avenue, New York, 10128", "source": "NYC DCLA", "source_id": "dcla-row-1238", "reason": "Design-related name in DCLA Museum discipline", "nta_code": "MN0802", "neighborhood": "Upper East Side-Carnegie Hill", "borough": "Manhattan"}}, {"type": "Feature", "geometry": {"type": "Point", "coordinates": [-73.999405, 40.72333]}, "properties": {"name": "Judd Foundation", "category": "experience", "website": "", "address": "101 Spring Street, New York, 10012", "source": "NYC DCLA", "source_id": "dcla-row-1252", "reason": "DCLA Architecture/Design discipline", "nta_code": "MN0201", "neighborhood": "SoHo-Little Italy-Hudson Square", "borough": "Manhattan"}}, {"type": "Feature", "geometry": {"type": "Point", "coordinates": [-73.9466667, 40.7919444]}, "properties": {"name": "Julio De Burgos Latino Cultural Center", "category": "experience", "website": "", "address": "", "source": "OpenStreetMap", "source_id": "node/368045872", "reason": "OpenStreetMap arts-centre tag", "nta_code": "MN1101", "neighborhood": "East Harlem (South)", "borough": "Manhattan"}}, {"type": "Feature", "geometry": {"type": "Point", "coordinates": [-74.0001828, 40.6296888]}, "properties": {"name": "JYP Technical Inc.", "category": "make", "website": "https://www.jyptech.com/", "address": "1222 60th Street", "source": "OpenStreetMap", "source_id": "node/2943813392", "reason": "OpenStreetMap craft/workshop tag", "nta_code": "BK1202", "neighborhood": "Borough Park", "borough": "Brooklyn"}}, {"type": "Feature", "geometry": {"type": "Point", "coordinates": [-74.0068303, 40.7465678]}, "properties": {"name": "Kathryn Markel Fine Arts", "category": "experience", "website": "https://www.markelfinearts.com", "address": "529 West 20th Street", "source": "OpenStreetMap", "source_id": "node/10873196748", "reason": "Design-related museum or gallery", "nta_code": "MN0401", "neighborhood": "Chelsea-Hudson Yards", "borough": "Manhattan"}}, {"type": "Feature", "geometry": {"type": "Point", "coordinates": [-73.9829864, 40.7752527]}, "properties": {"name": "Kaufman Music Center", "category": "experience", "website": "https://www.kaufmanmusiccenter.org/", "address": "129 West 67th Street", "source": "OpenStreetMap", "source_id": "way/241826159", "reason": "OpenStreetMap arts-centre tag", "nta_code": "MN0701", "neighborhood": "Upper West Side-Lincoln Square", "borough": "Manhattan"}}, {"type": "Feature", "geometry": {"type": "Point", "coordinates": [-73.991328, 40.718466]}, "properties": {"name": "Kehila Kedosha Janina Synagogue and Museum", "category": "experience", "website": "", "address": "280 Broome Street, New York, 10002", "source": "NYC DCLA", "source_id": "dcla-row-1270", "reason": "Design-related name in DCLA Museum discipline", "nta_code": "MN0302", "neighborhood": "Lower East Side", "borough": "Manhattan"}}, {"type": "Feature", "geometry": {"type": "Point", "coordinates": [-74.0130914, 40.6770075]}, "properties": {"name": "Kentler International Drawing Space", "category": "experience", "website": "https://kentlergallery.org", "address": "", "source": "OpenStreetMap", "source_id": "node/10876530574", "reason": "Design-related museum or gallery", "nta_code": "BK0601", "neighborhood": "Carroll Gardens-Cobble Hill-Gowanus-Red Hook", "borough": "Brooklyn"}}, {"type": "Feature", "geometry": {"type": "Point", "coordinates": [-74.013177, 40.677105]}, "properties": {"name": "Kentler International Drawing Space, Inc.", "category": "experience", "website": "", "address": "353 Van Brunt St, Brooklyn, 11231", "source": "NYC DCLA", "source_id": "dcla-row-1273", "reason": "Design-related name in DCLA Visual Arts discipline", "nta_code": "BK0601", "neighborhood": "Carroll Gardens-Cobble Hill-Gowanus-Red Hook", "borough": "Brooklyn"}}, {"type": "Feature", "geometry": {"type": "Point", "coordinates": [-73.9854076, 40.6779288]}, "properties": {"name": "KF Kitchen Cabinets", "category": "make", "website": "http://kfkitchencabinets.com", "address": "259 3rd Avenue", "source": "OpenStreetMap", "source_id": "way/241860769", "reason": "OpenStreetMap craft/workshop tag", "nta_code": "BK0601", "neighborhood": "Carroll Gardens-Cobble Hill-Gowanus-Red Hook", "borough": "Brooklyn"}}, {"type": "Feature", "geometry": {"type": "Point", "coordinates": [-73.981247, 40.750131]}, "properties": {"name": "Kindred Arts", "category": "experience", "website": "", "address": "244 Madison Ave, Ste 172, Ste 172, New York, 10016", "source": "NYC DCLA", "source_id": "dcla-row-1278", "reason": "Design-related name in DCLA New Media discipline", "nta_code": "MN0502", "neighborhood": "Midtown-Times Square", "borough": "Manhattan"}}, {"type": "Feature", "geometry": {"type": "Point", "coordinates": [-73.803768, 40.7031161]}, "properties": {"name": "King Manor Museum", "category": "experience", "website": "https://www.kingmanor.org/", "address": "150-05 Jamaica Avenue", "source": "OpenStreetMap", "source_id": "way/283167850", "reason": "Design-related museum or gallery", "nta_code": "QN1201", "neighborhood": "Jamaica", "borough": "Queens"}}, {"type": "Feature", "geometry": {"type": "Point", "coordinates": [-73.9136706, 40.7152788]}, "properties": {"name": "Knockdown center", "category": "experience", "website": "https://knockdown.center/", "address": "52-19 Flushing Avenue", "source": "OpenStreetMap", "source_id": "node/4482025489", "reason": "OpenStreetMap arts-centre tag", "nta_code": "QN0501", "neighborhood": "Maspeth", "borough": "Queens"}}, {"type": "Feature", "geometry": {"type": "Point", "coordinates": [-73.9913645, 40.6855972]}, "properties": {"name": "Ko Art Studio", "category": "experience", "website": "https://www.koartstudiofoundation.com", "address": "180 Smith Street", "source": "OpenStreetMap", "source_id": "node/2549983053", "reason": "OpenStreetMap arts-centre tag", "nta_code": "BK0202", "neighborhood": "Downtown Brooklyn-DUMBO-Boerum Hill", "borough": "Brooklyn"}}, {"type": "Feature", "geometry": {"type": "Point", "coordinates": [-73.9213, 40.86781]}, "properties": {"name": "Korean Art Forum", "category": "experience", "website": "", "address": "616 W 207th St., New York City, 10034", "source": "NYC DCLA", "source_id": "dcla-row-1290", "reason": "Design-related name in DCLA Visual Arts discipline", "nta_code": "MN1203", "neighborhood": "Inwood", "borough": "Manhattan"}}, {"type": "Feature", "geometry": {"type": "Point", "coordinates": [-73.9813353, 40.7451459]}, "properties": {"name": "Korean Cultural Center NY", "category": "experience", "website": "https://www.koreanculture.org", "address": "122 East 32nd Street", "source": "OpenStreetMap", "source_id": "way/615618932", "reason": "OpenStreetMap arts-centre tag", "nta_code": "MN0603", "neighborhood": "Murray Hill-Kips Bay", "borough": "Manhattan"}}, {"type": "Feature", "geometry": {"type": "Point", "coordinates": [-73.9602652, 40.7795413]}, "properties": {"name": "Koreana Art and Antiques", "category": "experience", "website": "koreanaartandantiques.com", "address": "20 East 84th Street", "source": "OpenStreetMap", "source_id": "way/266932853", "reason": "OpenStreetMap arts-centre tag", "nta_code": "MN0802", "neighborhood": "Upper East Side-Carnegie Hill", "borough": "Manhattan"}}, {"type": "Feature", "geometry": {"type": "Point", "coordinates": [-73.9604959, 40.687423]}, "properties": {"name": "Kris Krohn Art Gallery", "category": "experience", "website": "https://kriskrohnart.com/", "address": "281 Greene Avenue", "source": "OpenStreetMap", "source_id": "node/13902133795", "reason": "Design-related museum or gallery", "nta_code": "BK0204", "neighborhood": "Clinton Hill", "borough": "Brooklyn"}}, {"type": "Feature", "geometry": {"type": "Point", "coordinates": [-73.9135886, 40.6995211]}, "properties": {"name": "Kumo Supplies", "category": "make", "website": "", "address": "343 Linden Street", "source": "OpenStreetMap", "source_id": "node/5543454348", "reason": "OpenStreetMap craft/workshop tag", "nta_code": "BK0401", "neighborhood": "Bushwick (West)", "borough": "Brooklyn"}}, {"type": "Feature", "geometry": {"type": "Point", "coordinates": [-74.0187315, 40.6476559]}, "properties": {"name": "L & T Cabinet & Granite", "category": "make", "website": "", "address": "181 53rd Street", "source": "OpenStreetMap", "source_id": "node/9773486828", "reason": "OpenStreetMap craft/workshop tag", "nta_code": "BK0702", "neighborhood": "Sunset Park (West)", "borough": "Brooklyn"}}, {"type": "Feature", "geometry": {"type": "Point", "coordinates": [-73.9784363, 40.6863335]}, "properties": {"name": "L10", "category": "experience", "website": "", "address": "10 Lafayette Avenue", "source": "OpenStreetMap", "source_id": "node/13695739583", "reason": "OpenStreetMap arts-centre tag", "nta_code": "BK0203", "neighborhood": "Fort Greene", "borough": "Brooklyn"}}, {"type": "Feature", "geometry": {"type": "Point", "coordinates": [-73.9339644, 40.7440823]}, "properties": {"name": "LaGuardia Community College Library Media Resources Center", "category": "learn", "website": "", "address": "", "source": "OpenStreetMap", "source_id": "node/11737350713", "reason": "Design-related library", "nta_code": "QN0202", "neighborhood": "Sunnyside", "borough": "Queens"}}, {"type": "Feature", "geometry": {"type": "Point", "coordinates": [-73.9341401, 40.743414]}, "properties": {"name": "LaGuardia Performing Arts Center", "category": "learn", "website": "https://lpac.nyc/", "address": "45-50 Van Dam St", "source": "OpenStreetMap", "source_id": "node/13772755109", "reason": "Design-related college or university", "nta_code": "QN0202", "neighborhood": "Sunnyside", "borough": "Queens"}}, {"type": "Feature", "geometry": {"type": "Point", "coordinates": [-73.9542756, 40.6861638]}, "properties": {"name": "Land Gallery & Studio", "category": "experience", "website": "", "address": "1101 Bedford Avenue", "source": "OpenStreetMap", "source_id": "node/9208777701", "reason": "Design-related museum or gallery", "nta_code": "BK0301", "neighborhood": "Bedford-Stuyvesant (West)", "borough": "Brooklyn"}}, {"type": "Feature", "geometry": {"type": "Point", "coordinates": [-73.979594, 40.773595]}, "properties": {"name": "Landmark West, Inc.", "category": "experience", "website": "", "address": "45 W 67th St, New York, 10023", "source": "NYC DCLA", "source_id": "dcla-row-1316", "reason": "DCLA Architecture/Design discipline", "nta_code": "MN0701", "neighborhood": "Upper West Side-Lincoln Square", "borough": "Manhattan"}}, {"type": "Feature", "geometry": {"type": "Point", "coordinates": [-73.9902216, 40.7380125]}, "properties": {"name": "Le Studio NYC", "category": "make", "website": "https://www.lestudionyc.com", "address": "873 Broadway", "source": "OpenStreetMap", "source_id": "node/2555136013", "reason": "OpenStreetMap craft/workshop tag", "nta_code": "MN0501", "neighborhood": "Midtown South-Flatiron-Union Square", "borough": "Manhattan"}}, {"type": "Feature", "geometry": {"type": "Point", "coordinates": [-73.993359, 40.6710374]}, "properties": {"name": "Lee's Kitchen Cabinet & Stone", "category": "make", "website": "", "address": "121 11th Street", "source": "OpenStreetMap", "source_id": "node/7004941397", "reason": "OpenStreetMap craft/workshop tag", "nta_code": "BK0601", "neighborhood": "Carroll Gardens-Cobble Hill-Gowanus-Red Hook", "borough": "Brooklyn"}}, {"type": "Feature", "geometry": {"type": "Point", "coordinates": [-73.89286, 40.875028]}, "properties": {"name": "Lehman College Art Gallery", "category": "experience", "website": "", "address": "250 Bedford Park Boulevard West, Bronx, 10468", "source": "NYC DCLA", "source_id": "dcla-row-1339", "reason": "Design-related name in DCLA Visual Arts discipline", "nta_code": "BX0702", "neighborhood": "Bedford Park", "borough": "Bronx"}}, {"type": "Feature", "geometry": {"type": "Point", "coordinates": [-73.9586965, 40.8172335]}, "properties": {"name": "Lenfest Center for the Arts", "category": "experience", "website": "", "address": "615 West 130th Street;West 129th Street", "source": "OpenStreetMap", "source_id": "way/664903764", "reason": "Design-related museum or gallery", "nta_code": "MN0902", "neighborhood": "Manhattanville-West Harlem", "borough": "Manhattan"}}, {"type": "Feature", "geometry": {"type": "Point", "coordinates": [-74.0030317, 40.7217683]}, "properties": {"name": "Leslie-Lohman Museum of Art", "category": "experience", "website": "https://www.leslielohman.org/", "address": "26 Wooster Street", "source": "OpenStreetMap", "source_id": "node/9136326361", "reason": "Design-related museum or gallery", "nta_code": "MN0201", "neighborhood": "SoHo-Little Italy-Hudson Square", "borough": "Manhattan"}}, {"type": "Feature", "geometry": {"type": "Point", "coordinates": [-74.003204, 40.721705]}, "properties": {"name": "Leslie-Lohman Museum of Gay and Lesbian Art", "category": "experience", "website": "", "address": "26 Wooster Street, New York, 10013", "source": "NYC DCLA", "source_id": "dcla-row-1345", "reason": "Design-related name in DCLA Museum discipline", "nta_code": "MN0201", "neighborhood": "SoHo-Little Italy-Hudson Square", "borough": "Manhattan"}}, {"type": "Feature", "geometry": {"type": "Point", "coordinates": [-73.829377, 40.7660962]}, "properties": {"name": "Lewis Howard Latimer House Museum", "category": "experience", "website": "https://historichousetrust.org/", "address": "34-41 137th Street", "source": "OpenStreetMap", "source_id": "way/284617356", "reason": "Design-related museum or gallery", "nta_code": "QN0707", "neighborhood": "Flushing-Willets Point", "borough": "Queens"}}, {"type": "Feature", "geometry": {"type": "Point", "coordinates": [-73.9783914, 40.6864615]}, "properties": {"name": "Library for Arts and Culture", "category": "learn", "website": "https://www.bklynlibrary.org/locations/library-for-arts-and-culture", "address": "10 Lafayette Avenue", "source": "OpenStreetMap", "source_id": "node/13695739584", "reason": "Design-related library", "nta_code": "BK0203", "neighborhood": "Fort Greene", "borough": "Brooklyn"}}, {"type": "Feature", "geometry": {"type": "Point", "coordinates": [-73.9419583, 40.7483656]}, "properties": {"name": "LIC Contemporary Art Gallery", "category": "experience", "website": "", "address": "", "source": "OpenStreetMap", "source_id": "node/4995839504", "reason": "OpenStreetMap arts-centre tag", "nta_code": "QN0201", "neighborhood": "Long Island City-Hunters Point", "borough": "Queens"}}, {"type": "Feature", "geometry": {"type": "Point", "coordinates": [-73.9934419, 40.6625541]}, "properties": {"name": "Lily Glass Design", "category": "make", "website": "https://www.lilyglassdesign.com", "address": "217 20th Street", "source": "OpenStreetMap", "source_id": "way/247928866", "reason": "OpenStreetMap craft/workshop tag", "nta_code": "BK0702", "neighborhood": "Sunset Park (West)", "borough": "Brooklyn"}}, {"type": "Feature", "geometry": {"type": "Point", "coordinates": [-73.9842234, 40.7726126]}, "properties": {"name": "Lincoln Center for the Performing Arts", "category": "experience", "website": "", "address": "10 Lincoln Center Plaza", "source": "OpenStreetMap", "source_id": "way/86216911", "reason": "OpenStreetMap arts-centre tag", "nta_code": "MN0701", "neighborhood": "Upper West Side-Lincoln Square", "borough": "Manhattan"}}, {"type": "Feature", "geometry": {"type": "Point", "coordinates": [-74.0059742, 40.7448683]}, "properties": {"name": "Lisson Gallery", "category": "experience", "website": "https://www.lissongallery.com", "address": "138 10th Avenue", "source": "OpenStreetMap", "source_id": "node/7679342652", "reason": "OpenStreetMap arts-centre tag", "nta_code": "MN0401", "neighborhood": "Chelsea-Hudson Yards", "borough": "Manhattan"}}, {"type": "Feature", "geometry": {"type": "Point", "coordinates": [-73.9806247, 40.6355153]}, "properties": {"name": "Living Torah Museum", "category": "experience", "website": "https://www.livingtorahmuseum.com/", "address": "1601 41st Street", "source": "OpenStreetMap", "source_id": "node/5747114437", "reason": "Design-related museum or gallery", "nta_code": "BK1202", "neighborhood": "Borough Park", "borough": "Brooklyn"}}, {"type": "Feature", "geometry": {"type": "Point", "coordinates": [-74.0167245, 40.6927949]}, "properties": {"name": "LMCC\u2019s Arts Center at Governors Island", "category": "experience", "website": "", "address": "", "source": "OpenStreetMap", "source_id": "node/4991344751", "reason": "OpenStreetMap arts-centre tag", "nta_code": "MN0191", "neighborhood": "The Battery-Governors Island-Ellis Island-Liberty Island", "borough": "Manhattan"}}, {"type": "Feature", "geometry": {"type": "Point", "coordinates": [-74.012895, 40.6775827]}, "properties": {"name": "Lofty Art Gallery", "category": "experience", "website": "", "address": "", "source": "OpenStreetMap", "source_id": "node/11230956631", "reason": "Design-related museum or gallery", "nta_code": "BK0601", "neighborhood": "Carroll Gardens-Cobble Hill-Gowanus-Red Hook", "borough": "Brooklyn"}}, {"type": "Feature", "geometry": {"type": "Point", "coordinates": [-74.0013511, 40.7182486]}, "properties": {"name": "Lomex", "category": "experience", "website": "https://www.lomex.gallery/", "address": "Walker Street", "source": "OpenStreetMap", "source_id": "node/12559442639", "reason": "OpenStreetMap arts-centre tag", "nta_code": "MN0102", "neighborhood": "Tribeca-Civic Center", "borough": "Manhattan"}}, {"type": "Feature", "geometry": {"type": "Point", "coordinates": [-73.9853038, 40.7037822]}, "properties": {"name": "Loop of the Loom", "category": "experience", "website": "https://loopoftheloom.com", "address": "", "source": "OpenStreetMap", "source_id": "node/9797307321", "reason": "OpenStreetMap arts-centre tag", "nta_code": "BK0202", "neighborhood": "Downtown Brooklyn-DUMBO-Boerum Hill", "borough": "Brooklyn"}}, {"type": "Feature", "geometry": {"type": "Point", "coordinates": [-73.8615384, 40.75457]}, "properties": {"name": "Louis Armstrong House Museum", "category": "experience", "website": "https://www.louisarmstronghouse.org", "address": "34-56 107th Street", "source": "OpenStreetMap", "source_id": "way/284714245", "reason": "Design-related museum or gallery", "nta_code": "QN0303", "neighborhood": "North Corona", "borough": "Queens"}}, {"type": "Feature", "geometry": {"type": "Point", "coordinates": [-73.8677114, 40.7418128]}, "properties": {"name": "Lover Photo Studio", "category": "make", "website": "", "address": "49-06 Junction Boulevard", "source": "OpenStreetMap", "source_id": "node/12520853135", "reason": "OpenStreetMap craft/workshop tag", "nta_code": "QN0401", "neighborhood": "Elmhurst", "borough": "Queens"}}, {"type": "Feature", "geometry": {"type": "Point", "coordinates": [-73.9900266, 40.7187837]}, "properties": {"name": "Lower East Side Tenement Museum", "category": "experience", "website": "https://www.tenement.org/", "address": "103 Orchard Street", "source": "OpenStreetMap", "source_id": "node/368061660", "reason": "Design-related museum or gallery", "nta_code": "MN0302", "neighborhood": "Lower East Side", "borough": "Manhattan"}}, {"type": "Feature", "geometry": {"type": "Point", "coordinates": [-73.9801056, 40.7461254]}, "properties": {"name": "Lucid Body House", "category": "experience", "website": "https://lucidbody.com", "address": "230 Lexington Avenue", "source": "OpenStreetMap", "source_id": "node/2709415086", "reason": "OpenStreetMap arts-centre tag", "nta_code": "MN0603", "neighborhood": "Murray Hill-Kips Bay", "borough": "Manhattan"}}, {"type": "Feature", "geometry": {"type": "Point", "coordinates": [-73.9884051, 40.7452836]}, "properties": {"name": "Mainartery Sculpture", "category": "make", "website": "https://www.mainartery.art/", "address": "1178 Broadway", "source": "OpenStreetMap", "source_id": "node/12539079815", "reason": "OpenStreetMap craft/workshop tag", "nta_code": "MN0501", "neighborhood": "Midtown South-Flatiron-Union Square", "borough": "Manhattan"}}, {"type": "Feature", "geometry": {"type": "Point", "coordinates": [-73.990487, 40.745342]}, "properties": {"name": "Manhattan Art Program, Inc.", "category": "experience", "website": "", "address": "800 6th avenue, suite 11C, New York, 10010", "source": "NYC DCLA", "source_id": "dcla-row-1427", "reason": "Design-related name in DCLA Visual Arts discipline", "nta_code": "MN0501", "neighborhood": "Midtown South-Flatiron-Union Square", "borough": "Manhattan"}}, {"type": "Feature", "geometry": {"type": "Point", "coordinates": [-73.982456, 40.7696586]}, "properties": {"name": "Manhattan Library", "category": "learn", "website": "https://www.nyit.edu/library/manhattan", "address": "1855 Broadway", "source": "OpenStreetMap", "source_id": "node/9437235127", "reason": "Design-related library", "nta_code": "MN0701", "neighborhood": "Upper West Side-Lincoln Square", "borough": "Manhattan"}}, {"type": "Feature", "geometry": {"type": "Point", "coordinates": [-73.8963085, 40.704775]}, "properties": {"name": "Mantione Studios Photography", "category": "make", "website": "http://www.mantione.com/", "address": "68-12 Fresh Pond Road", "source": "OpenStreetMap", "source_id": "node/5410399583", "reason": "OpenStreetMap craft/workshop tag", "nta_code": "QN0502", "neighborhood": "Ridgewood", "borough": "Queens"}}, {"type": "Feature", "geometry": {"type": "Point", "coordinates": [-73.9365906, 40.6683503]}, "properties": {"name": "Marissa's Design", "category": "make", "website": "", "address": "303 Troy Avenue", "source": "OpenStreetMap", "source_id": "node/2566979960", "reason": "OpenStreetMap craft/workshop tag", "nta_code": "BK0901", "neighborhood": "Crown Heights (South)", "borough": "Brooklyn"}}, {"type": "Feature", "geometry": {"type": "Point", "coordinates": [-73.7910534, 40.8051618]}, "properties": {"name": "Maritime National Museum", "category": "experience", "website": "https://www.sunymaritime.edu/aboutpublic-programsmaritime-industry-museum/about-maritime-museum", "address": "", "source": "OpenStreetMap", "source_id": "node/3940807665", "reason": "Design-related museum or gallery", "nta_code": "BX1002", "neighborhood": "Throgs Neck-Schuylerville", "borough": "Bronx"}}, {"type": "Feature", "geometry": {"type": "Point", "coordinates": [-73.934588, 40.6969323]}, "properties": {"name": "Market Hotel", "category": "experience", "website": "https://www.markethotel.org", "address": "1140 Myrtle Avenue", "source": "OpenStreetMap", "source_id": "node/6681860377", "reason": "OpenStreetMap arts-centre tag", "nta_code": "BK0401", "neighborhood": "Bushwick (West)", "borough": "Brooklyn"}}, {"type": "Feature", "geometry": {"type": "Point", "coordinates": [-73.9981287, 40.6780699]}, "properties": {"name": "Mazzone Hardware", "category": "make", "website": "https://www.acehardware.com/store-details/15710", "address": "470 Court Street", "source": "OpenStreetMap", "source_id": "node/4194083877", "reason": "OpenStreetMap craft/workshop tag", "nta_code": "BK0601", "neighborhood": "Carroll Gardens-Cobble Hill-Gowanus-Red Hook", "borough": "Brooklyn"}}, {"type": "Feature", "geometry": {"type": "Point", "coordinates": [-73.9923438, 40.7276576]}, "properties": {"name": "Merchant's House Museum", "category": "experience", "website": "https://merchantshouse.org/", "address": "29 East 4th Street", "source": "OpenStreetMap", "source_id": "way/247838607", "reason": "Design-related museum or gallery", "nta_code": "MN0202", "neighborhood": "Greenwich Village", "borough": "Manhattan"}}, {"type": "Feature", "geometry": {"type": "Point", "coordinates": [-73.9911646, 40.6726255]}, "properties": {"name": "Mercury Store", "category": "experience", "website": "https://mercurystore.com", "address": "131 8th Street", "source": "OpenStreetMap", "source_id": "way/241850719", "reason": "OpenStreetMap arts-centre tag", "nta_code": "BK0601", "neighborhood": "Carroll Gardens-Cobble Hill-Gowanus-Red Hook", "borough": "Brooklyn"}}, {"type": "Feature", "geometry": {"type": "Point", "coordinates": [-73.992287, 40.6691899]}, "properties": {"name": "Meredith Zinner Photography", "category": "make", "website": "https://meredith-zinner-photography.com/", "address": "157 13th Street", "source": "OpenStreetMap", "source_id": "node/10834368765", "reason": "OpenStreetMap craft/workshop tag", "nta_code": "BK0601", "neighborhood": "Carroll Gardens-Cobble Hill-Gowanus-Red Hook", "borough": "Brooklyn"}}, {"type": "Feature", "geometry": {"type": "Point", "coordinates": [-74.1363367, 40.6334023]}, "properties": {"name": "Merlino Photo Studio", "category": "make", "website": "", "address": "", "source": "OpenStreetMap", "source_id": "node/12988608476", "reason": "OpenStreetMap craft/workshop tag", "nta_code": "SI0106", "neighborhood": "Port Richmond", "borough": "Staten Island"}}, {"type": "Feature", "geometry": {"type": "Point", "coordinates": [-73.9610395, 40.6796843]}, "properties": {"name": "Metro Craft", "category": "experience", "website": "https://metrocraft.nyc", "address": "", "source": "OpenStreetMap", "source_id": "node/12608602579", "reason": "OpenStreetMap arts-centre tag", "nta_code": "BK0802", "neighborhood": "Crown Heights (North)", "borough": "Brooklyn"}}, {"type": "Feature", "geometry": {"type": "Point", "coordinates": [-73.9551746, 40.7728676]}, "properties": {"name": "Metropolitan Graphic Art Gallery", "category": "experience", "website": "https://mgagallery.com", "address": "1504 2nd Avenue", "source": "OpenStreetMap", "source_id": "node/12150623970", "reason": "Design-related museum or gallery", "nta_code": "MN0801", "neighborhood": "Upper East Side-Lenox Hill-Roosevelt Island", "borough": "Manhattan"}}, {"type": "Feature", "geometry": {"type": "Point", "coordinates": [-73.962546, 40.778633]}, "properties": {"name": "Metropolitan Museum of Art", "category": "experience", "website": "", "address": "1000 Fifth Avenue, New York, 10028", "source": "NYC DCLA", "source_id": "dcla-row-1472", "reason": "Design-related name in DCLA Visual Arts discipline", "nta_code": "MN6491", "neighborhood": "Central Park", "borough": "Manhattan"}}, {"type": "Feature", "geometry": {"type": "Point", "coordinates": [-73.965721, 40.7700521]}, "properties": {"name": "Michael Altman Fine Art", "category": "experience", "website": "https://mnafineart.com/", "address": "38 East 70th Street", "source": "OpenStreetMap", "source_id": "node/4798493527", "reason": "Design-related museum or gallery", "nta_code": "MN0802", "neighborhood": "Upper East Side-Carnegie Hill", "borough": "Manhattan"}}, {"type": "Feature", "geometry": {"type": "Point", "coordinates": [-74.0077206, 40.7461924]}, "properties": {"name": "Michael Rosenfield Art", "category": "experience", "website": "https://michaelrosenfeldart.com", "address": "100 11th Avenue", "source": "OpenStreetMap", "source_id": "node/10873303787", "reason": "Design-related museum or gallery", "nta_code": "MN0401", "neighborhood": "Chelsea-Hudson Yards", "borough": "Manhattan"}}, {"type": "Feature", "geometry": {"type": "Point", "coordinates": [-74.0095721, 40.7361444]}, "properties": {"name": "Michelson Studio", "category": "make", "website": "http://michelsonstudio.com/", "address": "163 Bank Street", "source": "OpenStreetMap", "source_id": "node/6122361485", "reason": "OpenStreetMap craft/workshop tag", "nta_code": "MN0203", "neighborhood": "West Village", "borough": "Manhattan"}}, {"type": "Feature", "geometry": {"type": "Point", "coordinates": [-73.9242333, 40.6999878]}, "properties": {"name": "Millennium Film Workshop", "category": "experience", "website": "https://www.millenniumfilm.org/", "address": "167 Wilson Avenue", "source": "OpenStreetMap", "source_id": "node/12832587001", "reason": "OpenStreetMap arts-centre tag", "nta_code": "BK0401", "neighborhood": "Bushwick (West)", "borough": "Brooklyn"}}, {"type": "Feature", "geometry": {"type": "Point", "coordinates": [-73.7427744, 40.6767251]}, "properties": {"name": "Miracle Studio", "category": "make", "website": "", "address": "", "source": "OpenStreetMap", "source_id": "node/12387145592", "reason": "OpenStreetMap craft/workshop tag", "nta_code": "QN1305", "neighborhood": "Laurelton", "borough": "Queens"}}, {"type": "Feature", "geometry": {"type": "Point", "coordinates": [-73.9586445, 40.8172422]}, "properties": {"name": "Miriam and Ira D. Wallach Art Gallery", "category": "experience", "website": "https://wallach.columbia.edu/", "address": "615 West 129th Street", "source": "OpenStreetMap", "source_id": "node/5813555226", "reason": "Design-related museum or gallery", "nta_code": "MN0902", "neighborhood": "Manhattanville-West Harlem", "borough": "Manhattan"}}, {"type": "Feature", "geometry": {"type": "Point", "coordinates": [-74.0044964, 40.7501321]}, "properties": {"name": "Mitchell-Innes & Nash Art Gallery", "category": "experience", "website": "https://www.miandn.com", "address": "534 West 26th Street", "source": "OpenStreetMap", "source_id": "node/10859974139", "reason": "Design-related museum or gallery", "nta_code": "MN0401", "neighborhood": "Chelsea-Hudson Yards", "borough": "Manhattan"}}, {"type": "Feature", "geometry": {"type": "Point", "coordinates": [-73.9916285, 40.7156258]}, "properties": {"name": "ML Graphic & Printing", "category": "make", "website": "", "address": "", "source": "OpenStreetMap", "source_id": "node/11523643184", "reason": "OpenStreetMap craft/workshop tag", "nta_code": "MN0301", "neighborhood": "Chinatown-Two Bridges", "borough": "Manhattan"}}, {"type": "Feature", "geometry": {"type": "Point", "coordinates": [-73.9785143, 40.6863854]}, "properties": {"name": "MoCADA  Culture Lab II", "category": "experience", "website": "https://mocada.org", "address": "10 Lafayette Avenue", "source": "OpenStreetMap", "source_id": "node/13695739587", "reason": "Design-related museum or gallery", "nta_code": "BK0203", "neighborhood": "Fort Greene", "borough": "Brooklyn"}}, {"type": "Feature", "geometry": {"type": "Point", "coordinates": [-73.9474943, 40.7455513]}, "properties": {"name": "MoMA PS1", "category": "experience", "website": "https://momaps1.org/", "address": "", "source": "OpenStreetMap", "source_id": "way/370574294", "reason": "OpenStreetMap arts-centre tag", "nta_code": "QN0201", "neighborhood": "Long Island City-Hunters Point", "borough": "Queens"}}, {"type": "Feature", "geometry": {"type": "Point", "coordinates": [-73.893465, 40.681958]}, "properties": {"name": "Momenta Art, Inc.", "category": "experience", "website": "", "address": "220 Highland Boulevard, 3-0, Brooklyn, 11207", "source": "NYC DCLA", "source_id": "dcla-row-1496", "reason": "Design-related name in DCLA Visual Arts discipline", "nta_code": "BK0501", "neighborhood": "Cypress Hills", "borough": "Brooklyn"}}, {"type": "Feature", "geometry": {"type": "Point", "coordinates": [-74.0044236, 40.7512504]}, "properties": {"name": "Montserrat Contemporary Art", "category": "experience", "website": "https://montserrat.us", "address": "547 West 27th Street", "source": "OpenStreetMap", "source_id": "node/10860703824", "reason": "Design-related museum or gallery", "nta_code": "MN0401", "neighborhood": "Chelsea-Hudson Yards", "borough": "Manhattan"}}, {"type": "Feature", "geometry": {"type": "Point", "coordinates": [-73.9984234, 40.7332901]}, "properties": {"name": "Moshava Art", "category": "experience", "website": "", "address": "", "source": "OpenStreetMap", "source_id": "node/10717839795", "reason": "Design-related museum or gallery", "nta_code": "MN0202", "neighborhood": "Greenwich Village", "borough": "Manhattan"}}, {"type": "Feature", "geometry": {"type": "Point", "coordinates": [-73.9597128, 40.7605217]}, "properties": {"name": "Mount Vernon Hotel Museum", "category": "experience", "website": "https://mvhm.org/", "address": "421 East 61st Street", "source": "OpenStreetMap", "source_id": "way/266199252", "reason": "Design-related museum or gallery", "nta_code": "MN0801", "neighborhood": "Upper East Side-Lenox Hill-Roosevelt Island", "borough": "Manhattan"}}, {"type": "Feature", "geometry": {"type": "Point", "coordinates": [-73.9695564, 40.643679]}, "properties": {"name": "Mouse Ceramic Studio", "category": "make", "website": "https://www.mouseceramicstudio.com", "address": "1012 Beverley Road", "source": "OpenStreetMap", "source_id": "node/6044324735", "reason": "OpenStreetMap craft/workshop tag", "nta_code": "BK1402", "neighborhood": "Flatbush (West)-Ditmas Park-Parkville", "borough": "Brooklyn"}}, {"type": "Feature", "geometry": {"type": "Point", "coordinates": [-74.011113, 40.708486]}, "properties": {"name": "Municipal Art Society of New York", "category": "experience", "website": "", "address": "111 Broadway, New York, 10006", "source": "NYC DCLA", "source_id": "dcla-row-1515", "reason": "DCLA Architecture/Design discipline", "nta_code": "MN0101", "neighborhood": "Financial District-Battery Park City", "borough": "Manhattan"}}, {"type": "Feature", "geometry": {"type": "Point", "coordinates": [-73.993461, 40.7147291]}, "properties": {"name": "Museum at Eldridge Street", "category": "experience", "website": "https://www.eldridgestreet.org/", "address": "12 Eldridge Street", "source": "OpenStreetMap", "source_id": "way/250267911", "reason": "Design-related museum or gallery", "nta_code": "MN0301", "neighborhood": "Chinatown-Two Bridges", "borough": "Manhattan"}}, {"type": "Feature", "geometry": {"type": "Point", "coordinates": [-73.949614, 40.796304]}, "properties": {"name": "Museum for African Art", "category": "experience", "website": "", "address": "1280 Fifth Ave, New York, 10029", "source": "NYC DCLA", "source_id": "dcla-row-1518", "reason": "Design-related name in DCLA Museum discipline", "nta_code": "MN1101", "neighborhood": "East Harlem (South)", "borough": "Manhattan"}}, {"type": "Feature", "geometry": {"type": "Point", "coordinates": [-73.947524, 40.808644]}, "properties": {"name": "Museum of African American Cinema, Inc.", "category": "experience", "website": "", "address": "163 West 125th Street, Suite 903, New York, 10027", "source": "NYC DCLA", "source_id": "dcla-row-1520", "reason": "Design-related name in DCLA Museum discipline", "nta_code": "MN1001", "neighborhood": "Harlem (South)", "borough": "Manhattan"}}, {"type": "Feature", "geometry": {"type": "Point", "coordinates": [-73.9977778, 40.725]}, "properties": {"name": "Museum of African Art", "category": "experience", "website": "", "address": "", "source": "OpenStreetMap", "source_id": "node/368061657", "reason": "Design-related museum or gallery", "nta_code": "MN0201", "neighborhood": "SoHo-Little Italy-Hudson Square", "borough": "Manhattan"}}, {"type": "Feature", "geometry": {"type": "Point", "coordinates": [-74.009396, 40.706331]}, "properties": {"name": "Museum of American Finance", "category": "experience", "website": "", "address": "48 Wall Street, New York, 10005", "source": "NYC DCLA", "source_id": "dcla-row-1521", "reason": "Design-related name in DCLA Museum discipline", "nta_code": "MN0101", "neighborhood": "Financial District-Battery Park City", "borough": "Manhattan"}}, {"type": "Feature", "geometry": {"type": "Point", "coordinates": [-73.981957, 40.7677]}, "properties": {"name": "Museum of Arts & Design", "category": "experience", "website": "", "address": "2 Columbus Cir, New York, 10019", "source": "NYC DCLA", "source_id": "dcla-row-1522", "reason": "Design-related name in DCLA Museum discipline", "nta_code": "MN0502", "neighborhood": "Midtown-Times Square", "borough": "Manhattan"}}, {"type": "Feature", "geometry": {"type": "Point", "coordinates": [-73.9820053, 40.7673824]}, "properties": {"name": "Museum of Arts and Design", "category": "experience", "website": "https://www.madmuseum.org/", "address": "2 Columbus Circle", "source": "OpenStreetMap", "source_id": "way/109269297", "reason": "Design-related museum or gallery", "nta_code": "MN0502", "neighborhood": "Midtown-Times Square", "borough": "Manhattan"}}, {"type": "Feature", "geometry": {"type": "Point", "coordinates": [-73.982137, 40.769995]}, "properties": {"name": "Museum of Biblical Art", "category": "experience", "website": "", "address": "1865 Broadway, New York, 10023", "source": "NYC DCLA", "source_id": "dcla-row-1523", "reason": "Design-related name in DCLA Museum discipline", "nta_code": "MN0701", "neighborhood": "Upper West Side-Lincoln Square", "borough": "Manhattan"}}, {"type": "Feature", "geometry": {"type": "Point", "coordinates": [-73.9843375, 40.7575933]}, "properties": {"name": "Museum of Broadway", "category": "experience", "website": "", "address": "", "source": "OpenStreetMap", "source_id": "node/12917522000", "reason": "Design-related museum or gallery", "nta_code": "MN0502", "neighborhood": "Midtown-Times Square", "borough": "Manhattan"}}, {"type": "Feature", "geometry": {"type": "Point", "coordinates": [-73.8794314, 40.8773797]}, "properties": {"name": "Museum of Bronx History", "category": "experience", "website": "https://bronxhistoricalsociety.org/museum-of-bronx-history/", "address": "3266 Bainbridge Avenue", "source": "OpenStreetMap", "source_id": "way/276408644", "reason": "Design-related museum or gallery", "nta_code": "BX0703", "neighborhood": "Norwood", "borough": "Bronx"}}, {"type": "Feature", "geometry": {"type": "Point", "coordinates": [-73.9991571, 40.7194554]}, "properties": {"name": "Museum of Chinese in America", "category": "experience", "website": "https://www.mocanyc.org", "address": "215 Centre Street", "source": "OpenStreetMap", "source_id": "way/1233699772", "reason": "Design-related museum or gallery", "nta_code": "MN0201", "neighborhood": "SoHo-Little Italy-Hudson Square", "borough": "Manhattan"}}, {"type": "Feature", "geometry": {"type": "Point", "coordinates": [-73.998867, 40.719383]}, "properties": {"name": "Museum of Chinese in the Americas", "category": "experience", "website": "", "address": "215 Centre St, New York, 10013", "source": "NYC DCLA", "source_id": "dcla-row-1524", "reason": "Design-related name in DCLA Museum discipline", "nta_code": "MN0201", "neighborhood": "SoHo-Little Italy-Hudson Square", "borough": "Manhattan"}}, {"type": "Feature", "geometry": {"type": "Point", "coordinates": [-73.997157, 40.72496]}, "properties": {"name": "Museum of Comic and Cartoon Art", "category": "experience", "website": "", "address": "594 Broadway, Ste. 401, New York, 10012", "source": "NYC DCLA", "source_id": "dcla-row-1525", "reason": "Design-related name in DCLA Museum discipline", "nta_code": "MN0201", "neighborhood": "SoHo-Little Italy-Hudson Square", "borough": "Manhattan"}}, {"type": "Feature", "geometry": {"type": "Point", "coordinates": [-73.9744276, 40.68535]}, "properties": {"name": "Museum of Contemporary African Diasporan Arts", "category": "experience", "website": "https://www.mocada.org/", "address": "80 Hanson Place", "source": "OpenStreetMap", "source_id": "node/8942168458", "reason": "Design-related museum or gallery", "nta_code": "BK0203", "neighborhood": "Fort Greene", "borough": "Brooklyn"}}, {"type": "Feature", "geometry": {"type": "Point", "coordinates": [-73.978661, 40.686754]}, "properties": {"name": "Museum of Contemporary African Diasporian Arts, Inc.", "category": "experience", "website": "", "address": "10 Lafayette Ave, Brooklyn, 11217", "source": "NYC DCLA", "source_id": "dcla-row-1526", "reason": "Design-related name in DCLA Museum discipline", "nta_code": "BK0203", "neighborhood": "Fort Greene", "borough": "Brooklyn"}}, {"type": "Feature", "geometry": {"type": "Point", "coordinates": [-73.9495538, 40.7189546]}, "properties": {"name": "Museum of Food and Drink", "category": "experience", "website": "https://www.mofad.org/", "address": "62 Bayard Street", "source": "OpenStreetMap", "source_id": "node/8873306668", "reason": "Design-related museum or gallery", "nta_code": "BK0102", "neighborhood": "Williamsburg", "borough": "Brooklyn"}}, {"type": "Feature", "geometry": {"type": "Point", "coordinates": [-73.9979181, 40.7238576]}, "properties": {"name": "Museum of Ice Cream", "category": "experience", "website": "https://www.museumoficecream.com/new-york-city", "address": "558 Broadway", "source": "OpenStreetMap", "source_id": "node/7152625885", "reason": "Design-related museum or gallery", "nta_code": "MN0201", "neighborhood": "SoHo-Little Italy-Hudson Square", "borough": "Manhattan"}}, {"type": "Feature", "geometry": {"type": "Point", "coordinates": [-74.0028554, 40.7396591]}, "properties": {"name": "Museum of Illusions", "category": "experience", "website": "https://newyork.museumofillusions.us", "address": "77 8th Avenue", "source": "OpenStreetMap", "source_id": "node/6035120505", "reason": "Design-related museum or gallery", "nta_code": "MN0203", "neighborhood": "West Village", "borough": "Manhattan"}}, {"type": "Feature", "geometry": {"type": "Point", "coordinates": [-74.0186031, 40.7060437]}, "properties": {"name": "Museum of Jewish Heritage", "category": "experience", "website": "https://mjhnyc.org/", "address": "", "source": "OpenStreetMap", "source_id": "relation/7281773", "reason": "Design-related museum or gallery", "nta_code": "MN0101", "neighborhood": "Financial District-Battery Park City", "borough": "Manhattan"}}, {"type": "Feature", "geometry": {"type": "Point", "coordinates": [-74.018001, 40.705806]}, "properties": {"name": "Museum of Jewish Heritage  A Living Memorial to the Holocaust", "category": "experience", "website": "", "address": "36 Battery Place, New York, 10280", "source": "NYC DCLA", "source_id": "dcla-row-1528", "reason": "Design-related name in DCLA Museum discipline", "nta_code": "MN0101", "neighborhood": "Financial District-Battery Park City", "borough": "Manhattan"}}, {"type": "Feature", "geometry": {"type": "Point", "coordinates": [-74.065952, 40.613825]}, "properties": {"name": "Museum of Maritime Navigation and Communication", "category": "experience", "website": "", "address": "1208 Bay Street, Staten Island, 10305", "source": "NYC DCLA", "source_id": "dcla-row-1529", "reason": "Design-related name in DCLA Museum discipline", "nta_code": "SI0103", "neighborhood": "Rosebank-Shore Acres-Park Hill", "borough": "Staten Island"}}, {"type": "Feature", "geometry": {"type": "Point", "coordinates": [-73.977201, 40.761002]}, "properties": {"name": "Museum of Modern Art", "category": "experience", "website": "", "address": "11 West 53rd Street, New York, 10019", "source": "NYC DCLA", "source_id": "dcla-row-1530", "reason": "Design-related name in DCLA Museum discipline", "nta_code": "MN0502", "neighborhood": "Midtown-Times Square", "borough": "Manhattan"}}, {"type": "Feature", "geometry": {"type": "Point", "coordinates": [-73.9778791, 40.7257313]}, "properties": {"name": "Museum of Reclaimed Urban Space", "category": "experience", "website": "https://morusnyc.org", "address": "155 Avenue C", "source": "OpenStreetMap", "source_id": "node/6481772610", "reason": "Design-related museum or gallery", "nta_code": "MN0303", "neighborhood": "East Village", "borough": "Manhattan"}}, {"type": "Feature", "geometry": {"type": "Point", "coordinates": [-73.9873576, 40.7440374]}, "properties": {"name": "Museum of Sex", "category": "experience", "website": "https://www.museumofsex.com/locations/new-york-city/", "address": "233 5th Avenue", "source": "OpenStreetMap", "source_id": "node/4224363289", "reason": "Design-related museum or gallery", "nta_code": "MN0501", "neighborhood": "Midtown South-Flatiron-Union Square", "borough": "Manhattan"}}, {"type": "Feature", "geometry": {"type": "Point", "coordinates": [-73.9519079, 40.792506]}, "properties": {"name": "Museum of the City of New York", "category": "experience", "website": "https://www.mcny.org/", "address": "1220 5th Avenue", "source": "OpenStreetMap", "source_id": "way/271220752", "reason": "Design-related museum or gallery", "nta_code": "MN1101", "neighborhood": "East Harlem (South)", "borough": "Manhattan"}}, {"type": "Feature", "geometry": {"type": "Point", "coordinates": [-73.9240069, 40.7561949]}, "properties": {"name": "Museum of the Moving Image", "category": "experience", "website": "https://movingimage.us/", "address": "35th Avenue", "source": "OpenStreetMap", "source_id": "node/368061644", "reason": "Design-related museum or gallery", "nta_code": "QN0103", "neighborhood": "Astoria (Central)", "borough": "Queens"}}, {"type": "Feature", "geometry": {"type": "Point", "coordinates": [-73.9529171, 40.6640057]}, "properties": {"name": "Museum of Women's Resistance", "category": "experience", "website": "https://www.museumofwomensresistance.org/", "address": "279 Empire Boulevard", "source": "OpenStreetMap", "source_id": "node/6582352776", "reason": "Design-related museum or gallery", "nta_code": "BK0901", "neighborhood": "Crown Heights (South)", "borough": "Brooklyn"}}, {"type": "Feature", "geometry": {"type": "Point", "coordinates": [-74.0142176, 40.6512481]}, "properties": {"name": "NARS Foundation", "category": "experience", "website": "https://www.narsfoundation.org/", "address": "201 46th Street", "source": "OpenStreetMap", "source_id": "node/3046604410", "reason": "OpenStreetMap arts-centre tag", "nta_code": "BK0702", "neighborhood": "Sunset Park (West)", "borough": "Brooklyn"}}, {"type": "Feature", "geometry": {"type": "Point", "coordinates": [-74.0035315, 40.7502469]}, "properties": {"name": "National Academy of Design", "category": "experience", "website": "https://nationalacademy.org/", "address": "519 West 26th Street", "source": "OpenStreetMap", "source_id": "node/11079626705", "reason": "Design-related museum or gallery", "nta_code": "MN0401", "neighborhood": "Chelsea-Hudson Yards", "borough": "Manhattan"}}, {"type": "Feature", "geometry": {"type": "Point", "coordinates": [-73.9866814, 40.7377541]}, "properties": {"name": "National Arts Club", "category": "connect", "website": "https://www.nacnyc.org", "address": "15 Gramercy Park South", "source": "OpenStreetMap", "source_id": "node/2562374815", "reason": "Design-related community or association", "nta_code": "MN0602", "neighborhood": "Gramercy", "borough": "Manhattan"}}, {"type": "Feature", "geometry": {"type": "Point", "coordinates": [-73.9430899, 40.8099499]}, "properties": {"name": "National Jazz Museum in Harlem", "category": "experience", "website": "https://jazzmuseuminharlem.org/", "address": "58 West 129th Street", "source": "OpenStreetMap", "source_id": "node/8270992264", "reason": "Design-related museum or gallery", "nta_code": "MN1002", "neighborhood": "Harlem (North)", "borough": "Manhattan"}}, {"type": "Feature", "geometry": {"type": "Point", "coordinates": [-74.0734107, 40.6407356]}, "properties": {"name": "National Lighthouse Museum", "category": "experience", "website": "https://lighthousemuseum.org/", "address": "200 The Promenade at Lighthouse Point", "source": "OpenStreetMap", "source_id": "way/241842788", "reason": "Design-related museum or gallery", "nta_code": "SI0101", "neighborhood": "St. George-New Brighton", "borough": "Staten Island"}}, {"type": "Feature", "geometry": {"type": "Point", "coordinates": [-73.934887, 40.794897]}, "properties": {"name": "National Museum of Catholic Art and History", "category": "experience", "website": "", "address": "443 East 115th Street, New York, 10029", "source": "NYC DCLA", "source_id": "dcla-row-1578", "reason": "Design-related name in DCLA Museum discipline", "nta_code": "MN1102", "neighborhood": "East Harlem (North)", "borough": "Manhattan"}}, {"type": "Feature", "geometry": {"type": "Point", "coordinates": [-73.9877866, 40.7435852]}, "properties": {"name": "National Museum of Mathematics", "category": "experience", "website": "https://momath.org/", "address": "225 5th Avenue", "source": "OpenStreetMap", "source_id": "node/4252536496", "reason": "Design-related museum or gallery", "nta_code": "MN0501", "neighborhood": "Midtown South-Flatiron-Union Square", "borough": "Manhattan"}}, {"type": "Feature", "geometry": {"type": "Point", "coordinates": [-74.013747, 40.704027]}, "properties": {"name": "National Museum of the American Indian", "category": "experience", "website": "https://americanindian.si.edu/", "address": "1 Bowling Green", "source": "OpenStreetMap", "source_id": "node/368061337", "reason": "Design-related museum or gallery", "nta_code": "MN0101", "neighborhood": "Financial District-Battery Park City", "borough": "Manhattan"}}, {"type": "Feature", "geometry": {"type": "Point", "coordinates": [-74.015442, 40.711425]}, "properties": {"name": "National September 11 Memorial and Museum at the World Trade Center", "category": "experience", "website": "", "address": "200 Liberty Street, New York, 10281", "source": "NYC DCLA", "source_id": "dcla-row-1583", "reason": "Design-related name in DCLA Museum discipline", "nta_code": "MN0101", "neighborhood": "Financial District-Battery Park City", "borough": "Manhattan"}}, {"type": "Feature", "geometry": {"type": "Point", "coordinates": [-74.0327561, 40.6188634]}, "properties": {"name": "Navarro's Hardware", "category": "make", "website": "", "address": "9223 3rd Avenue", "source": "OpenStreetMap", "source_id": "node/2552595929", "reason": "OpenStreetMap craft/workshop tag", "nta_code": "BK1001", "neighborhood": "Bay Ridge", "borough": "Brooklyn"}}, {"type": "Feature", "geometry": {"type": "Point", "coordinates": [-74.0179229, 40.6379896]}, "properties": {"name": "New LK Creative Sign", "category": "make", "website": "", "address": "", "source": "OpenStreetMap", "source_id": "node/10776231604", "reason": "OpenStreetMap craft/workshop tag", "nta_code": "BK0703", "neighborhood": "Sunset Park (Central)", "borough": "Brooklyn"}}, {"type": "Feature", "geometry": {"type": "Point", "coordinates": [-73.9928406, 40.7223463]}, "properties": {"name": "New Museum", "category": "experience", "website": "https://www.newmuseum.org/", "address": "235 Bowery", "source": "OpenStreetMap", "source_id": "node/13732385972", "reason": "Design-related museum or gallery", "nta_code": "MN0302", "neighborhood": "Lower East Side", "borough": "Manhattan"}}, {"type": "Feature", "geometry": {"type": "Point", "coordinates": [-73.993225, 40.722424]}, "properties": {"name": "New Museum of Contemporary Art", "category": "experience", "website": "", "address": "235 Bowery, New York, 10002", "source": "NYC DCLA", "source_id": "dcla-row-1612", "reason": "Design-related name in DCLA Museum discipline", "nta_code": "MN0302", "neighborhood": "Lower East Side", "borough": "Manhattan"}}, {"type": "Feature", "geometry": {"type": "Point", "coordinates": [-73.9869439, 40.697328]}, "properties": {"name": "New York City College of Technology", "category": "learn", "website": "https://www.citytech.cuny.edu", "address": "", "source": "OpenStreetMap", "source_id": "relation/14767202", "reason": "Design-related college or university", "nta_code": "BK0202", "neighborhood": "Downtown Brooklyn-DUMBO-Boerum Hill", "borough": "Brooklyn"}}, {"type": "Feature", "geometry": {"type": "Point", "coordinates": [-74.0069355, 40.7255756]}, "properties": {"name": "New York City Fire Museum", "category": "experience", "website": "https://www.nycfiremuseum.org/", "address": "278 Spring Street", "source": "OpenStreetMap", "source_id": "way/249664614", "reason": "Design-related museum or gallery", "nta_code": "MN0201", "neighborhood": "SoHo-Little Italy-Hudson Square", "borough": "Manhattan"}}, {"type": "Feature", "geometry": {"type": "Point", "coordinates": [-74.008039, 40.703279]}, "properties": {"name": "New York City Police Museum", "category": "experience", "website": "", "address": "100 Old Slip, New York, 10005", "source": "NYC DCLA", "source_id": "dcla-row-1648", "reason": "Design-related name in DCLA Museum discipline", "nta_code": "MN0101", "neighborhood": "Financial District-Battery Park City", "borough": "Manhattan"}}, {"type": "Feature", "geometry": {"type": "Point", "coordinates": [-73.933996, 40.713595]}, "properties": {"name": "New York City Street Photography Collective", "category": "experience", "website": "", "address": "1027 Grand Street, Brooklyn, 11211", "source": "NYC DCLA", "source_id": "dcla-row-1649", "reason": "Design-related name in DCLA Photography discipline", "nta_code": "BK0104", "neighborhood": "East Williamsburg", "borough": "Brooklyn"}}, {"type": "Feature", "geometry": {"type": "Point", "coordinates": [-74.013153, 40.7053483]}, "properties": {"name": "New York Film Academy", "category": "learn", "website": "https://www.nyfa.edu/", "address": "26 Broadway", "source": "OpenStreetMap", "source_id": "node/14044900951", "reason": "Design-related college or university", "nta_code": "MN0101", "neighborhood": "Financial District-Battery Park City", "borough": "Manhattan"}}, {"type": "Feature", "geometry": {"type": "Point", "coordinates": [-73.9829529, 40.7698384]}, "properties": {"name": "New York Institute of Technology", "category": "learn", "website": "https://www.nyit.edu/nyc/", "address": "", "source": "OpenStreetMap", "source_id": "way/1024411997", "reason": "Design-related college or university", "nta_code": "MN0701", "neighborhood": "Upper West Side-Lincoln Square", "borough": "Manhattan"}}, {"type": "Feature", "geometry": {"type": "Point", "coordinates": [-73.9847509, 40.7732287]}, "properties": {"name": "New York Public Library for the Performing Arts, Dorothy and Lewis B. Cullman Center", "category": "learn", "website": "https://www.nypl.org/locations/lpa", "address": "40 Lincoln Center Plaza", "source": "OpenStreetMap", "source_id": "node/2710204016", "reason": "Design-related library", "nta_code": "MN0701", "neighborhood": "Upper West Side-Lincoln Square", "borough": "Manhattan"}}, {"type": "Feature", "geometry": {"type": "Point", "coordinates": [-73.9624636, 40.7685642]}, "properties": {"name": "New York School of Interior Design", "category": "learn", "website": "https://www.nysid.edu", "address": "170 East 70th Street", "source": "OpenStreetMap", "source_id": "way/266879276", "reason": "Design-related college or university", "nta_code": "MN0802", "neighborhood": "Upper East Side-Carnegie Hill", "borough": "Manhattan"}}, {"type": "Feature", "geometry": {"type": "Point", "coordinates": [-73.996803, 40.732437]}, "properties": {"name": "New York Studio School", "category": "experience", "website": "", "address": "8 West 8th Street, New York, 10011", "source": "NYC DCLA", "source_id": "dcla-row-1690", "reason": "Design-related name in DCLA Visual Arts discipline", "nta_code": "MN0202", "neighborhood": "Greenwich Village", "borough": "Manhattan"}}, {"type": "Feature", "geometry": {"type": "Point", "coordinates": [-73.9972548, 40.7322674]}, "properties": {"name": "New York Studio School of Drawing, Painting and Sculpture", "category": "learn", "website": "", "address": "", "source": "OpenStreetMap", "source_id": "node/357618558", "reason": "Design-related college or university", "nta_code": "MN0202", "neighborhood": "Greenwich Village", "borough": "Manhattan"}}, {"type": "Feature", "geometry": {"type": "Point", "coordinates": [-73.9899802, 40.6905176]}, "properties": {"name": "New York Transit Museum", "category": "experience", "website": "https://www.nytransitmuseum.org", "address": "99 Schermerhorn Street", "source": "OpenStreetMap", "source_id": "node/368061648", "reason": "Design-related museum or gallery", "nta_code": "BK0201", "neighborhood": "Brooklyn Heights", "borough": "Brooklyn"}}, {"type": "Feature", "geometry": {"type": "Point", "coordinates": [-74.102099, 40.6443808]}, "properties": {"name": "Newhouse Center for Contemporary Art", "category": "experience", "website": "https://snug-harbor.org/newhousecenter/", "address": "", "source": "OpenStreetMap", "source_id": "node/424048146", "reason": "Design-related museum or gallery", "nta_code": "SI0191", "neighborhood": "Snug Harbor", "borough": "Staten Island"}}, {"type": "Feature", "geometry": {"type": "Point", "coordinates": [-73.9836119, 40.7405695]}, "properties": {"name": "Newman Library and Technology Center", "category": "learn", "website": "https://library.baruch.cuny.edu/", "address": "151 East 25th Street", "source": "OpenStreetMap", "source_id": "node/368050654", "reason": "Design-related library", "nta_code": "MN0602", "neighborhood": "Gramercy", "borough": "Manhattan"}}, {"type": "Feature", "geometry": {"type": "Point", "coordinates": [-73.9542722, 40.7195075]}, "properties": {"name": "Nice Film Club", "category": "make", "website": "https://nicefilmclub.com/", "address": "181 North 11th Street", "source": "OpenStreetMap", "source_id": "node/13644379823", "reason": "OpenStreetMap craft/workshop tag", "nta_code": "BK0102", "neighborhood": "Williamsburg", "borough": "Brooklyn"}}, {"type": "Feature", "geometry": {"type": "Point", "coordinates": [-73.9690037, 40.802929]}, "properties": {"name": "Nicholas Roerich Museum", "category": "experience", "website": "https://www.roerich.org/", "address": "319 West 107th Street", "source": "OpenStreetMap", "source_id": "way/271205008", "reason": "Design-related museum or gallery", "nta_code": "MN0703", "neighborhood": "Upper West Side-Manhattan Valley", "borough": "Manhattan"}}, {"type": "Feature", "geometry": {"type": "Point", "coordinates": [-73.969139, 40.802775]}, "properties": {"name": "Nicholas Roerich Museum, Inc.", "category": "experience", "website": "", "address": "319 West 107 Street, New York, 10025", "source": "NYC DCLA", "source_id": "dcla-row-1700", "reason": "Design-related name in DCLA Museum discipline", "nta_code": "MN0703", "neighborhood": "Upper West Side-Manhattan Valley", "borough": "Manhattan"}}, {"type": "Feature", "geometry": {"type": "Point", "coordinates": [-74.0175051, 40.6473371]}, "properties": {"name": "Nova Printing", "category": "make", "website": "https://www.novaprinting.com", "address": "226 52nd Street", "source": "OpenStreetMap", "source_id": "way/249586851", "reason": "OpenStreetMap craft/workshop tag", "nta_code": "BK0702", "neighborhood": "Sunset Park (West)", "borough": "Brooklyn"}}, {"type": "Feature", "geometry": {"type": "Point", "coordinates": [-74.0055829, 40.6787235]}, "properties": {"name": "Nu Tone Productions", "category": "make", "website": "", "address": "389 Columbia Street", "source": "OpenStreetMap", "source_id": "node/2827518406", "reason": "OpenStreetMap craft/workshop tag", "nta_code": "BK0601", "neighborhood": "Carroll Gardens-Cobble Hill-Gowanus-Red Hook", "borough": "Brooklyn"}}, {"type": "Feature", "geometry": {"type": "Point", "coordinates": [-73.9799678, 40.7422794]}, "properties": {"name": "NutHouse Hardware", "category": "make", "website": "http://www.nuthousehardware.com", "address": "202 East 29th Street", "source": "OpenStreetMap", "source_id": "node/4612207848", "reason": "OpenStreetMap craft/workshop tag", "nta_code": "MN0603", "neighborhood": "Murray Hill-Kips Bay", "borough": "Manhattan"}}, {"type": "Feature", "geometry": {"type": "Point", "coordinates": [-74.0168886, 40.6737155]}, "properties": {"name": "NY Printing & Graphics", "category": "make", "website": "https://www.nyprintinggraphics.com", "address": "481 Van Brunt Street", "source": "OpenStreetMap", "source_id": "node/10208686512", "reason": "OpenStreetMap craft/workshop tag", "nta_code": "BK0601", "neighborhood": "Carroll Gardens-Cobble Hill-Gowanus-Red Hook", "borough": "Brooklyn"}}, {"type": "Feature", "geometry": {"type": "Point", "coordinates": [-73.7805989, 40.7052393]}, "properties": {"name": "NYADI The College of Transportation Technology", "category": "learn", "website": "https://nyadi.edu/", "address": "178-18 Liberty Avenue", "source": "OpenStreetMap", "source_id": "node/13144484942", "reason": "Design-related college or university", "nta_code": "QN1202", "neighborhood": "South Jamaica", "borough": "Queens"}}, {"type": "Feature", "geometry": {"type": "Point", "coordinates": [-74.0753654, 40.6254392]}, "properties": {"name": "NYC Arts Cypher", "category": "experience", "website": "", "address": "", "source": "OpenStreetMap", "source_id": "node/13040296891", "reason": "OpenStreetMap arts-centre tag", "nta_code": "SI0102", "neighborhood": "Tompkinsville-Stapleton-Clifton-Fox Hills", "borough": "Staten Island"}}, {"type": "Feature", "geometry": {"type": "Point", "coordinates": [-73.9781357, 40.7786086]}, "properties": {"name": "NYC Barber Shop Museum", "category": "experience", "website": "https://www.nycbarbershopmuseum.com/", "address": "290 Columbus Avenue", "source": "OpenStreetMap", "source_id": "node/9505939776", "reason": "Design-related museum or gallery", "nta_code": "MN0701", "neighborhood": "Upper West Side-Lincoln Square", "borough": "Manhattan"}}, {"type": "Feature", "geometry": {"type": "Point", "coordinates": [-74.0222068, 40.6300844]}, "properties": {"name": "NYC Hardware", "category": "make", "website": "", "address": "", "source": "OpenStreetMap", "source_id": "node/10797403548", "reason": "OpenStreetMap craft/workshop tag", "nta_code": "BK1001", "neighborhood": "Bay Ridge", "borough": "Brooklyn"}}, {"type": "Feature", "geometry": {"type": "Point", "coordinates": [-73.975165, 40.749798]}, "properties": {"name": "NYCxD", "category": "experience", "website": "", "address": "630 3rd Avenue, New York, 10017", "source": "NYC DCLA", "source_id": "dcla-row-1728", "reason": "DCLA Architecture/Design discipline", "nta_code": "MN0603", "neighborhood": "Murray Hill-Kips Bay", "borough": "Manhattan"}}, {"type": "Feature", "geometry": {"type": "Point", "coordinates": [-73.9992954, 40.7216728]}, "properties": {"name": "OK Hardware", "category": "make", "website": "", "address": "", "source": "OpenStreetMap", "source_id": "node/10261382327", "reason": "OpenStreetMap craft/workshop tag", "nta_code": "MN0201", "neighborhood": "SoHo-Little Italy-Hudson Square", "borough": "Manhattan"}}, {"type": "Feature", "geometry": {"type": "Point", "coordinates": [-73.9214823, 40.7081844]}, "properties": {"name": "Oliphant Studios", "category": "experience", "website": "https://oliphantstudio.com/", "address": "449 Troutman Street", "source": "OpenStreetMap", "source_id": "node/5640413951", "reason": "OpenStreetMap arts-centre tag", "nta_code": "BK0401", "neighborhood": "Bushwick (West)", "borough": "Brooklyn"}}, {"type": "Feature", "geometry": {"type": "Point", "coordinates": [-73.9892259, 40.6623289]}, "properties": {"name": "Open Source Gallery", "category": "experience", "website": "https://open-source-gallery.org", "address": "306 17th Street", "source": "OpenStreetMap", "source_id": "way/248170819", "reason": "OpenStreetMap arts-centre tag", "nta_code": "BK0702", "neighborhood": "Sunset Park (West)", "borough": "Brooklyn"}}, {"type": "Feature", "geometry": {"type": "Point", "coordinates": [-74.005693, 40.726143]}, "properties": {"name": "openhousenewyork, Inc.", "category": "experience", "website": "", "address": "150 Varick Street, New York, 10013", "source": "NYC DCLA", "source_id": "dcla-row-1753", "reason": "DCLA Architecture/Design discipline", "nta_code": "MN0201", "neighborhood": "SoHo-Little Italy-Hudson Square", "borough": "Manhattan"}}, {"type": "Feature", "geometry": {"type": "Point", "coordinates": [-73.9252937, 40.7060306]}, "properties": {"name": "Oriental Lumber", "category": "make", "website": "http://orientallumber.com/", "address": "1154 Flushing Avenue", "source": "OpenStreetMap", "source_id": "node/5691020742", "reason": "OpenStreetMap craft/workshop tag", "nta_code": "BK0401", "neighborhood": "Bushwick (West)", "borough": "Brooklyn"}}, {"type": "Feature", "geometry": {"type": "Point", "coordinates": [-73.9881576, 40.6745916]}, "properties": {"name": "Ortega y Gasset Projects", "category": "experience", "website": "https://www.oygprojects.com", "address": "363 3rd Avenue", "source": "OpenStreetMap", "source_id": "node/5642678610", "reason": "OpenStreetMap arts-centre tag", "nta_code": "BK0601", "neighborhood": "Carroll Gardens-Cobble Hill-Gowanus-Red Hook", "borough": "Brooklyn"}}, {"type": "Feature", "geometry": {"type": "Point", "coordinates": [-73.9371828, 40.6974063]}, "properties": {"name": "Ostudio", "category": "experience", "website": "https://www.ostudiony.com/ocafe", "address": "", "source": "OpenStreetMap", "source_id": "node/10820248517", "reason": "OpenStreetMap arts-centre tag", "nta_code": "BK0302", "neighborhood": "Bedford-Stuyvesant (East)", "borough": "Brooklyn"}}, {"type": "Feature", "geometry": {"type": "Point", "coordinates": [-73.9018346, 40.6966935]}, "properties": {"name": "Outpost Artists Resources", "category": "experience", "website": "https://outpostartistsresources.org/", "address": "1665 Norman Street", "source": "OpenStreetMap", "source_id": "node/5351736874", "reason": "OpenStreetMap arts-centre tag", "nta_code": "QN0502", "neighborhood": "Ridgewood", "borough": "Queens"}}, {"type": "Feature", "geometry": {"type": "Point", "coordinates": [-73.946931, 40.745325]}, "properties": {"name": "P.S.1 Contemporary Art Center, Inc.", "category": "experience", "website": "", "address": "22-25 Jackson Avenue, Long Island City, 11101", "source": "NYC DCLA", "source_id": "dcla-row-1787", "reason": "Design-related name in DCLA Visual Arts discipline", "nta_code": "QN0201", "neighborhood": "Long Island City-Hunters Point", "borough": "Queens"}}, {"type": "Feature", "geometry": {"type": "Point", "coordinates": [-74.0062822, 40.7476065]}, "properties": {"name": "Pace African & Oceanic Art", "category": "experience", "website": "https://www.paceafricanart.com/", "address": "536 West 22nd Street", "source": "OpenStreetMap", "source_id": "node/11289156254", "reason": "Design-related museum or gallery", "nta_code": "MN0401", "neighborhood": "Chelsea-Hudson Yards", "borough": "Manhattan"}}, {"type": "Feature", "geometry": {"type": "Point", "coordinates": [-73.9567716, 40.8021357]}, "properties": {"name": "Paint 'N Pour Studio NYC", "category": "make", "website": "https://www.paintnpournyc.com", "address": "2080 Frederick Douglass Boulevard", "source": "OpenStreetMap", "source_id": "node/6426473696", "reason": "OpenStreetMap craft/workshop tag", "nta_code": "MN1001", "neighborhood": "Harlem (South)", "borough": "Manhattan"}}, {"type": "Feature", "geometry": {"type": "Point", "coordinates": [-73.9775846, 40.760591]}, "properties": {"name": "Paley Center for Media", "category": "experience", "website": "https://www.paleycenter.org/", "address": "25 West 52nd Street", "source": "OpenStreetMap", "source_id": "way/162755458", "reason": "Design-related museum or gallery", "nta_code": "MN0502", "neighborhood": "Midtown-Times Square", "borough": "Manhattan"}}, {"type": "Feature", "geometry": {"type": "Point", "coordinates": [-74.1127768, 40.5722249]}, "properties": {"name": "Panorama Art", "category": "make", "website": "", "address": "", "source": "OpenStreetMap", "source_id": "node/10195939229", "reason": "OpenStreetMap craft/workshop tag", "nta_code": "SI0202", "neighborhood": "New Dorp-Midland Beach", "borough": "Staten Island"}}, {"type": "Feature", "geometry": {"type": "Point", "coordinates": [-73.9609834, 40.6663888]}, "properties": {"name": "Paper Tiger", "category": "experience", "website": "https://papertiger.org", "address": "104 Montgomery Street", "source": "OpenStreetMap", "source_id": "node/6346342218", "reason": "OpenStreetMap arts-centre tag", "nta_code": "BK0901", "neighborhood": "Crown Heights (South)", "borough": "Brooklyn"}}, {"type": "Feature", "geometry": {"type": "Point", "coordinates": [-73.9654996, 40.7672316]}, "properties": {"name": "Park Avenue Armory", "category": "experience", "website": "https://www.armoryonpark.org/", "address": "643 Park Avenue", "source": "OpenStreetMap", "source_id": "way/266886536", "reason": "OpenStreetMap arts-centre tag", "nta_code": "MN0802", "neighborhood": "Upper East Side-Carnegie Hill", "borough": "Manhattan"}}, {"type": "Feature", "geometry": {"type": "Point", "coordinates": [-73.9900968, 40.6644083]}, "properties": {"name": "Park Slope Hardware", "category": "make", "website": "", "address": "", "source": "OpenStreetMap", "source_id": "node/2562115244", "reason": "OpenStreetMap craft/workshop tag", "nta_code": "BK0701", "neighborhood": "Windsor Terrace-South Slope", "borough": "Brooklyn"}}, {"type": "Feature", "geometry": {"type": "Point", "coordinates": [-73.9820516, 40.6582715]}, "properties": {"name": "Park Slope Performing Arts", "category": "experience", "website": "https://www.parkslopeperformingarts.com", "address": "", "source": "OpenStreetMap", "source_id": "node/6299824434", "reason": "OpenStreetMap arts-centre tag", "nta_code": "BK0701", "neighborhood": "Windsor Terrace-South Slope", "borough": "Brooklyn"}}, {"type": "Feature", "geometry": {"type": "Point", "coordinates": [-73.9945327, 40.735357]}, "properties": {"name": "Parsons School of Design", "category": "learn", "website": "", "address": "66 5th Avenue", "source": "OpenStreetMap", "source_id": "node/1427294706", "reason": "Design-related college or university", "nta_code": "MN0202", "neighborhood": "Greenwich Village", "borough": "Manhattan"}}, {"type": "Feature", "geometry": {"type": "Point", "coordinates": [-73.9638274, 40.6938156]}, "properties": {"name": "Parts Hardware", "category": "make", "website": "", "address": "", "source": "OpenStreetMap", "source_id": "node/9583805200", "reason": "OpenStreetMap craft/workshop tag", "nta_code": "BK0204", "neighborhood": "Clinton Hill", "borough": "Brooklyn"}}, {"type": "Feature", "geometry": {"type": "Point", "coordinates": [-73.8697559, 40.7493881]}, "properties": {"name": "Photo Studio", "category": "make", "website": "", "address": "", "source": "OpenStreetMap", "source_id": "node/13387059742", "reason": "OpenStreetMap craft/workshop tag", "nta_code": "QN0301", "neighborhood": "Jackson Heights", "borough": "Queens"}}, {"type": "Feature", "geometry": {"type": "Point", "coordinates": [-74.0121266, 40.6792002]}, "properties": {"name": "Pioneer Works", "category": "experience", "website": "https://pioneerworks.org", "address": "", "source": "OpenStreetMap", "source_id": "way/248169219", "reason": "OpenStreetMap arts-centre tag", "nta_code": "BK0601", "neighborhood": "Carroll Gardens-Cobble Hill-Gowanus-Red Hook", "borough": "Brooklyn"}}, {"type": "Feature", "geometry": {"type": "Point", "coordinates": [-73.9984548, 40.6773554]}, "properties": {"name": "Plant 486", "category": "experience", "website": "https://plant486.com", "address": "486 Court Street", "source": "OpenStreetMap", "source_id": "node/13885512121", "reason": "Design-related museum or gallery", "nta_code": "BK0601", "neighborhood": "Carroll Gardens-Cobble Hill-Gowanus-Red Hook", "borough": "Brooklyn"}}, {"type": "Feature", "geometry": {"type": "Point", "coordinates": [-73.9930673, 40.6696564]}, "properties": {"name": "Post Heritage Printing", "category": "make", "website": "https://www.postheritage.com", "address": "138 12th Street", "source": "OpenStreetMap", "source_id": "way/248171236", "reason": "OpenStreetMap craft/workshop tag", "nta_code": "BK0601", "neighborhood": "Carroll Gardens-Cobble Hill-Gowanus-Red Hook", "borough": "Brooklyn"}}, {"type": "Feature", "geometry": {"type": "Point", "coordinates": [-73.994835, 40.7190663]}, "properties": {"name": "Pottery Studio 1", "category": "make", "website": "https://pottery-nyc.com", "address": "", "source": "OpenStreetMap", "source_id": "node/10756703055", "reason": "OpenStreetMap craft/workshop tag", "nta_code": "MN0201", "neighborhood": "SoHo-Little Italy-Hudson Square", "borough": "Manhattan"}}, {"type": "Feature", "geometry": {"type": "Point", "coordinates": [-74.002594, 40.7183647]}, "properties": {"name": "PPOW", "category": "experience", "website": "https://www.ppowgallery.com/", "address": "392 Broadway", "source": "OpenStreetMap", "source_id": "node/12022076619", "reason": "Design-related museum or gallery", "nta_code": "MN0102", "neighborhood": "Tribeca-Civic Center", "borough": "Manhattan"}}, {"type": "Feature", "geometry": {"type": "Point", "coordinates": [-73.9643559, 40.6911395]}, "properties": {"name": "Pratt Institute", "category": "learn", "website": "https://www.pratt.edu/", "address": "200 Willoughby Avenue", "source": "OpenStreetMap", "source_id": "relation/4425764", "reason": "Design-related college or university", "nta_code": "BK0204", "neighborhood": "Clinton Hill", "borough": "Brooklyn"}}, {"type": "Feature", "geometry": {"type": "Point", "coordinates": [-73.9650201, 40.6908675]}, "properties": {"name": "Pratt Institute Library", "category": "learn", "website": "", "address": "", "source": "OpenStreetMap", "source_id": "way/250356311", "reason": "Design-related library", "nta_code": "BK0204", "neighborhood": "Clinton Hill", "borough": "Brooklyn"}}, {"type": "Feature", "geometry": {"type": "Point", "coordinates": [-74.0120167, 40.6745013]}, "properties": {"name": "Premium Millwork", "category": "make", "website": "", "address": "43 Coffey Street", "source": "OpenStreetMap", "source_id": "way/248168903", "reason": "OpenStreetMap craft/workshop tag", "nta_code": "BK0601", "neighborhood": "Carroll Gardens-Cobble Hill-Gowanus-Red Hook", "borough": "Brooklyn"}}, {"type": "Feature", "geometry": {"type": "Point", "coordinates": [-74.020089, 40.6346605]}, "properties": {"name": "PrintSpace", "category": "experience", "website": "https://ellencolemanizzo.com/printspace-workshops-and-wares", "address": "509 Senator Street", "source": "OpenStreetMap", "source_id": "node/2553164677", "reason": "OpenStreetMap arts-centre tag", "nta_code": "BK1001", "neighborhood": "Bay Ridge", "borough": "Brooklyn"}}, {"type": "Feature", "geometry": {"type": "Point", "coordinates": [-73.989515, 40.732546]}, "properties": {"name": "Professional Organization for Women in the Arts, Inc.", "category": "experience", "website": "", "address": "109 E 12th St. Apt 3, New York City, 10003", "source": "NYC DCLA", "source_id": "dcla-row-1891", "reason": "Design-related name in DCLA Visual Arts discipline", "nta_code": "MN0303", "neighborhood": "East Village", "borough": "Manhattan"}}, {"type": "Feature", "geometry": {"type": "Point", "coordinates": [-73.975584, 40.760324]}, "properties": {"name": "Public Art Fund, Inc.", "category": "experience", "website": "", "address": "1 East 53rd Street, New York, 10022", "source": "NYC DCLA", "source_id": "dcla-row-1905", "reason": "Design-related name in DCLA Visual Arts discipline", "nta_code": "MN0502", "neighborhood": "Midtown-Times Square", "borough": "Manhattan"}}, {"type": "Feature", "geometry": {"type": "Point", "coordinates": [-73.986587, 40.704313]}, "properties": {"name": "Public Policy Lab", "category": "experience", "website": "", "address": "20 Jay St, Suite 203, Brooklyn, 11201", "source": "NYC DCLA", "source_id": "dcla-row-1907", "reason": "DCLA Architecture/Design discipline", "nta_code": "BK0202", "neighborhood": "Downtown Brooklyn-DUMBO-Boerum Hill", "borough": "Brooklyn"}}, {"type": "Feature", "geometry": {"type": "Point", "coordinates": [-73.984513, 40.75009]}, "properties": {"name": "Publicolor, Inc.", "category": "experience", "website": "", "address": "20 West 36 Street, New York, 10018", "source": "NYC DCLA", "source_id": "dcla-row-1906", "reason": "DCLA Architecture/Design discipline", "nta_code": "MN0502", "neighborhood": "Midtown-Times Square", "borough": "Manhattan"}}, {"type": "Feature", "geometry": {"type": "Point", "coordinates": [-73.7576914, 40.7556438]}, "properties": {"name": "QCC Art Gallery", "category": "experience", "website": "", "address": "", "source": "OpenStreetMap", "source_id": "node/8220642038", "reason": "Design-related museum or gallery", "nta_code": "QN1102", "neighborhood": "Bayside", "borough": "Queens"}}, {"type": "Feature", "geometry": {"type": "Point", "coordinates": [-73.9850392, 40.6809693]}, "properties": {"name": "Quality Woodworking Corp", "category": "make", "website": "http://qualitywoodworkingcorp.com", "address": "260 Butler Street", "source": "OpenStreetMap", "source_id": "way/1250317788", "reason": "OpenStreetMap craft/workshop tag", "nta_code": "BK0601", "neighborhood": "Carroll Gardens-Cobble Hill-Gowanus-Red Hook", "borough": "Brooklyn"}}, {"type": "Feature", "geometry": {"type": "Point", "coordinates": [-73.8467443, 40.7458698]}, "properties": {"name": "Queens Museum", "category": "experience", "website": "https://queensmuseum.org", "address": "", "source": "OpenStreetMap", "source_id": "way/284856409", "reason": "Design-related museum or gallery", "nta_code": "QN8191", "neighborhood": "Flushing Meadows-Corona Park", "borough": "Queens"}}, {"type": "Feature", "geometry": {"type": "Point", "coordinates": [-74.011033, 40.6787705]}, "properties": {"name": "Red Hook Art Project", "category": "experience", "website": "https://www.redhookartproject.org", "address": "", "source": "OpenStreetMap", "source_id": "node/2827554067", "reason": "OpenStreetMap arts-centre tag", "nta_code": "BK0601", "neighborhood": "Carroll Gardens-Cobble Hill-Gowanus-Red Hook", "borough": "Brooklyn"}}, {"type": "Feature", "geometry": {"type": "Point", "coordinates": [-74.0104546, 40.6801441]}, "properties": {"name": "Red Hook Labs", "category": "experience", "website": "", "address": "133 Imlay Street", "source": "OpenStreetMap", "source_id": "way/278377202", "reason": "OpenStreetMap arts-centre tag", "nta_code": "BK0601", "neighborhood": "Carroll Gardens-Cobble Hill-Gowanus-Red Hook", "borough": "Brooklyn"}}, {"type": "Feature", "geometry": {"type": "Point", "coordinates": [-74.0183134, 40.6447136]}, "properties": {"name": "Redline Screen Printing", "category": "make", "website": "", "address": "5518 3rd Avenue", "source": "OpenStreetMap", "source_id": "way/249587189", "reason": "OpenStreetMap craft/workshop tag", "nta_code": "BK0702", "neighborhood": "Sunset Park (West)", "borough": "Brooklyn"}}, {"type": "Feature", "geometry": {"type": "Point", "coordinates": [-73.9899544, 40.7139131]}, "properties": {"name": "Reena Spauldings Fine Art", "category": "experience", "website": "https://www.reenaspaulings.com/", "address": "165 East Broadway", "source": "OpenStreetMap", "source_id": "node/6281938397", "reason": "Design-related museum or gallery", "nta_code": "MN0301", "neighborhood": "Chinatown-Two Bridges", "borough": "Manhattan"}}, {"type": "Feature", "geometry": {"type": "Point", "coordinates": [-73.9066092, 40.7055636]}, "properties": {"name": "Reservoir Art Space", "category": "experience", "website": "", "address": "659 Woodward Avenue", "source": "OpenStreetMap", "source_id": "node/5364831590", "reason": "OpenStreetMap arts-centre tag", "nta_code": "QN0502", "neighborhood": "Ridgewood", "borough": "Queens"}}, {"type": "Feature", "geometry": {"type": "Point", "coordinates": [-73.9962854, 40.6819568]}, "properties": {"name": "Residency Unlimited", "category": "experience", "website": "https://residencyunlimited.org", "address": "", "source": "OpenStreetMap", "source_id": "node/9788860643", "reason": "OpenStreetMap arts-centre tag", "nta_code": "BK0601", "neighborhood": "Carroll Gardens-Cobble Hill-Gowanus-Red Hook", "borough": "Brooklyn"}}, {"type": "Feature", "geometry": {"type": "Point", "coordinates": [-73.9927703, 40.7223303]}, "properties": {"name": "Rhizome", "category": "connect", "website": "https://rhizome.org", "address": "235 Bowery", "source": "OpenStreetMap", "source_id": "node/6234635908", "reason": "Design-related community or association", "nta_code": "MN0302", "neighborhood": "Lower East Side", "borough": "Manhattan"}}, {"type": "Feature", "geometry": {"type": "Point", "coordinates": [-74.0041806, 40.7500174]}, "properties": {"name": "Rick Wester Fine Art", "category": "experience", "website": "https://www.rickwesterfineart.com", "address": "526 West 26th Street", "source": "OpenStreetMap", "source_id": "node/10859974140", "reason": "Design-related museum or gallery", "nta_code": "MN0401", "neighborhood": "Chelsea-Hudson Yards", "borough": "Manhattan"}}, {"type": "Feature", "geometry": {"type": "Point", "coordinates": [-73.9920772, 40.7536782]}, "properties": {"name": "Ripley Greer", "category": "experience", "website": "https://ripleygrier.com/", "address": "520 Eight Avenue", "source": "OpenStreetMap", "source_id": "node/12700463157", "reason": "OpenStreetMap arts-centre tag", "nta_code": "MN0502", "neighborhood": "Midtown-Times Square", "borough": "Manhattan"}}, {"type": "Feature", "geometry": {"type": "Point", "coordinates": [-73.9024253, 40.6944023]}, "properties": {"name": "Rockwall Studios", "category": "experience", "website": "", "address": "1080 Wyckoff Avenue", "source": "OpenStreetMap", "source_id": "node/5351952017", "reason": "OpenStreetMap arts-centre tag", "nta_code": "QN0502", "neighborhood": "Ridgewood", "borough": "Queens"}}, {"type": "Feature", "geometry": {"type": "Point", "coordinates": [-73.9961378, 40.6822135]}, "properties": {"name": "Ron Jordan Natoli Photographic Studio", "category": "make", "website": "", "address": "", "source": "OpenStreetMap", "source_id": "node/5972604193", "reason": "OpenStreetMap craft/workshop tag", "nta_code": "BK0601", "neighborhood": "Carroll Gardens-Cobble Hill-Gowanus-Red Hook", "borough": "Brooklyn"}}, {"type": "Feature", "geometry": {"type": "Point", "coordinates": [-73.9736476, 40.6773882]}, "properties": {"name": "Rosebud Art Studio", "category": "experience", "website": "", "address": "20 7th Avenue", "source": "OpenStreetMap", "source_id": "node/13571021301", "reason": "OpenStreetMap arts-centre tag", "nta_code": "BK0801", "neighborhood": "Prospect Heights", "borough": "Brooklyn"}}, {"type": "Feature", "geometry": {"type": "Point", "coordinates": [-73.869998, 40.728043]}, "properties": {"name": "RPGA Studio, Inc", "category": "experience", "website": "", "address": "6133 Alderton Street, Rego Park, 11374", "source": "NYC DCLA", "source_id": "dcla-row-2021", "reason": "Design-related name in DCLA Visual Arts discipline", "nta_code": "QN0601", "neighborhood": "Rego Park", "borough": "Queens"}}, {"type": "Feature", "geometry": {"type": "Point", "coordinates": [-73.9560901, 40.6762772]}, "properties": {"name": "RT Building Supplies & Hardware", "category": "make", "website": "", "address": "", "source": "OpenStreetMap", "source_id": "node/2494221005", "reason": "OpenStreetMap craft/workshop tag", "nta_code": "BK0802", "neighborhood": "Crown Heights (North)", "borough": "Brooklyn"}}, {"type": "Feature", "geometry": {"type": "Point", "coordinates": [-73.9977377, 40.7400959]}, "properties": {"name": "Rubin Museum of Art", "category": "experience", "website": "https://rubinmuseum.org/", "address": "150 West 17th Street", "source": "OpenStreetMap", "source_id": "node/1810241472", "reason": "Design-related museum or gallery", "nta_code": "MN0401", "neighborhood": "Chelsea-Hudson Yards", "borough": "Manhattan"}}, {"type": "Feature", "geometry": {"type": "Point", "coordinates": [-73.962432, 40.686462]}, "properties": {"name": "Rush Philanthropic Arts Foundation", "category": "experience", "website": "", "address": "334 Grand Avenue, Brooklyn, 11238", "source": "NYC DCLA", "source_id": "dcla-row-2024", "reason": "Design-related name in DCLA Visual Arts discipline", "nta_code": "BK0204", "neighborhood": "Clinton Hill", "borough": "Brooklyn"}}, {"type": "Feature", "geometry": {"type": "Point", "coordinates": [-73.990519, 40.722934]}, "properties": {"name": "RX Art, Inc.", "category": "experience", "website": "", "address": "208 Forsyth Street, New York, 10002", "source": "NYC DCLA", "source_id": "dcla-row-2030", "reason": "Design-related name in DCLA Visual Arts discipline", "nta_code": "MN0302", "neighborhood": "Lower East Side", "borough": "Manhattan"}}, {"type": "Feature", "geometry": {"type": "Point", "coordinates": [-73.964168, 40.811101]}, "properties": {"name": "Salvadori Center", "category": "experience", "website": "", "address": "475 Riverside Drive, Suite 239, New York, 10115", "source": "NYC DCLA", "source_id": "dcla-row-2043", "reason": "DCLA Architecture/Design discipline", "nta_code": "MN0901", "neighborhood": "Morningside Heights", "borough": "Manhattan"}}, {"type": "Feature", "geometry": {"type": "Point", "coordinates": [-73.9091882, 40.7068054]}, "properties": {"name": "Santana Photo Studio", "category": "make", "website": "", "address": "556 Woodward Avenue", "source": "OpenStreetMap", "source_id": "node/11920948047", "reason": "OpenStreetMap craft/workshop tag", "nta_code": "QN0502", "neighborhood": "Ridgewood", "borough": "Queens"}}, {"type": "Feature", "geometry": {"type": "Point", "coordinates": [-73.9228131, 40.7063172]}, "properties": {"name": "Scapegrace", "category": "experience", "website": "https://www.solidgoldyogi.com/scapegrace-events/", "address": "20 Wyckoff Avenue", "source": "OpenStreetMap", "source_id": "way/250424657", "reason": "OpenStreetMap arts-centre tag", "nta_code": "BK0401", "neighborhood": "Bushwick (West)", "borough": "Brooklyn"}}, {"type": "Feature", "geometry": {"type": "Point", "coordinates": [-73.9907497, 40.7415841]}, "properties": {"name": "School of Visual Arts", "category": "learn", "website": "https://sva.edu", "address": "209 East 23rd Street", "source": "OpenStreetMap", "source_id": "relation/15402496", "reason": "Design-related college or university", "nta_code": "MN0501", "neighborhood": "Midtown South-Flatiron-Union Square", "borough": "Manhattan"}}, {"type": "Feature", "geometry": {"type": "Point", "coordinates": [-73.9408643, 40.7469077]}, "properties": {"name": "Sculpture Center", "category": "experience", "website": "https://www.sculpture-center.org/", "address": "44-19 Purves Street", "source": "OpenStreetMap", "source_id": "node/6764188983", "reason": "Design-related museum or gallery", "nta_code": "QN0201", "neighborhood": "Long Island City-Hunters Point", "borough": "Queens"}}, {"type": "Feature", "geometry": {"type": "Point", "coordinates": [-73.941173, 40.747013]}, "properties": {"name": "Sculpture Center, Inc.", "category": "experience", "website": "", "address": "44-19 Purves St, Long Island City, 11101", "source": "NYC DCLA", "source_id": "dcla-row-2061", "reason": "Design-related name in DCLA Visual Arts discipline", "nta_code": "QN0201", "neighborhood": "Long Island City-Hunters Point", "borough": "Queens"}}, {"type": "Feature", "geometry": {"type": "Point", "coordinates": [-73.9301029, 40.7416117]}, "properties": {"name": "Sculpture Space NYC", "category": "experience", "website": "https://www.sculpturespacenyc.com", "address": "47-21 35th Street", "source": "OpenStreetMap", "source_id": "way/280352386", "reason": "OpenStreetMap arts-centre tag", "nta_code": "QN0202", "neighborhood": "Sunnyside", "borough": "Queens"}}, {"type": "Feature", "geometry": {"type": "Point", "coordinates": [-74.003495, 40.706631]}, "properties": {"name": "Seaport Museum New York", "category": "experience", "website": "", "address": "12 Fulton St, New York, 10038", "source": "NYC DCLA", "source_id": "dcla-row-2064", "reason": "Design-related name in DCLA Museum discipline", "nta_code": "MN0101", "neighborhood": "Financial District-Battery Park City", "borough": "Manhattan"}}, {"type": "Feature", "geometry": {"type": "Point", "coordinates": [-74.0771896, 40.6298475]}, "properties": {"name": "Search Party Studio", "category": "experience", "website": "https://www.brandonherman.com/", "address": "71 Wave Street", "source": "OpenStreetMap", "source_id": "node/6680408637", "reason": "OpenStreetMap arts-centre tag", "nta_code": "SI0102", "neighborhood": "Tompkinsville-Stapleton-Clifton-Fox Hills", "borough": "Staten Island"}}, {"type": "Feature", "geometry": {"type": "Point", "coordinates": [-73.975866, 40.6782931]}, "properties": {"name": "Sharon Simmons Art Gallery", "category": "experience", "website": "", "address": "", "source": "OpenStreetMap", "source_id": "node/5714001620", "reason": "Design-related museum or gallery", "nta_code": "BK0801", "neighborhood": "Prospect Heights", "borough": "Brooklyn"}}, {"type": "Feature", "geometry": {"type": "Point", "coordinates": [-73.9591247, 40.6779938]}, "properties": {"name": "Shoestring Press", "category": "experience", "website": "https://www.shoestringpressny.com", "address": "", "source": "OpenStreetMap", "source_id": "node/6833310700", "reason": "OpenStreetMap arts-centre tag", "nta_code": "BK0802", "neighborhood": "Crown Heights (North)", "borough": "Brooklyn"}}, {"type": "Feature", "geometry": {"type": "Point", "coordinates": [-73.8949167, 40.742718]}, "properties": {"name": "Sign Media International", "category": "make", "website": "", "address": "69-17 Woodside Avenue", "source": "OpenStreetMap", "source_id": "node/8501242309", "reason": "OpenStreetMap craft/workshop tag", "nta_code": "QN0203", "neighborhood": "Woodside", "borough": "Queens"}}, {"type": "Feature", "geometry": {"type": "Point", "coordinates": [-73.9987707, 40.7566645]}, "properties": {"name": "SIR Stage37", "category": "experience", "website": "", "address": "508 West 37th Street", "source": "OpenStreetMap", "source_id": "way/265282570", "reason": "OpenStreetMap arts-centre tag", "nta_code": "MN0401", "neighborhood": "Chelsea-Hudson Yards", "borough": "Manhattan"}}, {"type": "Feature", "geometry": {"type": "Point", "coordinates": [-73.9830825, 40.7249615]}, "properties": {"name": "Sixth Street Haunted House", "category": "experience", "website": "https://sshh.nyc", "address": "516 East 6th Street", "source": "OpenStreetMap", "source_id": "node/6595542372", "reason": "Design-related museum or gallery", "nta_code": "MN0303", "neighborhood": "East Village", "borough": "Manhattan"}}, {"type": "Feature", "geometry": {"type": "Point", "coordinates": [-74.017691, 40.70575]}, "properties": {"name": "Skyscraper Museum", "category": "experience", "website": "https://skyscraper.org/", "address": "39 Battery Place", "source": "OpenStreetMap", "source_id": "node/2808241058", "reason": "Design-related museum or gallery", "nta_code": "MN0101", "neighborhood": "Financial District-Battery Park City", "borough": "Manhattan"}}, {"type": "Feature", "geometry": {"type": "Point", "coordinates": [-73.9961249, 40.7117446]}, "properties": {"name": "SLEEPCENTER", "category": "experience", "website": "https://sleepcenterny.org", "address": "9 Monroe Street", "source": "OpenStreetMap", "source_id": "node/6231307187", "reason": "Design-related museum or gallery", "nta_code": "MN0301", "neighborhood": "Chinatown-Two Bridges", "borough": "Manhattan"}}, {"type": "Feature", "geometry": {"type": "Point", "coordinates": [-73.9580901, 40.7268546]}, "properties": {"name": "Smashbox Photo Studio", "category": "make", "website": "", "address": "76 Calyer Street", "source": "OpenStreetMap", "source_id": "node/6742881830", "reason": "OpenStreetMap craft/workshop tag", "nta_code": "BK0101", "neighborhood": "Greenpoint", "borough": "Brooklyn"}}, {"type": "Feature", "geometry": {"type": "Point", "coordinates": [-74.1655768, 40.5462368]}, "properties": {"name": "SMB Studio & Art Lessons", "category": "experience", "website": "", "address": "", "source": "OpenStreetMap", "source_id": "node/9733638232", "reason": "Design-related museum or gallery", "nta_code": "SI0302", "neighborhood": "Great Kills-Eltingville", "borough": "Staten Island"}}, {"type": "Feature", "geometry": {"type": "Point", "coordinates": [-73.936314, 40.767634]}, "properties": {"name": "Socrates Sculpture Park, Inc.", "category": "experience", "website": "", "address": "32-01 Vernon Blvd., Long Island City, 11106", "source": "NYC DCLA", "source_id": "dcla-row-2119", "reason": "Design-related name in DCLA Visual Arts discipline", "nta_code": "QN0105", "neighborhood": "Queensbridge-Ravenswood-Dutch Kills", "borough": "Queens"}}, {"type": "Feature", "geometry": {"type": "Point", "coordinates": [-73.935577, 40.7136163]}, "properties": {"name": "Soft Surplus", "category": "experience", "website": "", "address": "366 Devoe Street", "source": "OpenStreetMap", "source_id": "node/6226020236", "reason": "OpenStreetMap arts-centre tag", "nta_code": "BK0104", "neighborhood": "East Williamsburg", "borough": "Brooklyn"}}, {"type": "Feature", "geometry": {"type": "Point", "coordinates": [-73.9546082, 40.686018]}, "properties": {"name": "Soul Collections", "category": "make", "website": "https://www.soul-collections.com", "address": "1126 Bedford Avenue", "source": "OpenStreetMap", "source_id": "node/9208777703", "reason": "OpenStreetMap craft/workshop tag", "nta_code": "BK0301", "neighborhood": "Bedford-Stuyvesant (West)", "borough": "Brooklyn"}}, {"type": "Feature", "geometry": {"type": "Point", "coordinates": [-74.003676, 40.706628]}, "properties": {"name": "South Street Seaport Museum", "category": "experience", "website": "https://southstreetseaportmuseum.org/", "address": "12 Fulton Street", "source": "OpenStreetMap", "source_id": "node/2898706753", "reason": "Design-related museum or gallery", "nta_code": "MN0101", "neighborhood": "Financial District-Battery Park City", "borough": "Manhattan"}}, {"type": "Feature", "geometry": {"type": "Point", "coordinates": [-73.9279811, 40.7053657]}, "properties": {"name": "Southern Fried Photo Studios | Portrait Studio", "category": "make", "website": "https://southernfriedphotostudios.com/", "address": "120 Thames Street", "source": "OpenStreetMap", "source_id": "node/5737703866", "reason": "OpenStreetMap craft/workshop tag", "nta_code": "BK0104", "neighborhood": "East Williamsburg", "borough": "Brooklyn"}}, {"type": "Feature", "geometry": {"type": "Point", "coordinates": [-73.9878113, 40.7045486]}, "properties": {"name": "Spark Brooklyn Children's Museum Annex", "category": "experience", "website": "https://www.brooklynkids.org/spark/", "address": "1 John Street", "source": "OpenStreetMap", "source_id": "node/4631369553", "reason": "Design-related museum or gallery", "nta_code": "BK0202", "neighborhood": "Downtown Brooklyn-DUMBO-Boerum Hill", "borough": "Brooklyn"}}, {"type": "Feature", "geometry": {"type": "Point", "coordinates": [-73.9791134, 40.6422243]}, "properties": {"name": "Spectrum Printing", "category": "make", "website": "", "address": "", "source": "OpenStreetMap", "source_id": "node/9740146608", "reason": "OpenStreetMap craft/workshop tag", "nta_code": "BK1203", "neighborhood": "Kensington", "borough": "Brooklyn"}}, {"type": "Feature", "geometry": {"type": "Point", "coordinates": [-73.9783171, 40.6754153]}, "properties": {"name": "Spoke the Hub", "category": "experience", "website": "https://spokethehub.org", "address": "", "source": "OpenStreetMap", "source_id": "node/5596917755", "reason": "OpenStreetMap arts-centre tag", "nta_code": "BK0602", "neighborhood": "Park Slope", "borough": "Brooklyn"}}, {"type": "Feature", "geometry": {"type": "Point", "coordinates": [-73.9843082, 40.674708]}, "properties": {"name": "Square Design", "category": "make", "website": "https://www.squaredesigninc.com", "address": "283 4th Avenue", "source": "OpenStreetMap", "source_id": "way/241843204", "reason": "OpenStreetMap craft/workshop tag", "nta_code": "BK0602", "neighborhood": "Park Slope", "borough": "Brooklyn"}}, {"type": "Feature", "geometry": {"type": "Point", "coordinates": [-73.9054958, 40.8529721]}, "properties": {"name": "Star Photo Studio", "category": "make", "website": "http://starphotodigital.com", "address": "106 East Burnside Avenue", "source": "OpenStreetMap", "source_id": "node/2807588302", "reason": "OpenStreetMap craft/workshop tag", "nta_code": "BX0502", "neighborhood": "Mount Hope", "borough": "Bronx"}}, {"type": "Feature", "geometry": {"type": "Point", "coordinates": [-74.1018927, 40.6427113]}, "properties": {"name": "Staten Island Children\u2019s Museum", "category": "experience", "website": "https://www.sichildrensmuseum.org/", "address": "", "source": "OpenStreetMap", "source_id": "node/3350222381", "reason": "Design-related museum or gallery", "nta_code": "SI0191", "neighborhood": "Snug Harbor", "borough": "Staten Island"}}, {"type": "Feature", "geometry": {"type": "Point", "coordinates": [-74.104753, 40.645075]}, "properties": {"name": "Staten Island Institute of Arts and Sciences", "category": "experience", "website": "", "address": "1000 Richmond Terrace, New York, 10301", "source": "NYC DCLA", "source_id": "dcla-row-2180", "reason": "Design-related name in DCLA Museum discipline", "nta_code": "SI0191", "neighborhood": "Snug Harbor", "borough": "Staten Island"}}, {"type": "Feature", "geometry": {"type": "Point", "coordinates": [-74.1027489, 40.6445211]}, "properties": {"name": "Staten Island Museum", "category": "experience", "website": "https://www.statenislandmuseum.org/", "address": "", "source": "OpenStreetMap", "source_id": "node/424048153", "reason": "Design-related museum or gallery", "nta_code": "SI0191", "neighborhood": "Snug Harbor", "borough": "Staten Island"}}, {"type": "Feature", "geometry": {"type": "Point", "coordinates": [-74.0776814, 40.6443902]}, "properties": {"name": "Staten Island Museum and Institue of Arts and Sciences", "category": "experience", "website": "", "address": "75 Stuyvesant Place", "source": "OpenStreetMap", "source_id": "way/241853811", "reason": "Design-related museum or gallery", "nta_code": "SI0101", "neighborhood": "St. George-New Brighton", "borough": "Staten Island"}}, {"type": "Feature", "geometry": {"type": "Point", "coordinates": [-74.0463272, 40.6908211]}, "properties": {"name": "Statue of Liberty Museum", "category": "experience", "website": "https://www.statueofliberty.org/statue-of-liberty/statue-of-liberty-museum/", "address": "", "source": "OpenStreetMap", "source_id": "way/888758560", "reason": "Design-related museum or gallery", "nta_code": "MN0191", "neighborhood": "The Battery-Governors Island-Ellis Island-Liberty Island", "borough": "Manhattan"}}, {"type": "Feature", "geometry": {"type": "Point", "coordinates": [-73.985336, 40.6792269]}, "properties": {"name": "Still Life", "category": "experience", "website": "https://www.stilllifecafe.com/", "address": "", "source": "OpenStreetMap", "source_id": "node/2550018678", "reason": "OpenStreetMap arts-centre tag", "nta_code": "BK0601", "neighborhood": "Carroll Gardens-Cobble Hill-Gowanus-Red Hook", "borough": "Brooklyn"}}, {"type": "Feature", "geometry": {"type": "Point", "coordinates": [-73.9971028, 40.7214798]}, "properties": {"name": "Storefront for Art and Architecture", "category": "experience", "website": "https://storefrontnews.org", "address": "97 Kenmare Street", "source": "OpenStreetMap", "source_id": "node/368042980", "reason": "Design-related museum or gallery", "nta_code": "MN0201", "neighborhood": "SoHo-Little Italy-Hudson Square", "borough": "Manhattan"}}, {"type": "Feature", "geometry": {"type": "Point", "coordinates": [-73.9541379, 40.6836743]}, "properties": {"name": "Stripper Stain & Supplies", "category": "make", "website": "https://www.stripperstains.com", "address": "1184 Bedford Avenue", "source": "OpenStreetMap", "source_id": "node/2494071351", "reason": "OpenStreetMap craft/workshop tag", "nta_code": "BK0301", "neighborhood": "Bedford-Stuyvesant (West)", "borough": "Brooklyn"}}, {"type": "Feature", "geometry": {"type": "Point", "coordinates": [-73.9936689, 40.7362844]}, "properties": {"name": "Student Study Center", "category": "learn", "website": "", "address": "90 5th Avenue", "source": "OpenStreetMap", "source_id": "node/2710177862", "reason": "Design-related college or university", "nta_code": "MN0501", "neighborhood": "Midtown South-Flatiron-Union Square", "borough": "Manhattan"}}, {"type": "Feature", "geometry": {"type": "Point", "coordinates": [-73.9860395, 40.6772035]}, "properties": {"name": "Studio Craftspring", "category": "experience", "website": "", "address": "", "source": "OpenStreetMap", "source_id": "node/6286959724", "reason": "OpenStreetMap arts-centre tag", "nta_code": "BK0601", "neighborhood": "Carroll Gardens-Cobble Hill-Gowanus-Red Hook", "borough": "Brooklyn"}}, {"type": "Feature", "geometry": {"type": "Point", "coordinates": [-73.989237, 40.77422]}, "properties": {"name": "Studio in a School Association, Inc.", "category": "experience", "website": "", "address": "75 West End Avenue, New York, 10023", "source": "NYC DCLA", "source_id": "dcla-row-2202", "reason": "Design-related name in DCLA Visual Arts discipline", "nta_code": "MN0701", "neighborhood": "Upper West Side-Lincoln Square", "borough": "Manhattan"}}, {"type": "Feature", "geometry": {"type": "Point", "coordinates": [-73.9371504, 40.7507959]}, "properties": {"name": "Studio Manhattan", "category": "make", "website": "", "address": "", "source": "OpenStreetMap", "source_id": "node/6515577608", "reason": "OpenStreetMap craft/workshop tag", "nta_code": "QN0105", "neighborhood": "Queensbridge-Ravenswood-Dutch Kills", "borough": "Queens"}}, {"type": "Feature", "geometry": {"type": "Point", "coordinates": [-73.947278, 40.808523]}, "properties": {"name": "Studio Museum in Harlem", "category": "experience", "website": "", "address": "144 West 125th Street, New York, 10027", "source": "NYC DCLA", "source_id": "dcla-row-2203", "reason": "Design-related name in DCLA Visual Arts discipline", "nta_code": "MN1001", "neighborhood": "Harlem (South)", "borough": "Manhattan"}}, {"type": "Feature", "geometry": {"type": "Point", "coordinates": [-73.9200963, 40.7095823]}, "properties": {"name": "Studio Three Thirty", "category": "experience", "website": "", "address": "17-17 Troutman Street", "source": "OpenStreetMap", "source_id": "node/5634162516", "reason": "Design-related museum or gallery", "nta_code": "QN0502", "neighborhood": "Ridgewood", "borough": "Queens"}}, {"type": "Feature", "geometry": {"type": "Point", "coordinates": [-73.941435, 40.8307]}, "properties": {"name": "Sugar Hill Children's Museum of Art & Storytelling", "category": "experience", "website": "", "address": "898 St. Nicholas Avenue, New York, 10032", "source": "NYC DCLA", "source_id": "dcla-row-2205", "reason": "Design-related name in DCLA Museum discipline", "nta_code": "MN0903", "neighborhood": "Hamilton Heights-Sugar Hill", "borough": "Manhattan"}}, {"type": "Feature", "geometry": {"type": "Point", "coordinates": [-73.941171, 40.8304543]}, "properties": {"name": "Sugar Hill Children's Museum of Art and Story Telling", "category": "experience", "website": "https://www.sugarhillmuseum.org", "address": "898 Saint Nicholas Avenue", "source": "OpenStreetMap", "source_id": "node/5296084264", "reason": "Design-related museum or gallery", "nta_code": "MN0903", "neighborhood": "Hamilton Heights-Sugar Hill", "borough": "Manhattan"}}, {"type": "Feature", "geometry": {"type": "Point", "coordinates": [-73.9946012, 40.6674277]}, "properties": {"name": "Sunburst Studio", "category": "make", "website": "", "address": "586 3rd Avenue", "source": "OpenStreetMap", "source_id": "node/8766032517", "reason": "OpenStreetMap craft/workshop tag", "nta_code": "BK0601", "neighborhood": "Carroll Gardens-Cobble Hill-Gowanus-Red Hook", "borough": "Brooklyn"}}, {"type": "Feature", "geometry": {"type": "Point", "coordinates": [-73.9766234, 40.6853667]}, "properties": {"name": "Sunday Takeout", "category": "experience", "website": "https://sundaytakeout.com/", "address": "29 Hanson Place", "source": "OpenStreetMap", "source_id": "node/2572981665", "reason": "OpenStreetMap arts-centre tag", "nta_code": "BK0203", "neighborhood": "Fort Greene", "borough": "Brooklyn"}}, {"type": "Feature", "geometry": {"type": "Point", "coordinates": [-74.1157675, 40.578122]}, "properties": {"name": "Sundog Theatre", "category": "experience", "website": "", "address": "", "source": "OpenStreetMap", "source_id": "node/12986703255", "reason": "OpenStreetMap arts-centre tag", "nta_code": "SI0202", "neighborhood": "New Dorp-Midland Beach", "borough": "Staten Island"}}, {"type": "Feature", "geometry": {"type": "Point", "coordinates": [-73.9066613, 40.6982367]}, "properties": {"name": "Superchief Gallery", "category": "experience", "website": "https://superchiefgallery.com", "address": "1628 Jefferson Street", "source": "OpenStreetMap", "source_id": "node/7063887194", "reason": "Design-related museum or gallery", "nta_code": "QN0502", "neighborhood": "Ridgewood", "borough": "Queens"}}, {"type": "Feature", "geometry": {"type": "Point", "coordinates": [-73.9875749, 40.7284048]}, "properties": {"name": "Swiss Institute", "category": "experience", "website": "https://www.swissinstitute.net", "address": "38 Saint Marks Place", "source": "OpenStreetMap", "source_id": "node/9039752089", "reason": "OpenStreetMap arts-centre tag", "nta_code": "MN0303", "neighborhood": "East Village", "borough": "Manhattan"}}, {"type": "Feature", "geometry": {"type": "Point", "coordinates": [-73.9726618, 40.7939619]}, "properties": {"name": "Symphony Space", "category": "experience", "website": "", "address": "2537 Broadway", "source": "OpenStreetMap", "source_id": "node/368043902", "reason": "OpenStreetMap arts-centre tag", "nta_code": "MN0702", "neighborhood": "Upper West Side (Central)", "borough": "Manhattan"}}, {"type": "Feature", "geometry": {"type": "Point", "coordinates": [-74.004156, 40.718526]}, "properties": {"name": "Synagogue for the Arts", "category": "experience", "website": "", "address": "49 White Street, New York, 10013", "source": "NYC DCLA", "source_id": "dcla-row-2221", "reason": "Design-related name in DCLA Visual Arts discipline", "nta_code": "MN0102", "neighborhood": "Tribeca-Civic Center", "borough": "Manhattan"}}, {"type": "Feature", "geometry": {"type": "Point", "coordinates": [-73.9941288, 40.7179537]}, "properties": {"name": "T & Y Hardware", "category": "make", "website": "", "address": "101 Chrystie Street", "source": "OpenStreetMap", "source_id": "node/9874879430", "reason": "OpenStreetMap craft/workshop tag", "nta_code": "MN0301", "neighborhood": "Chinatown-Two Bridges", "borough": "Manhattan"}}, {"type": "Feature", "geometry": {"type": "Point", "coordinates": [-74.0119432, 40.6512781]}, "properties": {"name": "T&K Printing & Graphic", "category": "make", "website": "", "address": "262 44th Street", "source": "OpenStreetMap", "source_id": "way/249592166", "reason": "OpenStreetMap craft/workshop tag", "nta_code": "BK0702", "neighborhood": "Sunset Park (West)", "borough": "Brooklyn"}}, {"type": "Feature", "geometry": {"type": "Point", "coordinates": [-73.9863527, 40.6829544]}, "properties": {"name": "Tamer & Tamer", "category": "make", "website": "", "address": "465 Baltic Street", "source": "OpenStreetMap", "source_id": "way/248166584", "reason": "OpenStreetMap craft/workshop tag", "nta_code": "BK0601", "neighborhood": "Carroll Gardens-Cobble Hill-Gowanus-Red Hook", "borough": "Brooklyn"}}, {"type": "Feature", "geometry": {"type": "Point", "coordinates": [-73.9961487, 40.7362815]}, "properties": {"name": "Tenri Institute", "category": "experience", "website": "https://tenri.org/", "address": "43A 13th Street", "source": "OpenStreetMap", "source_id": "node/5243574664", "reason": "OpenStreetMap arts-centre tag", "nta_code": "MN0202", "neighborhood": "Greenwich Village", "borough": "Manhattan"}}, {"type": "Feature", "geometry": {"type": "Point", "coordinates": [-73.953255, 40.713047]}, "properties": {"name": "Territorial Empathy, Inc.", "category": "experience", "website": "", "address": "31 Ainslie Street, Brooklyn, 11211", "source": "NYC DCLA", "source_id": "dcla-row-2262", "reason": "DCLA Architecture/Design discipline", "nta_code": "BK0102", "neighborhood": "Williamsburg", "borough": "Brooklyn"}}, {"type": "Feature", "geometry": {"type": "Point", "coordinates": [-73.9852434, 40.6768058]}, "properties": {"name": "Textile Arts Center", "category": "experience", "website": "", "address": "", "source": "OpenStreetMap", "source_id": "node/5620571661", "reason": "OpenStreetMap arts-centre tag", "nta_code": "BK0601", "neighborhood": "Carroll Gardens-Cobble Hill-Gowanus-Red Hook", "borough": "Brooklyn"}}, {"type": "Feature", "geometry": {"type": "Point", "coordinates": [-73.9775762, 40.7506105]}, "properties": {"name": "The AKC Museum of the Dog", "category": "experience", "website": "https://museumofthedog.org/", "address": "", "source": "OpenStreetMap", "source_id": "node/6852303846", "reason": "Design-related museum or gallery", "nta_code": "MN0603", "neighborhood": "Murray Hill-Kips Bay", "borough": "Manhattan"}}, {"type": "Feature", "geometry": {"type": "Point", "coordinates": [-73.9534003, 40.7693586]}, "properties": {"name": "The Art Center", "category": "experience", "website": "https://theartcenter.nyc", "address": "423 East 75th Street", "source": "OpenStreetMap", "source_id": "node/11429583968", "reason": "OpenStreetMap arts-centre tag", "nta_code": "MN0801", "neighborhood": "Upper East Side-Lenox Hill-Roosevelt Island", "borough": "Manhattan"}}, {"type": "Feature", "geometry": {"type": "Point", "coordinates": [-73.9504689, 40.8176789]}, "properties": {"name": "The Bernard and Anne Spitzer School of Architecture", "category": "learn", "website": "", "address": "", "source": "OpenStreetMap", "source_id": "node/4111168785", "reason": "Design-related college or university", "nta_code": "MN0902", "neighborhood": "Manhattanville-West Harlem", "borough": "Manhattan"}}, {"type": "Feature", "geometry": {"type": "Point", "coordinates": [-73.9535877, 40.6689262]}, "properties": {"name": "The Bklyn Combine", "category": "experience", "website": "https://www.bklyncombine.com", "address": "", "source": "OpenStreetMap", "source_id": "node/2567052612", "reason": "OpenStreetMap arts-centre tag", "nta_code": "BK0901", "neighborhood": "Crown Heights (South)", "borough": "Brooklyn"}}, {"type": "Feature", "geometry": {"type": "Point", "coordinates": [-73.9374403, 40.7057349]}, "properties": {"name": "The Bone Museum", "category": "experience", "website": "", "address": "255 McKibbin Street", "source": "OpenStreetMap", "source_id": "node/13608646301", "reason": "Design-related museum or gallery", "nta_code": "BK0104", "neighborhood": "East Williamsburg", "borough": "Brooklyn"}}, {"type": "Feature", "geometry": {"type": "Point", "coordinates": [-73.9851191, 40.726068]}, "properties": {"name": "The Brant Foundation Art Study Center", "category": "experience", "website": "", "address": "421 East 6th Street", "source": "OpenStreetMap", "source_id": "node/2549926611", "reason": "Design-related museum or gallery", "nta_code": "MN0303", "neighborhood": "East Village", "borough": "Manhattan"}}, {"type": "Feature", "geometry": {"type": "Point", "coordinates": [-74.0021462, 40.7240871]}, "properties": {"name": "The Broken Kilometer (DIA)", "category": "experience", "website": "", "address": "393 West Broadway", "source": "OpenStreetMap", "source_id": "node/2547223676", "reason": "Design-related museum or gallery", "nta_code": "MN0201", "neighborhood": "SoHo-Little Italy-Hudson Square", "borough": "Manhattan"}}, {"type": "Feature", "geometry": {"type": "Point", "coordinates": [-74.1023886, 40.6436742]}, "properties": {"name": "The Carpenter Shop rental venue", "category": "experience", "website": "https://snug-harbor.org/", "address": "", "source": "OpenStreetMap", "source_id": "node/13226916519", "reason": "OpenStreetMap arts-centre tag", "nta_code": "SI0191", "neighborhood": "Snug Harbor", "borough": "Staten Island"}}, {"type": "Feature", "geometry": {"type": "Point", "coordinates": [-73.9896713, 40.7293345]}, "properties": {"name": "The Cooper Union", "category": "learn", "website": "https://middlestates.cooper.edu/Campus_Map_Directions.pdf", "address": "", "source": "OpenStreetMap", "source_id": "relation/15633680", "reason": "Design-related college or university", "nta_code": "MN0303", "neighborhood": "East Village", "borough": "Manhattan"}}, {"type": "Feature", "geometry": {"type": "Point", "coordinates": [-74.0028908, 40.7224437]}, "properties": {"name": "The Drawing Center", "category": "experience", "website": "https://drawingcenter.org", "address": "35 Wooster Street", "source": "OpenStreetMap", "source_id": "way/249664327", "reason": "Design-related museum or gallery", "nta_code": "MN0201", "neighborhood": "SoHo-Little Italy-Hudson Square", "borough": "Manhattan"}}, {"type": "Feature", "geometry": {"type": "Point", "coordinates": [-73.9940704, 40.7493717]}, "properties": {"name": "The Drawing Room", "category": "experience", "website": "https://www.nycdrawingroom.com/", "address": "", "source": "OpenStreetMap", "source_id": "node/12312858201", "reason": "OpenStreetMap arts-centre tag", "nta_code": "MN0501", "neighborhood": "Midtown South-Flatiron-Union Square", "borough": "Manhattan"}}, {"type": "Feature", "geometry": {"type": "Point", "coordinates": [-73.9373827, 40.7065583]}, "properties": {"name": "The Ear", "category": "experience", "website": "", "address": "255 Boerum Street", "source": "OpenStreetMap", "source_id": "node/6732753045", "reason": "OpenStreetMap arts-centre tag", "nta_code": "BK0104", "neighborhood": "East Williamsburg", "borough": "Brooklyn"}}, {"type": "Feature", "geometry": {"type": "Point", "coordinates": [-73.9923574, 40.7559503]}, "properties": {"name": "The Elizabeth Foundation for the Arts", "category": "experience", "website": "https://www.efanyc.org/", "address": "323 West 39th Street", "source": "OpenStreetMap", "source_id": "node/3450858389", "reason": "OpenStreetMap arts-centre tag", "nta_code": "MN0402", "neighborhood": "Hell's Kitchen", "borough": "Manhattan"}}, {"type": "Feature", "geometry": {"type": "Point", "coordinates": [-74.0055421, 40.749778]}, "properties": {"name": "The FLAG Art Foundation", "category": "experience", "website": "https://www.flagartfoundation.org", "address": "545 West 25th Street", "source": "OpenStreetMap", "source_id": "node/10859974149", "reason": "Design-related museum or gallery", "nta_code": "MN0401", "neighborhood": "Chelsea-Hudson Yards", "borough": "Manhattan"}}, {"type": "Feature", "geometry": {"type": "Point", "coordinates": [-74.0027353, 40.7505158]}, "properties": {"name": "The Global Fine Art Contemporary Art Gallery", "category": "experience", "website": "https://www.artcapitalgain.com", "address": "507 West 27th Street", "source": "OpenStreetMap", "source_id": "node/10860703832", "reason": "Design-related museum or gallery", "nta_code": "MN0401", "neighborhood": "Chelsea-Hudson Yards", "borough": "Manhattan"}}, {"type": "Feature", "geometry": {"type": "Point", "coordinates": [-74.0052185, 40.726956]}, "properties": {"name": "The Greene Space at WNYC/WQXR", "category": "experience", "website": "https://www.thegreenespace.org/", "address": "44 Charlton Street", "source": "OpenStreetMap", "source_id": "node/6402092290", "reason": "OpenStreetMap arts-centre tag", "nta_code": "MN0201", "neighborhood": "SoHo-Little Italy-Hudson Square", "borough": "Manhattan"}}, {"type": "Feature", "geometry": {"type": "Point", "coordinates": [-73.957186, 40.7854051]}, "properties": {"name": "The Jewish Museum", "category": "experience", "website": "https://thejewishmuseum.org", "address": "1109 5th Avenue", "source": "OpenStreetMap", "source_id": "way/266940107", "reason": "Design-related museum or gallery", "nta_code": "MN0802", "neighborhood": "Upper East Side-Carnegie Hill", "borough": "Manhattan"}}, {"type": "Feature", "geometry": {"type": "Point", "coordinates": [-73.9512776, 40.7745971]}, "properties": {"name": "The Little Wolf Cabinet Shop", "category": "make", "website": "https://littlewolfcabinetshop.com/", "address": "1583 1st Avenue", "source": "OpenStreetMap", "source_id": "node/10982357946", "reason": "OpenStreetMap craft/workshop tag", "nta_code": "MN0803", "neighborhood": "Upper East Side-Yorkville", "borough": "Manhattan"}}, {"type": "Feature", "geometry": {"type": "Point", "coordinates": [-73.9319228, 40.8648684]}, "properties": {"name": "The Met Cloisters", "category": "experience", "website": "https://www.metmuseum.org/visit/plan-your-visit/met-cloisters", "address": "99 Margaret Corbin Drive", "source": "OpenStreetMap", "source_id": "node/4491242890", "reason": "Design-related museum or gallery", "nta_code": "MN1202", "neighborhood": "Washington Heights (North)", "borough": "Manhattan"}}, {"type": "Feature", "geometry": {"type": "Point", "coordinates": [-73.9634178, 40.7793968]}, "properties": {"name": "The Metropolitan Museum of Art", "category": "experience", "website": "https://www.metmuseum.org/", "address": "1000 5th Avenue", "source": "OpenStreetMap", "source_id": "relation/3698894", "reason": "Design-related museum or gallery", "nta_code": "MN6491", "neighborhood": "Central Park", "borough": "Manhattan"}}, {"type": "Feature", "geometry": {"type": "Point", "coordinates": [-73.9814652, 40.7492685]}, "properties": {"name": "The Morgan Library & Museum", "category": "experience", "website": "https://www.themorgan.org/", "address": "225 Madison Avenue", "source": "OpenStreetMap", "source_id": "node/4462440249", "reason": "Design-related museum or gallery", "nta_code": "MN0502", "neighborhood": "Midtown-Times Square", "borough": "Manhattan"}}, {"type": "Feature", "geometry": {"type": "Point", "coordinates": [-73.9941473, 40.7466544]}, "properties": {"name": "The Museum at FIT", "category": "experience", "website": "https://www.fitnyc.edu/museum.asp", "address": "", "source": "OpenStreetMap", "source_id": "node/3623620317", "reason": "Design-related museum or gallery", "nta_code": "MN0501", "neighborhood": "Midtown South-Flatiron-Union Square", "borough": "Manhattan"}}, {"type": "Feature", "geometry": {"type": "Point", "coordinates": [-73.9922363, 40.7367924]}, "properties": {"name": "The New School", "category": "learn", "website": "", "address": "6 East 16th Street", "source": "OpenStreetMap", "source_id": "node/2259028668", "reason": "Design-related college or university", "nta_code": "MN0501", "neighborhood": "Midtown South-Flatiron-Union Square", "borough": "Manhattan"}}, {"type": "Feature", "geometry": {"type": "Point", "coordinates": [-73.9964883, 40.7365785]}, "properties": {"name": "The New School Arnold Hall", "category": "learn", "website": "", "address": "55 West 13th Street", "source": "OpenStreetMap", "source_id": "way/250471890", "reason": "Design-related college or university", "nta_code": "MN0202", "neighborhood": "Greenwich Village", "borough": "Manhattan"}}, {"type": "Feature", "geometry": {"type": "Point", "coordinates": [-73.9934962, 40.7354952]}, "properties": {"name": "The New School University Center", "category": "learn", "website": "", "address": "65 5th Avenue", "source": "OpenStreetMap", "source_id": "way/377077898", "reason": "Design-related college or university", "nta_code": "MN0202", "neighborhood": "Greenwich Village", "borough": "Manhattan"}}, {"type": "Feature", "geometry": {"type": "Point", "coordinates": [-74.0014567, 40.7267604]}, "properties": {"name": "The New York Foundation", "category": "experience", "website": "", "address": "", "source": "OpenStreetMap", "source_id": "node/5071908199", "reason": "OpenStreetMap arts-centre tag", "nta_code": "MN0201", "neighborhood": "SoHo-Little Italy-Hudson Square", "borough": "Manhattan"}}, {"type": "Feature", "geometry": {"type": "Point", "coordinates": [-73.9377901, 40.7668672]}, "properties": {"name": "The Noguchi Museum", "category": "experience", "website": "https://www.noguchi.org/", "address": "9-01 33rd Road", "source": "OpenStreetMap", "source_id": "way/383689939", "reason": "Design-related museum or gallery", "nta_code": "QN0105", "neighborhood": "Queensbridge-Ravenswood-Dutch Kills", "borough": "Queens"}}, {"type": "Feature", "geometry": {"type": "Point", "coordinates": [-73.9878526, 40.6748373]}, "properties": {"name": "The Old American Can Factory", "category": "experience", "website": "https://thecanfactory.org", "address": "232 3rd Street", "source": "OpenStreetMap", "source_id": "node/5642678606", "reason": "OpenStreetMap arts-centre tag", "nta_code": "BK0601", "neighborhood": "Carroll Gardens-Cobble Hill-Gowanus-Red Hook", "borough": "Brooklyn"}}, {"type": "Feature", "geometry": {"type": "Point", "coordinates": [-73.9801045, 40.6771965]}, "properties": {"name": "The Painted Pot", "category": "make", "website": "https://www.paintedpot.com", "address": "", "source": "OpenStreetMap", "source_id": "node/2550057146", "reason": "OpenStreetMap craft/workshop tag", "nta_code": "BK0602", "neighborhood": "Park Slope", "borough": "Brooklyn"}}, {"type": "Feature", "geometry": {"type": "Point", "coordinates": [-73.9958258, 40.6739195]}, "properties": {"name": "The Pottery Studio", "category": "make", "website": "https://thepotterystudio.com/pages/brooklyn", "address": "43C 9th Street", "source": "OpenStreetMap", "source_id": "node/6433148367", "reason": "OpenStreetMap craft/workshop tag", "nta_code": "BK0601", "neighborhood": "Carroll Gardens-Cobble Hill-Gowanus-Red Hook", "borough": "Brooklyn"}}, {"type": "Feature", "geometry": {"type": "Point", "coordinates": [-73.9808847, 40.6755538]}, "properties": {"name": "The Puffin Foundation", "category": "experience", "website": "https://www.puffinfoundation.org/puffin-brooklyn", "address": "", "source": "OpenStreetMap", "source_id": "node/5506774612", "reason": "OpenStreetMap arts-centre tag", "nta_code": "BK0602", "neighborhood": "Park Slope", "borough": "Brooklyn"}}, {"type": "Feature", "geometry": {"type": "Point", "coordinates": [-73.9923501, 40.7559814]}, "properties": {"name": "The Robert Blackburn Printmaking Workshop (RBPMW)", "category": "experience", "website": "https://www.rbpmw-efanyc.org/", "address": "323 West 39th Street", "source": "OpenStreetMap", "source_id": "node/3450858390", "reason": "OpenStreetMap arts-centre tag", "nta_code": "MN0402", "neighborhood": "Hell's Kitchen", "borough": "Manhattan"}}, {"type": "Feature", "geometry": {"type": "Point", "coordinates": [-74.0105003, 40.6783566]}, "properties": {"name": "The Robotic Church", "category": "experience", "website": "https://amorphicrobotworks.org/the-robotic-church", "address": "", "source": "OpenStreetMap", "source_id": "node/6572186518", "reason": "OpenStreetMap arts-centre tag", "nta_code": "BK0601", "neighborhood": "Carroll Gardens-Cobble Hill-Gowanus-Red Hook", "borough": "Brooklyn"}}, {"type": "Feature", "geometry": {"type": "Point", "coordinates": [-74.0027134, 40.7532777]}, "properties": {"name": "The Shed", "category": "experience", "website": "https://theshed.org/", "address": "545 West 30th Street", "source": "OpenStreetMap", "source_id": "way/681503639", "reason": "OpenStreetMap arts-centre tag", "nta_code": "MN0401", "neighborhood": "Chelsea-Hudson Yards", "borough": "Manhattan"}}, {"type": "Feature", "geometry": {"type": "Point", "coordinates": [-73.947616, 40.8084179]}, "properties": {"name": "The Studio Museum In Harlem", "category": "experience", "website": "https://studiomuseum.org/", "address": "144 West 125th Street", "source": "OpenStreetMap", "source_id": "node/5420936939", "reason": "Design-related museum or gallery", "nta_code": "MN1001", "neighborhood": "Harlem (South)", "borough": "Manhattan"}}, {"type": "Feature", "geometry": {"type": "Point", "coordinates": [-73.9897653, 40.7276617]}, "properties": {"name": "The Ukrainian Museum", "category": "experience", "website": "https://www.theukrainianmuseum.org/", "address": "222 East 6th Street", "source": "OpenStreetMap", "source_id": "way/241833272", "reason": "Design-related museum or gallery", "nta_code": "MN0303", "neighborhood": "East Village", "borough": "Manhattan"}}, {"type": "Feature", "geometry": {"type": "Point", "coordinates": [-73.8161927, 40.7647162]}, "properties": {"name": "The Voelker Orth Museum", "category": "experience", "website": "https://www.vomuseum.org/", "address": "149-19 38th Avenue", "source": "OpenStreetMap", "source_id": "way/1113221250", "reason": "Design-related museum or gallery", "nta_code": "QN0704", "neighborhood": "Murray Hill-Broadway Flushing", "borough": "Queens"}}, {"type": "Feature", "geometry": {"type": "Point", "coordinates": [-74.018312, 40.6752349]}, "properties": {"name": "The Waterfront Museum", "category": "experience", "website": "https://waterfrontmuseum.org", "address": "290 Conover Street", "source": "OpenStreetMap", "source_id": "way/382183589", "reason": "Design-related museum or gallery", "nta_code": "BK0601", "neighborhood": "Carroll Gardens-Cobble Hill-Gowanus-Red Hook", "borough": "Brooklyn"}}, {"type": "Feature", "geometry": {"type": "Point", "coordinates": [-74.1471226, 40.5433602]}, "properties": {"name": "The Wizard of Art", "category": "experience", "website": "", "address": "", "source": "OpenStreetMap", "source_id": "node/12694650526", "reason": "OpenStreetMap arts-centre tag", "nta_code": "SI0302", "neighborhood": "Great Kills-Eltingville", "borough": "Staten Island"}}, {"type": "Feature", "geometry": {"type": "Point", "coordinates": [-73.9258934, 40.8285709]}, "properties": {"name": "The Yankees Museum", "category": "experience", "website": "https://www.mlb.com/yankees/ballpark/tours/museum", "address": "", "source": "OpenStreetMap", "source_id": "node/2611640871", "reason": "Design-related museum or gallery", "nta_code": "BX0491", "neighborhood": "Yankee Stadium-Macombs Dam Park", "borough": "Bronx"}}, {"type": "Feature", "geometry": {"type": "Point", "coordinates": [-74.002629, 40.685158]}, "properties": {"name": "Toy Museum of New York", "category": "experience", "website": "", "address": "205 Columbia St, BROOKLYN, 11231", "source": "NYC DCLA", "source_id": "dcla-row-2313", "reason": "Design-related name in DCLA Museum discipline", "nta_code": "BK0601", "neighborhood": "Carroll Gardens-Cobble Hill-Gowanus-Red Hook", "borough": "Brooklyn"}}, {"type": "Feature", "geometry": {"type": "Point", "coordinates": [-74.1449463, 40.571383]}, "properties": {"name": "Transportation Museum", "category": "experience", "website": "", "address": "279 Center Street", "source": "OpenStreetMap", "source_id": "way/248268420", "reason": "Design-related museum or gallery", "nta_code": "SI0203", "neighborhood": "Todt Hill-Emerson Hill-Lighthouse Hill-Manor Heights", "borough": "Staten Island"}}, {"type": "Feature", "geometry": {"type": "Point", "coordinates": [-73.9049962, 40.6963471]}, "properties": {"name": "Tri-TryAgain", "category": "experience", "website": "https://tri-tryagain.com", "address": "981 Wyckoff Avenue", "source": "OpenStreetMap", "source_id": "node/6555764234", "reason": "OpenStreetMap arts-centre tag", "nta_code": "QN0502", "neighborhood": "Ridgewood", "borough": "Queens"}}, {"type": "Feature", "geometry": {"type": "Point", "coordinates": [-73.9868254, 40.7042022]}, "properties": {"name": "Triangle Arts Association", "category": "experience", "website": "https://www.triangleartsnyc.org/", "address": "20 Jay Street", "source": "OpenStreetMap", "source_id": "node/5562886493", "reason": "OpenStreetMap arts-centre tag", "nta_code": "BK0202", "neighborhood": "Downtown Brooklyn-DUMBO-Boerum Hill", "borough": "Brooklyn"}}, {"type": "Feature", "geometry": {"type": "Point", "coordinates": [-73.9565605, 40.7269717]}, "properties": {"name": "Triskelion Arts", "category": "experience", "website": "https://www.triskelionarts.org/", "address": "106 Calyer Street", "source": "OpenStreetMap", "source_id": "node/10988277105", "reason": "OpenStreetMap arts-centre tag", "nta_code": "BK0101", "neighborhood": "Greenpoint", "borough": "Brooklyn"}}, {"type": "Feature", "geometry": {"type": "Point", "coordinates": [-73.9913974, 40.691327]}, "properties": {"name": "True Value", "category": "make", "website": "https://ww3.truevalue.com/brunoshomecenter/", "address": "", "source": "OpenStreetMap", "source_id": "node/2523619689", "reason": "OpenStreetMap craft/workshop tag", "nta_code": "BK0201", "neighborhood": "Brooklyn Heights", "borough": "Brooklyn"}}, {"type": "Feature", "geometry": {"type": "Point", "coordinates": [-73.9186111, 40.7463889]}, "properties": {"name": "Turkish Islamic Cultural Center", "category": "experience", "website": "", "address": "", "source": "OpenStreetMap", "source_id": "node/368045827", "reason": "OpenStreetMap arts-centre tag", "nta_code": "QN0202", "neighborhood": "Sunnyside", "borough": "Queens"}}, {"type": "Feature", "geometry": {"type": "Point", "coordinates": [-73.989642, 40.72785]}, "properties": {"name": "Ukrainian Museum", "category": "experience", "website": "", "address": "222 East 6th Street, New York, 10003", "source": "NYC DCLA", "source_id": "dcla-row-2345", "reason": "Design-related name in DCLA Museum discipline", "nta_code": "MN0303", "neighborhood": "East Village", "borough": "Manhattan"}}, {"type": "Feature", "geometry": {"type": "Point", "coordinates": [-73.9854495, 40.704266]}, "properties": {"name": "Undercurrent", "category": "experience", "website": "https://undercurrent.nyc", "address": "70 John Street", "source": "OpenStreetMap", "source_id": "node/6632318536", "reason": "OpenStreetMap arts-centre tag", "nta_code": "BK0202", "neighborhood": "Downtown Brooklyn-DUMBO-Boerum Hill", "borough": "Brooklyn"}}, {"type": "Feature", "geometry": {"type": "Point", "coordinates": [-73.9533895, 40.7427467]}, "properties": {"name": "Underpenny Museum Antique & Collectables", "category": "experience", "website": "", "address": "", "source": "OpenStreetMap", "source_id": "node/5721477303", "reason": "Design-related museum or gallery", "nta_code": "QN0201", "neighborhood": "Long Island City-Hunters Point", "borough": "Queens"}}, {"type": "Feature", "geometry": {"type": "Point", "coordinates": [-73.9901287, 40.7331918]}, "properties": {"name": "Union Square Supply", "category": "make", "website": "", "address": "130 4th Avenue", "source": "OpenStreetMap", "source_id": "node/2547193350", "reason": "OpenStreetMap craft/workshop tag", "nta_code": "MN0202", "neighborhood": "Greenwich Village", "borough": "Manhattan"}}, {"type": "Feature", "geometry": {"type": "Point", "coordinates": [-73.9302533, 40.8226552]}, "properties": {"name": "Universal Hip Hop Museum", "category": "experience", "website": "https://uhhm.org", "address": "", "source": "OpenStreetMap", "source_id": "node/10291573910", "reason": "Design-related museum or gallery", "nta_code": "BX0401", "neighborhood": "Concourse-Concourse Village", "borough": "Bronx"}}, {"type": "Feature", "geometry": {"type": "Point", "coordinates": [-74.0872928, 40.6380256]}, "properties": {"name": "Universal Temple of the Arts", "category": "experience", "website": "", "address": "", "source": "OpenStreetMap", "source_id": "node/13065604027", "reason": "OpenStreetMap arts-centre tag", "nta_code": "SI0101", "neighborhood": "St. George-New Brighton", "borough": "Staten Island"}}, {"type": "Feature", "geometry": {"type": "Point", "coordinates": [-74.0181506, 40.6377741]}, "properties": {"name": "Upper Deck Screen Printing & Embroidery", "category": "make", "website": "", "address": "6302 5th Avenue", "source": "OpenStreetMap", "source_id": "node/2561668321", "reason": "OpenStreetMap craft/workshop tag", "nta_code": "BK0703", "neighborhood": "Sunset Park (Central)", "borough": "Brooklyn"}}, {"type": "Feature", "geometry": {"type": "Point", "coordinates": [-73.9791712, 40.6885885]}, "properties": {"name": "Urban Glass", "category": "experience", "website": "https://urbanglass.org", "address": "647 Fulton Street", "source": "OpenStreetMap", "source_id": "node/5960289932", "reason": "OpenStreetMap arts-centre tag", "nta_code": "BK0203", "neighborhood": "Fort Greene", "borough": "Brooklyn"}}, {"type": "Feature", "geometry": {"type": "Point", "coordinates": [-73.989451, 40.680088]}, "properties": {"name": "Van Alen Institute: Projects in Public Architecture", "category": "experience", "website": "", "address": "303 Bond St, Brooklyn, 11231", "source": "NYC DCLA", "source_id": "dcla-row-2385", "reason": "DCLA Architecture/Design discipline", "nta_code": "BK0601", "neighborhood": "Carroll Gardens-Cobble Hill-Gowanus-Red Hook", "borough": "Brooklyn"}}, {"type": "Feature", "geometry": {"type": "Point", "coordinates": [-73.9345929, 40.7159651]}, "properties": {"name": "Vandervoort Studio", "category": "make", "website": "https://www.vandervoortstudio.com", "address": "309 Vandervoort Avenue", "source": "OpenStreetMap", "source_id": "node/12889225103", "reason": "OpenStreetMap craft/workshop tag", "nta_code": "BK0104", "neighborhood": "East Williamsburg", "borough": "Brooklyn"}}, {"type": "Feature", "geometry": {"type": "Point", "coordinates": [-73.93649, 40.7131304]}, "properties": {"name": "Vector Gallery", "category": "experience", "website": "https://vectorgallery.com/", "address": "951 Grand Street", "source": "OpenStreetMap", "source_id": "node/6242155761", "reason": "Design-related museum or gallery", "nta_code": "BK0104", "neighborhood": "East Williamsburg", "borough": "Brooklyn"}}, {"type": "Feature", "geometry": {"type": "Point", "coordinates": [-73.9810635, 40.6836591]}, "properties": {"name": "Verysweetlife Studio", "category": "experience", "website": "https://www.verysweetlifestudio.com", "address": "320 Dean Street", "source": "OpenStreetMap", "source_id": "node/6883726076", "reason": "OpenStreetMap arts-centre tag", "nta_code": "BK0202", "neighborhood": "Downtown Brooklyn-DUMBO-Boerum Hill", "borough": "Brooklyn"}}, {"type": "Feature", "geometry": {"type": "Point", "coordinates": [-74.003999, 40.750094]}, "properties": {"name": "Visual AIDS for the Arts, Inc.", "category": "experience", "website": "", "address": "526 West 26th Street, New York, 10001", "source": "NYC DCLA", "source_id": "dcla-row-2400", "reason": "Design-related name in DCLA Visual Arts discipline", "nta_code": "MN0401", "neighborhood": "Chelsea-Hudson Yards", "borough": "Manhattan"}}, {"type": "Feature", "geometry": {"type": "Point", "coordinates": [-73.9955513, 40.6902977]}, "properties": {"name": "Visual Captivity", "category": "make", "website": "https://visualcaptivity.com", "address": "", "source": "OpenStreetMap", "source_id": "node/9749377433", "reason": "OpenStreetMap craft/workshop tag", "nta_code": "BK0601", "neighborhood": "Carroll Gardens-Cobble Hill-Gowanus-Red Hook", "borough": "Brooklyn"}}, {"type": "Feature", "geometry": {"type": "Point", "coordinates": [-73.964135, 40.711445]}, "properties": {"name": "Visual Understanding in Education, Inc", "category": "experience", "website": "", "address": "109 South Fifth Street, Brooklyn, 11211", "source": "NYC DCLA", "source_id": "dcla-row-2403", "reason": "Design-related name in DCLA Visual Arts discipline", "nta_code": "BK0102", "neighborhood": "Williamsburg", "borough": "Brooklyn"}}, {"type": "Feature", "geometry": {"type": "Point", "coordinates": [-74.012761, 40.706449]}, "properties": {"name": "Voices in Contemporary Art", "category": "experience", "website": "", "address": "50 Broadway, 21st Floor, New York, 10004", "source": "NYC DCLA", "source_id": "dcla-row-2410", "reason": "Design-related name in DCLA Visual Arts discipline", "nta_code": "MN0101", "neighborhood": "Financial District-Battery Park City", "borough": "Manhattan"}}, {"type": "Feature", "geometry": {"type": "Point", "coordinates": [-73.9845337, 40.737248]}, "properties": {"name": "Warshaw", "category": "make", "website": "", "address": "", "source": "OpenStreetMap", "source_id": "node/8695143166", "reason": "OpenStreetMap craft/workshop tag", "nta_code": "MN0602", "neighborhood": "Gramercy", "borough": "Manhattan"}}, {"type": "Feature", "geometry": {"type": "Point", "coordinates": [-74.017654, 40.675183]}, "properties": {"name": "Waterfront Museum", "category": "experience", "website": "", "address": "290 Conover St, Brooklyn, 11231", "source": "NYC DCLA", "source_id": "dcla-row-2426", "reason": "Design-related name in DCLA Museum discipline", "nta_code": "BK0601", "neighborhood": "Carroll Gardens-Cobble Hill-Gowanus-Red Hook", "borough": "Brooklyn"}}, {"type": "Feature", "geometry": {"type": "Point", "coordinates": [-73.7121718, 40.7366648]}, "properties": {"name": "Wedding Bells Video & Photography", "category": "make", "website": "https://theweddingbells.us/", "address": "255-19 Hillside Avenue", "source": "OpenStreetMap", "source_id": "node/6148321844", "reason": "OpenStreetMap craft/workshop tag", "nta_code": "QN1301", "neighborhood": "Glen Oaks-Floral Park-New Hyde Park", "borough": "Queens"}}, {"type": "Feature", "geometry": {"type": "Point", "coordinates": [-73.9380343, 40.7038545]}, "properties": {"name": "Wendy's Subway", "category": "experience", "website": "https://wendyssubway.com/", "address": "379 Bushwick Avenue", "source": "OpenStreetMap", "source_id": "node/6381064025", "reason": "OpenStreetMap arts-centre tag", "nta_code": "BK0104", "neighborhood": "East Williamsburg", "borough": "Brooklyn"}}, {"type": "Feature", "geometry": {"type": "Point", "coordinates": [-73.846559, 40.843115]}, "properties": {"name": "Westchester Square Art Center", "category": "experience", "website": "", "address": "2616 East Tremont Avenue, New York, 10461", "source": "NYC DCLA", "source_id": "dcla-row-2440", "reason": "Design-related name in DCLA Visual Arts discipline", "nta_code": "BX1001", "neighborhood": "Westchester Square", "borough": "Bronx"}}, {"type": "Feature", "geometry": {"type": "Point", "coordinates": [-74.0089385, 40.739633]}, "properties": {"name": "Whitney Museum of American Art", "category": "experience", "website": "https://www.whitney.org/", "address": "99 Gansevoort Street", "source": "OpenStreetMap", "source_id": "way/288749896", "reason": "Design-related museum or gallery", "nta_code": "MN0203", "neighborhood": "West Village", "borough": "Manhattan"}}, {"type": "Feature", "geometry": {"type": "Point", "coordinates": [-73.9904159, 40.643426]}, "properties": {"name": "Wide Printing", "category": "make", "website": "", "address": "", "source": "OpenStreetMap", "source_id": "node/2561930498", "reason": "OpenStreetMap craft/workshop tag", "nta_code": "BK1201", "neighborhood": "Sunset Park (East)-Borough Park (West)", "borough": "Brooklyn"}}, {"type": "Feature", "geometry": {"type": "Point", "coordinates": [-73.9919506, 40.7145159]}, "properties": {"name": "Y.H. Printing", "category": "make", "website": "", "address": "2 Orchard Street", "source": "OpenStreetMap", "source_id": "node/7797556390", "reason": "OpenStreetMap craft/workshop tag", "nta_code": "MN0301", "neighborhood": "Chinatown-Two Bridges", "borough": "Manhattan"}}, {"type": "Feature", "geometry": {"type": "Point", "coordinates": [-73.7954826, 40.7221431]}, "properties": {"name": "Yeh Art Gallary", "category": "experience", "website": "https://sjuartgallery.org", "address": "81-50B Utopia Parkway", "source": "OpenStreetMap", "source_id": "way/248317423", "reason": "Design-related museum or gallery", "nta_code": "QN0802", "neighborhood": "Pomonok-Electchester-Hillcrest", "borough": "Queens"}}, {"type": "Feature", "geometry": {"type": "Point", "coordinates": [-73.9938312, 40.737978]}, "properties": {"name": "Yeshiva University Museum", "category": "experience", "website": "https://www.yumuseum.org/", "address": "", "source": "OpenStreetMap", "source_id": "node/368061605", "reason": "Design-related museum or gallery", "nta_code": "MN0501", "neighborhood": "Midtown South-Flatiron-Union Square", "borough": "Manhattan"}}, {"type": "Feature", "geometry": {"type": "Point", "coordinates": [-73.9649416, 40.7686374]}, "properties": {"name": "Zabar Art Library", "category": "learn", "website": "https://library.hunter.cuny.edu/zabar-art-library", "address": "695 Park Avenue", "source": "OpenStreetMap", "source_id": "node/7003280529", "reason": "Design-related library", "nta_code": "MN0802", "neighborhood": "Upper East Side-Carnegie Hill", "borough": "Manhattan"}}, {"type": "Feature", "geometry": {"type": "Point", "coordinates": [-73.9937321, 40.7257629]}, "properties": {"name": "Z\u00fcrcher Studio", "category": "experience", "website": "https://galeriezurcher.com", "address": "33 Bleecker Street", "source": "OpenStreetMap", "source_id": "node/6222196494", "reason": "Design-related museum or gallery", "nta_code": "MN0202", "neighborhood": "Greenwich Village", "borough": "Manhattan"}}]}