include,name,suggested_category,longitude,latitude,address,website,source,source_id,reason
,.,,-73.9814603,40.765029,,,OpenStreetMap,node/11385016367,Requires manual review
,1199 SEIU Funds,,-74.1453778,40.6251523,,,OpenStreetMap,node/10759848847,Requires manual review
,122 Community Center Inc.,,-73.984785,40.728261,"150 First Avenue, New York, 10009",,NYC DCLA,dcla-row-2,Requires manual review
,123 Dry Cleaner & Tailoring,,-74.0003078,40.6127731,7807 17th Avenue,,OpenStreetMap,node/5853859977,Requires manual review
,125 Newbury,,-74.0027752,40.7185831,395 Broadway,https://125newbury.com/,OpenStreetMap,node/13682884531,Requires manual review
,125th Street Library,,-73.9348516,40.8030185,224 East 125th Street,https://www.nypl.org/locations/125th-street,OpenStreetMap,way/271605663,Requires manual review
,"1687, Inc.",,-74.002288,40.735031,"29 Charles Street #6F, New York, 10014",,NYC DCLA,dcla-row-4,Requires manual review
,17 Frost Gallery,,-73.9513839,40.7175806,17 Frost Street,https://www.17frost.com/,OpenStreetMap,node/6217127467,Design-related museum or gallery
,18 Mai Committee,,-73.958419,40.669459,"832 Franklin Avenue, PMB337, Brooklyn, 11225",,NYC DCLA,dcla-row-5,Requires manual review
,186f Kepler,,-73.9971521,40.7167838,171 Canal Street,,OpenStreetMap,node/6318314034,Requires manual review
,20/20 Vision for Schools,,-73.976059,40.725251,"428 East 10th Street, New York, 10009",,NYC DCLA,dcla-row-6,Requires manual review
,2020 Incubator LLC,,-73.964853,40.683468,"499 Washington Avenue, New York, 11238",,NYC DCLA,dcla-row-7,Requires manual review
,24 Hour Company,,-73.991303,40.687071,"51 Bergen Street, Brooklyn, 11201",,NYC DCLA,dcla-row-8,Requires manual review
,"3 Graces Theater Co., Inc.",,-73.942567,40.809045,"56 West 128th Street, New York, 10027",,NYC DCLA,dcla-row-9,Requires manual review
,303 Gallery,,-74.0075391,40.7475429,555 West 21st Street,https://www.303gallery.com,OpenStreetMap,node/8062794938,Requires manual review
,310 Art,,-73.9885562,40.6882094,,https://www.gallerykooy.com,OpenStreetMap,node/10128879471,Design-related museum or gallery
,328 Laundromat,,-73.973393,40.6455135,,,OpenStreetMap,node/8713314335,Requires manual review
,3CEasy,,-73.7889671,40.7398701,,,OpenStreetMap,node/11422171418,Requires manual review
,3rd Avenue Clay,,-73.9899789,40.6729742,,,OpenStreetMap,node/6332084466,OpenStreetMap craft/workshop tag
,"42nd Street Workshop, Inc.",,-73.994781,40.750393,"421 Eighth Avenue, New York, 10116",,NYC DCLA,dcla-row-10,Requires manual review
,43 & 43 Cleaners,,-73.9215979,40.7451526,42-16 43rd Avenue,,OpenStreetMap,node/2845010842,Requires manual review
,440 Gallery,,-73.9843548,40.6677841,,https://440gallery.com,OpenStreetMap,node/5706241704,Requires manual review
,490 Atlantic,,-73.9820567,40.6856808,,https://490atlantic.com,OpenStreetMap,node/10710987382,Requires manual review
,4A AMERICAN ALLIANCE OF ARTISTS AND AUDIENCES INC,,-74.007156,40.705,"99 Wall Street Frnt 1, New York, 10005",,NYC DCLA,dcla-row-11,Requires manual review
,"4heads, Inc.",,-73.959415,40.67922,"1022 Pacific St., Brooklyn, 11238",,NYC DCLA,dcla-row-12,Requires manual review
,4th Avenue Cleaners,,-73.979491,40.6822571,,,OpenStreetMap,node/5624602914,Requires manual review
,4th Floor Studios,,-73.9218209,40.7044275,349 Suydam Street,https://www.4thfloorbrooklyn.com/,OpenStreetMap,way/925402925,OpenStreetMap arts-centre tag
,"52nd Street Project, Inc.",,-73.990365,40.766661,"789 Tenth Avenue, New York, 10019",,NYC DCLA,dcla-row-13,Requires manual review
,532 Gallery Thomas Jaeckel,,-74.0047674,40.7495009,,https://www.532gallery.com,OpenStreetMap,node/10859974150,Requires manual review
,58th Street Library,,-73.9691028,40.7619839,127 East 58th Street,https://www.nypl.org/locations/58th-street,OpenStreetMap,node/2613889033,Requires manual review
,651 ARTS,,-73.9783857,40.6863972,10 Lafayette Avenue,https://www.651arts.org,OpenStreetMap,node/13695739588,OpenStreetMap arts-centre tag
,67th Street Library,,-73.9595495,40.7649116,328 East 67th Street,https://www.nypl.org/locations/67th-street,OpenStreetMap,way/266871312,Requires manual review
,78th Precint Youth Council,,-73.9760636,40.6729355,774 Carroll Street,https://78pyc.org,OpenStreetMap,node/6069483242,Requires manual review
,81 Leonard Gallery,,-74.0049014,40.7174539,,https://www.81leonardgallery.com,OpenStreetMap,node/8060623707,Requires manual review
,826NYC,,-73.9847277,40.6714103,,https://826nyc.org,OpenStreetMap,node/9200018580,Requires manual review
,"826NYC, Inc.",,-73.984492,40.671365,"372 Fifth Avenue, Brooklyn, 11215",,NYC DCLA,dcla-row-14,Requires manual review
,85 Custom Tailor,,-73.9532915,40.7775152,226 East 85th Street,,OpenStreetMap,node/11001137270,Requires manual review
,8th Green Cleaners,,-73.9809328,40.6639218,1202 8th Avenue,,OpenStreetMap,node/2568698360,Requires manual review
,9/11 Memorial & Museum,,-74.0127418,40.711456,180 Greenwich Street,https://www.911memorial.org/,OpenStreetMap,way/278033604,Design-related museum or gallery
,"92nd Street Y, New York",,-73.9527658,40.7830439,1395 Lexington Avenue,https://www.92ny.org/,OpenStreetMap,node/3729655969,OpenStreetMap arts-centre tag
,96th Street Library,,-73.9518083,40.7859577,112 East 96th Street,https://www.nypl.org/locations/96th-street,OpenStreetMap,way/266924969,Requires manual review
,99 St Cleaners,,-74.0332106,40.6136372,,,OpenStreetMap,node/2552509947,Requires manual review
,99¢ Gi Gi 6832 Trading,,-74.0261418,40.6359527,,,OpenStreetMap,node/9779751309,Requires manual review
,9th & Smith Studio,,-73.995161,40.6743426,59D 9th Street,https://www.9bkstudio.com,OpenStreetMap,node/6436656509,OpenStreetMap craft/workshop tag
,9th Street Glass & Signs,,-73.9924001,40.67187,160 9th Street,,OpenStreetMap,way/248171270,Requires manual review
,A & C Stainless Steel,,-74.0011021,40.6601329,,https://www.ancstainless.com,OpenStreetMap,node/7070066917,Requires manual review
,A & R Energy,,-73.8689387,40.845234,1825 Unionport Road,,OpenStreetMap,node/9646711775,Requires manual review
,"A Better Jamaica, Inc.",,-73.771003,40.693113,"114-73 178th St, Jamaica, 11434",,NYC DCLA,dcla-row-20,Requires manual review
,A Blade of Grass Fund,,-73.980041,40.666155,"487 9th Street, #4, New York, 11215",,NYC DCLA,dcla-row-22,Requires manual review
,A Chance in Life,,-74.1192632,40.6342546,,,OpenStreetMap,node/12969610538,Requires manual review
,A Change of A Dress,,-73.9631027,40.7995318,101 West 106th Street,,OpenStreetMap,node/11538535381,Requires manual review
,A Plus Graphic,,-74.0210743,40.6344378,475 68th Street,https://aplusny.net,OpenStreetMap,node/2553164660,OpenStreetMap craft/workshop tag
,"A Public Space Literary Projects, Inc.",,-73.975298,40.732967,"601 East 20th Street, New York, 10010",,NYC DCLA,dcla-row-148,Requires manual review
,A Real Advantage Construction,,-73.7628452,40.6809438,178-16 Eveleth Road,https://www.arealadvantageconstruction.com/,OpenStreetMap,node/3510618402,Requires manual review
,A Taste of Honey Professional Catering,,-74.1748574,40.6035527,,,OpenStreetMap,node/12758109474,Requires manual review
,A#1 Universal Electrical,,-73.9848591,40.6594409,,,OpenStreetMap,node/2562039188,Requires manual review
,A&B Iron Works,,-74.0132145,40.6792866,142 Conover Street,http://ironworksny.com,OpenStreetMap,way/248169042,Requires manual review
,A&D Iron Works,,-73.9956409,40.6602301,305 24th Street,,OpenStreetMap,way/247930722,Requires manual review
,A&E Glass,,-74.2337829,40.5379752,,,OpenStreetMap,node/12456546127,Requires manual review
,A&S Caters Grill,,-74.1635841,40.6075593,,,OpenStreetMap,node/10310031542,Requires manual review
,A+ Jenny Dry Clean,,-73.9832862,40.7373319,,,OpenStreetMap,node/10585445254,Requires manual review
,a83,,-74.0026147,40.7215845,83 Grand Street,https://a83.site,OpenStreetMap,way/249664383,Requires manual review
,AAPI Services,,-74.0886897,40.606976,,,OpenStreetMap,node/13184510057,Requires manual review
,Aaron Davis Hall,,-73.9514195,40.8175291,,,OpenStreetMap,way/271892481,OpenStreetMap arts-centre tag
,ABC Cooperation,,-74.003227,40.753017,"545 West 30th Street, New York, 10001",,NYC DCLA,dcla-row-18,DCLA Architecture/Design discipline
,ABC No Rio,,-73.986122,40.718943,"107 Suffolk Street, New York, 10002",,NYC DCLA,dcla-row-19,Requires manual review
,ABC Siding,,-73.7726618,40.709755,186-14 Jamaica Avenue,,OpenStreetMap,node/7925479899,Requires manual review
,ABCO Locksmith,,-73.8430429,40.7193899,71-52 Austin Street,,OpenStreetMap,node/10739819910,Requires manual review
,Abe Art,,-73.9563203,40.6756787,660 Franklin Avenue,https://avantgardeabe.com,OpenStreetMap,node/10595145812,Design-related museum or gallery
,Abingdon Theatre Company,,-73.924507,40.763038,"31-57 31st St, Unit 617, Astoria, 11106",,NYC DCLA,dcla-row-21,Requires manual review
,Abraham Lincoln Brigade Archives,,-74.000873,40.739066,"239 W 14th street, New York, 10011",,NYC DCLA,dcla-row-24,Requires manual review
,"Abraham.In.Motion, Inc.",,-73.998546,40.74212,"219 West 19th Street, New York, 10011",,NYC DCLA,dcla-row-23,Requires manual review
,ABRI MARS,,-73.9851754,40.7202681,53a Stanton Street,,OpenStreetMap,node/12549884714,Requires manual review
,Abrons Arts Center,,-73.9837408,40.715245,466 Grand Street,https://www.abronsartscenter.org/,OpenStreetMap,node/368043384,OpenStreetMap arts-centre tag
,"AbunDance Academy of the Arts, Inc.",,-73.958544,40.664222,"90 Sullivan Place, Brooklyn, 11225",,NYC DCLA,dcla-row-25,Requires manual review
,"Abundant Waters, Inc.",,-73.992636,40.759302,"400 W.43rd St. #36G, New York, 10036",,NYC DCLA,dcla-row-26,Requires manual review
,ACA Galleries,,-74.0068474,40.7465429,529 West 20th Street,,OpenStreetMap,node/10873196749,Requires manual review
,Academy of American Poets,,-74.007758,40.707657,"75 Maiden Ln, New York, 10038",,NYC DCLA,dcla-row-27,Requires manual review
,"Academy of Bosnia and Herzegovina, Inc.",,-73.905506,40.757194,"55-23 31st Avenue, Woodside, 11377",,NYC DCLA,dcla-row-28,Requires manual review
,Access Theater,,-74.002958,40.718112,"380 Broadway Fourth Floor, New York, 10013",,NYC DCLA,dcla-row-29,Requires manual review
,Accurate Electrical Contractors Corp.,,-74.1176009,40.5728212,,,OpenStreetMap,node/13128789596,Requires manual review
,Ace Digital Printing,,-73.906603,40.7420583,58-25 Queens Boulevard,,OpenStreetMap,node/10805485473,OpenStreetMap craft/workshop tag
,"ACMP Associated Chamber Music Players, Inc.",,-73.989073,40.743523,"1133 Broadway, Suite 810, New York, 10010",,NYC DCLA,dcla-row-30,Requires manual review
,ACTIONPLAY INCORPORATED,,-73.970359,40.690694,"227 Clermont Ave. #3, Brooklyn, 11205",,NYC DCLA,dcla-row-31,Requires manual review
,"Actors Center, Inc.",,-73.992417,40.753612,"520 8th Avenue, New York, 10018",,NYC DCLA,dcla-row-33,Requires manual review
,Actors Company Theatre,,-73.989773,40.739109,"900 Broadway, Suite 905, New York, 10003",,NYC DCLA,dcla-row-34,Requires manual review
,"Actors Theatre Workshop, Inc.",,-73.991829,40.746602,"145 West 28th Street, New York, 10001",,NYC DCLA,dcla-row-35,Requires manual review
,Actors' Fund of America,,-73.983973,40.760103,"729 7th Ave, New York, 10019",,NYC DCLA,dcla-row-32,Requires manual review
,Adams Street Library,,-73.988277,40.7043774,9 Adams Street,https://www.bklynlibrary.org/locations/adams-street,OpenStreetMap,node/9633577330,Requires manual review
,ADAPT Community Network,,-74.1356103,40.6344478,,,OpenStreetMap,node/12988608487,Requires manual review
,Ador Graphics,,-73.9794956,40.6419205,,,OpenStreetMap,node/9740077043,Requires manual review
,ADP,,-73.8368197,40.5795363,,,OpenStreetMap,node/7194158061,Requires manual review
,Advanced Plumbing,,-74.0184003,40.650128,123 50th Street,https://www.advanced-plumbing-nyc.com,OpenStreetMap,node/9802461600,Requires manual review
,Advanced Shoe Repair,,-73.9662266,40.7541167,893 1st Avenue,,OpenStreetMap,node/5395640218,Requires manual review
,Advani Pest Control,,-73.8783457,40.7366202,85-12 Queens Boulevard,,OpenStreetMap,node/11512186838,Requires manual review
,Advantage Cleaning LLC,,-73.9919721,40.7459943,121 West 27th Street,https://advantagecleaningllc.net/,OpenStreetMap,node/12035557925,Requires manual review
,AENY - SPANISH ARTISTS IN NEW YORK INC.,,-74.000873,40.739066,"239 West 14th St, New York, 10011",,NYC DCLA,dcla-row-36,Requires manual review
,"AFC New York, Inc.",,-73.986587,40.704313,"20 Jay Street, Brooklyn, 11201",,NYC DCLA,dcla-row-37,Requires manual review
,African American Women In Cinema,,-73.857136,40.833615,"2006 Westchester Avenue, Parkchester, 10462",,NYC DCLA,dcla-row-38,Requires manual review
,"African Cultural Center, Inc.",,-73.983516,40.755651,"1120 Avenue of the Americas, New York City, 10036",,NYC DCLA,dcla-row-39,Requires manual review
,African Cultural Community,,-74.0861237,40.6458165,74B Westervelt Avenue,,OpenStreetMap,node/13057029094,Requires manual review
,African Diaspora Film Festival,,-73.965797,40.803795,"535 Cathedral Parkway St 14B, New York, 10025",,NYC DCLA,dcla-row-40,Requires manual review
,"African Film Festival, Inc.",,-73.996547,40.740493,"154 West 18th Street, Suite 2A, New York, 10011",,NYC DCLA,dcla-row-41,Requires manual review
,"African Peach Arts Coalition Inc, (APAC)",,-73.917329,40.677353,"15 Louis Pl, Brooklyn, 11233",,NYC DCLA,dcla-row-42,Requires manual review
,"African Services Committee, Inc.",,-73.953849,40.813002,"429 W 127th Street, New York, 10027",,NYC DCLA,dcla-row-43,Requires manual review
,"African Voices Communications, Inc.",,-73.962568,40.688594,"325 Lafayette Avenue, CF Suite, Brooklyn, 11238",,NYC DCLA,dcla-row-44,Requires manual review
,Afrikan Poetry Theatre,,-73.7841179,40.7081459,176-03 Jamaica Avenue,https://www.theafrikanpoetrytheatre.org,OpenStreetMap,way/248592805,OpenStreetMap arts-centre tag
,"Afrikan Poetry Theatre, Inc.",,-73.784233,40.707941,"176-03 Jamaica Ave., Jamaica, 11432",,NYC DCLA,dcla-row-45,Requires manual review
,Afrikart,,-73.9818385,40.6882527,295 Livingston Street,https://afrikartonline.com/,OpenStreetMap,node/2550005810,Requires manual review
,Afro Brazil Arts,,-73.986122,40.718943,"107 Suffolk Street #307, New York, 10002",,NYC DCLA,dcla-row-47,Requires manual review
,"Afro-Asian, Inc.",,-73.986122,40.718943,"107 Suffolk Street #213-A, New York,  NY, 10002",,NYC DCLA,dcla-row-46,Requires manual review
,Afro-Heritage Venture,,-73.860358,40.667414,"901 Drew Street suite 222, Brooklyn, 11208",,NYC DCLA,dcla-row-48,Requires manual review
,"Afro-Latin Jazz Alliance of New York, Inc.",,-73.947537,40.786963,"215 East 99th Street, New York, 10029",,NYC DCLA,dcla-row-49,Requires manual review
,"Afrolatin Project, Inc.",,-73.877046,40.644788,"11325 Seaview Ave, Brooklyn, 11239",,NYC DCLA,dcla-row-50,Requires manual review
,"After School Rocks, Inc.",,-73.781866,40.728972,"187-08 Union Turnpike, Fresh Meadows, 11366",,NYC DCLA,dcla-row-51,Requires manual review
,Agi Sewer & Drains,,-73.9731124,40.6083826,1818 McDonald Avenue,,OpenStreetMap,node/13588247610,Requires manual review
,"AGM Theater Company, Inc.",,-73.949425,40.802359,"130 Malcolm X Blvd, New York, 10026",,NYC DCLA,dcla-row-53,Requires manual review
,Agora Gallery,,-74.0046681,40.7494529,530 West 25th Street,https://agora-gallery.com/,OpenStreetMap,node/11340692126,Requires manual review
,Agra Heights,,-73.9214323,40.6980672,226 Wilson Avenue,https://agraheightsbrooklynnyc.com/,OpenStreetMap,node/5455609330,Requires manual review
,"Agudath Israel of America Community Services, Inc.",,-74.012909,40.70627,"42 Broadway, 14th Floor, New York, 10004",,NYC DCLA,dcla-row-54,Requires manual review
,Aguilar Library,,-73.943463,40.7941736,174 East 110th Street,https://www.nypl.org/locations/aguilar,OpenStreetMap,way/271277515,Requires manual review
,AHHABROADWAY INC,,-73.931531,40.858811,"4558 Broadway, Unit 736, New York, 10040",,NYC DCLA,dcla-row-55,Requires manual review
,"AHL Foundation, Inc.",,-73.94482,40.81888,"2605 Frederick Douglass Blvd, New York, 10030",,NYC DCLA,dcla-row-56,Requires manual review
,"Aims of Modzawe, Inc.",,-73.767423,40.695966,"187-40 Quencer Road, St. Albans, 11412",,NYC DCLA,dcla-row-57,Requires manual review
,Air Tin Supply Inc.,,-74.1509544,40.6368262,,,OpenStreetMap,node/13188809581,Requires manual review
,Air-Care & Chimney Cleaning,,-73.9562841,40.5822089,10 Brighton 11th Street,,OpenStreetMap,node/10590328167,Requires manual review
,AJ Iron Work,,-73.98348,40.6814727,,,OpenStreetMap,node/10128431419,Requires manual review
,AJ Plumbling Supplies,,-73.9931046,40.7175558,,,OpenStreetMap,node/7891022306,OpenStreetMap craft/workshop tag
,"Aks Chorale, Inc.",,-73.964949,40.810012,"456 Riverside Drive Apt 7B, New York, 10027",,NYC DCLA,dcla-row-58,Requires manual review
,"AKTINA Productions, Inc.",,-73.926599,40.771024,"21-02 28th Avenue, Astoria, 11102",,NYC DCLA,dcla-row-59,Requires manual review
,Aladdin Plumbing,,-73.9983198,40.6742652,,https://www.aladdinplumbingcorp.com,OpenStreetMap,node/11288747756,Requires manual review
,"Alarm Will Sound, Inc.",,-73.970246,40.749294,"45 Tudor City Pl, New York, 10017",,NYC DCLA,dcla-row-60,Requires manual review
,"Alba Windows and Doors, Corp",,-73.9074631,40.7075321,576 Fairview Avenue,,OpenStreetMap,node/5373514306,Requires manual review
,Alba Wood Works,,-73.8970082,40.7126506,,,OpenStreetMap,node/9349745711,Requires manual review
,Albanian Artists Association,,-73.947936,40.788786,"169 east 101st street, New York, 10029",,NYC DCLA,dcla-row-61,Requires manual review
,Albanian Community Center,,-74.0963225,40.5742481,,,OpenStreetMap,node/13128356507,Requires manual review
,Albert Einstein College of Medicine,,-73.8466832,40.8527336,,http://www.einstein.yu.edu/,OpenStreetMap,relation/16033895,Requires manual review
,Albertz Benda Gallery,,-74.0035864,40.7500552,515 West 26th Street,https://www.albertzbenda.com/,OpenStreetMap,node/10861434354,Requires manual review
,Alchemy Theatre Company of Manhattan,,-73.993254,40.758682,"412 W. 42nd Street, New York, 10036",,NYC DCLA,dcla-row-62,Requires manual review
,Alex Figliola Water & Sewer,,-73.9901281,40.6737005,193 6th Street,https://alexfigliolia.com,OpenStreetMap,node/8199446541,Requires manual review
,Alex Figliola Water & Sewer,,-73.9574791,40.6781133,,https://alexfigliolia.com,OpenStreetMap,node/9440738951,Requires manual review
,Alex Shoe Repair Watch Repair,,-73.9791157,40.7239793,99-103 Avenue C,,OpenStreetMap,node/2567533490,Requires manual review
,Alexander & Sons Upholstery,,-73.9543591,40.7720208,334 East 78th Street,https://www.alexanderandsonsupholstery.com,OpenStreetMap,node/6691104528,Requires manual review
,Alexander and Bonin,,-74.0036388,40.7190232,47 Walker Street,,OpenStreetMap,node/6261902489,Requires manual review
,Alexander and Buono Worldwide Inc,,-73.981247,40.750131,"244 Madison Ave, New York City, 10016",,NYC DCLA,dcla-row-63,Requires manual review
,Alexander Gray Associates Gallery,,-74.0036422,40.7497859,510 West 26th Street,https://alexandergray.com,OpenStreetMap,node/10861434363,Requires manual review
,"Alianza Dominicana, Inc.",,-73.93159,40.847177,"2410 Amsterdam Ave, New York, 10033",,NYC DCLA,dcla-row-64,Requires manual review
,Alice Austen House,,-74.0630286,40.6151272,2 Hylan Boulevard,https://aliceausten.org/,OpenStreetMap,way/244060305,Requires manual review
,Alice Tully Hall,,-73.9825787,40.773503,1941 Broadway,https://www.lincolncenter.org/venue/alice-tully-hall,OpenStreetMap,node/368053954,OpenStreetMap arts-centre tag
,"Alison Cook Beatty Dance, Inc.",,-73.946792,40.774905,"529 E 85th St, New York, 10028",,NYC DCLA,dcla-row-65,Requires manual review
,"Alkemie Early Music Ensemble, Inc.",,-73.956079,40.653121,"2101 Bedford Ave, Brooklyn, 11226",,NYC DCLA,dcla-row-66,Requires manual review
,All City Iron Works,,-73.9871045,40.6772619,,,OpenStreetMap,node/6446540514,Requires manual review
,"All Faiths Restoration & Beautification Program, Inc",,-73.889067,40.712297,"67-29 Metropolitan Avenue, Queens, 11731",,NYC DCLA,dcla-row-68,Requires manual review
,"All For One Theater Festival, Inc.",,-73.983684,40.761964,"1650 Broadway, New York, 10019",,NYC DCLA,dcla-row-69,Requires manual review
,"All Out Arts, Inc.",,-73.958385,40.763816,"404 East 66th Street apt 11g, New York, 10065",,NYC DCLA,dcla-row-76,Requires manual review
,All Pro Plumbing and Heating,,-73.9048551,40.7105837,63-03 Forest Avenue,,OpenStreetMap,node/5373443078,Requires manual review
,All Pro Sewer & Drain Services,,-74.1965583,40.5855613,"472 Wild Ave, Staten Island",https://cleanstatenislandsewage.com/,OpenStreetMap,node/13604174883,Requires manual review
,All Star Locksmith & Hardware,,-73.9630916,40.6751531,725 Washington Avenue,,OpenStreetMap,node/2568918235,OpenStreetMap craft/workshop tag
,All Street Gallery,,-73.9883259,40.725038,,https://allstnyc.com,OpenStreetMap,node/12088942774,Requires manual review
,All United Window Corporation,,-73.961582,40.6974769,97 Classon Avenue,,OpenStreetMap,way/250351782,Requires manual review
,Alladin Bakers,,-73.9965864,40.6590463,240 25th Street,https://www.aladdinbakers.com,OpenStreetMap,way/736833336,Requires manual review
,Allboro,,-73.9961916,40.663302,157 21st Street,http://allboro.net,OpenStreetMap,way/248241035,Requires manual review
,Allen Tailor & Cleaning,,-73.9893906,40.720582,150 Allen Street,,OpenStreetMap,node/2555126623,Requires manual review
,Allerton Library,,-73.8632084,40.8667997,2740 Barnes Avenue,https://www.nypl.org/locations/allerton,OpenStreetMap,way/281707541,Requires manual review
,"Alley Pond Environmental Center, Inc.",,-73.752373,40.763261,"229-10 Northern Blvd, Douglaston, 11362",,NYC DCLA,dcla-row-67,Requires manual review
,Alliance for Inclusion in the Arts,,-73.984843,40.75886,"1560 Broadway, Suite 1600, New York, 10036",,NYC DCLA,dcla-row-70,Requires manual review
,"Alliance for the Development of Theatre Artists, Inc.",,-73.992417,40.753612,"520 Eighth Ave, New York, 10018",,NYC DCLA,dcla-row-71,Requires manual review
,"Alliance for Young Artists and Writers, Inc.",,-73.998138,40.723835,"557 Broadway, New York, 10012",,NYC DCLA,dcla-row-72,Requires manual review
,"Alliance of Queens Artists, Inc.",,-73.853439,40.71086,"99-10 Metropolitan Avenue, Forest Hills, 11375",,NYC DCLA,dcla-row-73,Requires manual review
,"Alliance of Resident Theatres / New York, Inc.",,-73.992417,40.753612,"520 8th Avenue, New York, 10018",,NYC DCLA,dcla-row-74,Requires manual review
,"Allied Productions, Inc.",,-73.977549,40.724319,"368 E 8th St SFW, New York, 10009",,NYC DCLA,dcla-row-75,Requires manual review
,Allouche Gallery,,-74.0003875,40.7227411,,https://allouchegallery.com,OpenStreetMap,node/10784508205,Requires manual review
,Allstar Fabrication,,-73.8416793,40.6870141,97-12 102nd Street,,OpenStreetMap,way/282273440,Requires manual review
,"Alpha Omega 1-7 Theatrical Dance Company, Inc.",,-73.990331,40.726563,"70 East 4th Street, New York, 10003",,NYC DCLA,dcla-row-77,Requires manual review
,"Alpha Workshops, Inc.",,-73.987079,40.676204,"322 3rd Avenue, Brooklyn, 11215",,NYC DCLA,dcla-row-78,DCLA Architecture/Design discipline
,Alter Phase Roofing,,-74.07987,40.591521,61 Appleby Avenue,https://alterphaseroofing.com,OpenStreetMap,node/11858265878,Requires manual review
,Alteration Concept,,-74.0074559,40.7350364,129 Perry Street,,OpenStreetMap,node/6121758850,Requires manual review
,Alul Bayt Islamic Library,,-73.9794043,40.6849938,,,OpenStreetMap,node/5891517722,Requires manual review
,Alwan Foundation,,-74.012375,40.704983,"16 Beaver Street, New York, 10004",,NYC DCLA,dcla-row-80,Requires manual review
,AM:PM Gallery,,-73.9565553,40.7107596,108 Marcy Avenue,https://ampmgallery.com/,OpenStreetMap,node/10716466801,Requires manual review
,"Amanda & James, Incorporated",,-73.999906,40.723058,"94 Mercer Street, New York, 10012",,NYC DCLA,dcla-row-81,Requires manual review
,Amanita,,-73.9919779,40.7251309,313 Bowery,,OpenStreetMap,node/8076261683,Requires manual review
,Amant,,-73.9369874,40.7122306,315 Maujer Street,https://www.amant.org/,OpenStreetMap,node/12269996789,Requires manual review
,Amant,,-73.9368193,40.7118522,306 Maujer Street,https://www.amant.org/,OpenStreetMap,node/12847512614,Requires manual review
,"Amas Musical Theatre, Inc.",,-73.991449,40.760038,"630 Ninth Avenue, New York, 10036",,NYC DCLA,dcla-row-82,Requires manual review
,"Amaterasu Za, Inc.",,-74.009718,40.71641,"139 Reade Street, New York, 10013",,NYC DCLA,dcla-row-83,Requires manual review
,Amaya's Bookreads Inc.,,-73.923027,40.863263,"569 Academy St, New York, 10034",,NYC DCLA,dcla-row-84,Requires manual review
,Ambiance Style,,-73.9784374,40.5756595,1015 Surf Avenue,https://ambiancestyle.com/,OpenStreetMap,node/9811756180,Requires manual review
,America SCORES New York,,-73.992417,40.753612,"520 8th Avenue, New York, 10031",,NYC DCLA,dcla-row-123,Requires manual review
,American Academy of Dramatic Arts,,-73.9847757,40.7455156,120 Madison Avenue,https://www.aada.edu/campuses/new-york-campus-overview,OpenStreetMap,node/3356089621,Design-related college or university
,American Academy of Dramatic Arts,,-73.984691,40.745402,"120 Madison Ave, New York, 7307",,NYC DCLA,dcla-row-85,Requires manual review
,American Bard Theater Company,,-73.987402,40.743909,"4 E 27th Street, Unit 20077, New York, 10001",,NYC DCLA,dcla-row-86,Requires manual review
,"American Bolero Dance Company, Inc.",,-73.948837,40.753508,"42-24 9th Street, Long Island City, 11101",,NYC DCLA,dcla-row-87,Requires manual review
,"American Center for Musical Arts, Inc.",,-73.982412,40.778954,"201 West 72nd Street, Suite 3 K, New York, 10023",,NYC DCLA,dcla-row-88,Requires manual review
,American Civil Liberties Union,,-74.0107645,40.7023065,125 Broad Street,,OpenStreetMap,node/5455437321,Requires manual review
,"American Classical Orchestra, Inc.",,-73.977494,40.789358,"552 West End Avenue, New York, 10024",,NYC DCLA,dcla-row-89,Requires manual review
,American Composers Orchestra,,-73.987427,40.744521,"244 Fifth Avenue, Suite 1257, New York, 10001",,NYC DCLA,dcla-row-90,Requires manual review
,"American Dance Guild, Inc.",,-73.98012,40.78727,"320 West 83rd Street, Apt. 7D, New York, 10024",,NYC DCLA,dcla-row-91,Requires manual review
,"American Dance Machine for the 21st Century Foundation, Inc.",,-73.961258,40.776857,"45 East 80th Street, New York, 10075",,NYC DCLA,dcla-row-92,Requires manual review
,American Documentary,,-73.986587,40.704313,"20 Jay Street, Brooklyn, 11201",,NYC DCLA,dcla-row-93,Requires manual review
,"American Federation of Arts, Inc.",,-73.969548,40.752862,"305 East 47th Street, New York, 10017",,NYC DCLA,dcla-row-94,Design-related name in DCLA Visual Arts discipline
,American Federation of the Arts,,-73.9691129,40.7527797,305 East 47th Street,,OpenStreetMap,node/2711639369,Design-related community or association
,American Folk Art Museum,,-73.9815958,40.7732296,2 Lincoln Square,http://www.folkartmuseum.org,OpenStreetMap,node/3224793125,Design-related museum or gallery
,American Folk Art Museum,,-73.980154,40.773003,"2 Lincoln Square, New York, 10023",,NYC DCLA,dcla-row-95,Design-related name in DCLA Museum discipline
,"American Friends of Chicken Shed, Inc.",,-73.986753,40.754707,"1441 Broadway, New York, 10018",,NYC DCLA,dcla-row-96,Requires manual review
,American Friends of the Ludwig Foundation of Cuba,,-73.980932,40.754371,"4 West 43rd Street, New York, 10036",,NYC DCLA,dcla-row-97,Requires manual review
,American G.C. Contracting,,-74.1376819,40.6116352,,,OpenStreetMap,node/13072901964,Requires manual review
,"American Globe Theatre, Ltd.",,-73.983547,40.757946,"145 West 46th Street, New York, 10036",,NYC DCLA,dcla-row-98,Requires manual review
,"American Indian Artists, Inc.",,-73.982862,40.728102,"288 E 10th St, New York, 10009",,NYC DCLA,dcla-row-99,Requires manual review
,"American Indian Community House, Inc.",,-73.989457,40.754595,"234 W 39th St, New York, 10018",,NYC DCLA,dcla-row-100,Requires manual review
,American Institute of Architects,,-73.998532,40.728575,"536 LaGuardia Place, New York, 10012",,NYC DCLA,dcla-row-101,DCLA Architecture/Design discipline
,American Institute of Graphic Arts,,-74.007892,40.712265,"233 Broadway, New York, 10279",,NYC DCLA,dcla-row-102,DCLA Architecture/Design discipline
,American Jewish Historical Society,,-73.993454,40.737677,"15 West 16th Street, New York, 10011",,NYC DCLA,dcla-row-103,Requires manual review
,American Kennel Club Museum of the Dog,,-73.978485,40.750992,"101 Park Avenue, New York, 10178",,NYC DCLA,dcla-row-104,Requires manual review
,"American Lyric Theater Center, Inc.",,-73.98852,40.745309,"1178 Broadway, New York, 10001",,NYC DCLA,dcla-row-106,Requires manual review
,American Museum of Natural History,,-73.974211,40.7810986,200 Central Park West,https://www.amnh.org/,OpenStreetMap,way/388436810,Design-related museum or gallery
,American Museum of the Moving Image,,-73.924377,40.756206,"36-01 35th Avenue, Astoria, 11106",,NYC DCLA,dcla-row-108,Requires manual review
,American Musical and Dramatic Academy,,-73.9875128,40.7722047,211 West 61st Street,https://www.amda.edu/campuses/new-york,OpenStreetMap,node/7661904666,Requires manual review
,"American Opera Projects, Inc.",,-73.973221,40.685073,"138 S Oxford St, Brooklyn, 11217",,NYC DCLA,dcla-row-111,Requires manual review
,American Opera/Musical Theatre Co Inc,,-73.98623,40.770676,"175 W. 60th St, New York, 10023",,NYC DCLA,dcla-row-110,Requires manual review
,"American Performing Arts Collaborative, Inc.",,-73.953685,40.81029,"6 Hancock Place, New York City, 10027",,NYC DCLA,dcla-row-112,Requires manual review
,"American Place Theatre, Inc.",,-73.991449,40.760038,"630 Ninth Avenue, New York, 10036",,NYC DCLA,dcla-row-113,Requires manual review
,"American Story Project Theater Company, Inc.",,-73.995023,40.750033,"412 Eighth Avenue, Manhattan, 10116",,NYC DCLA,dcla-row-115,Requires manual review
,American Symphony Orchestra League,,-73.992417,40.753612,"520 8th Avenue, New York, 10018",,NYC DCLA,dcla-row-117,Requires manual review
,"American Symphony Orchestra, Inc.",,-73.978803,40.762103,"1330 Avenue of the Americas, New York, 10019",,NYC DCLA,dcla-row-116,Requires manual review
,"American Tap Dance Foundation, Inc.",,-74.008129,40.73273,"154 Christopher Street #2B, New York, 10014",,NYC DCLA,dcla-row-118,Requires manual review
,American Theatre of Harlem,,-73.973221,40.685073,"138 S. Oxford Street, Brooklyn, 11217",,NYC DCLA,dcla-row-119,Requires manual review
,American Theatre Wing,,-73.984184,40.753183,"58 W 40th St, New York, 10018",,NYC DCLA,dcla-row-120,Requires manual review
,"American Turkish Society, Inc.",,-73.986161,40.754946,"1460 Broadway, New York, 10036",,NYC DCLA,dcla-row-121,Requires manual review
,"American Vicarious, Inc.",,-73.990108,40.67355,"200 6th St #3A, New York, 11215",,NYC DCLA,dcla-row-122,Requires manual review
,"Americas Society, Inc.",,-73.965563,40.768739,"680 Park Avenue, New York, 10065",,NYC DCLA,dcla-row-124,Requires manual review
,Amigos del Museo del Barrio,,-73.951992,40.793072,"1230 Fifth Avenue, New York, 10029",,NYC DCLA,dcla-row-125,Requires manual review
,Ammazzacaffè,,-73.9446152,40.7114031,702 Grand Street,https://ammazzacaffe.nyc/,OpenStreetMap,node/5594595555,Requires manual review
,"Amore Opera, Inc.",,-73.975534,40.77943,"27 West 76th St. #2B, New York, 10023",,NYC DCLA,dcla-row-127,Requires manual review
,Amorino,,-73.9938859,40.7328943,60 University Place,,OpenStreetMap,node/3497534428,Requires manual review
,Amos Eno Gallery,,-73.9332632,40.7057978,56 Bogart Street,https://www.amoseno.org,OpenStreetMap,node/6448226408,Design-related museum or gallery
,"Amos Eno Gallery, Inc.",,-73.994241,40.694888,"191 Henry St., Manhattan, 10002",,NYC DCLA,dcla-row-128,Requires manual review
,"An Claidheamh Soluis, Inc.",,-73.993978,40.76676,"726 11th Ave, New York, 10019",,NYC DCLA,dcla-row-129,Requires manual review
,Anamnisis Wedding Corp.,,-73.9115859,40.764638,42-11 28th Avenue,https://anamnisisweddings.com,OpenStreetMap,node/2846566329,Requires manual review
,Anat Egbi,,-74.002932,40.7175972,372 Broadway,https://anatebgi.com,OpenStreetMap,way/1349122395,Requires manual review
,Anchor Plumbing,,-73.9452086,40.7186502,,,OpenStreetMap,node/6068993412,Requires manual review
,Andrade Shoe Repair,,-73.9636556,40.7686811,946 Lexington Avenue,http://andradenyc.com/,OpenStreetMap,node/2723866725,Requires manual review
,Andrade Shoe Repair,,-74.0041852,40.7330881,320 Bleecker Street,,OpenStreetMap,node/5265713165,Requires manual review
,Andrade Shoe Repair,,-73.9539469,40.7778004,210 East 85th Street,,OpenStreetMap,node/7097336616,Requires manual review
,Andrew Heiskell Braille and Talking Book Library,,-73.9933185,40.7405048,40 West 20th Street,https://nypl.org/locations/heiskell,OpenStreetMap,node/2622762117,Requires manual review
,Andrew Kreps Gallery,,-74.0020133,40.7181761,22 Cortlandt Alley,,OpenStreetMap,node/2563930256,Requires manual review
,Angel Dry Cleaners,,-73.9566501,40.6908921,,,OpenStreetMap,node/2568142045,Requires manual review
,Angel Orensanz Foundation,,-73.9857912,40.7211816,172 Norfolk Street,https://angelorensanz.com/,OpenStreetMap,node/4697762580,OpenStreetMap arts-centre tag
,"Angel Orensanz Foundation, Inc",,-73.985927,40.721174,"172 Norfolk Street, New York, 10002",,NYC DCLA,dcla-row-131,Requires manual review
,"Animation Project, Inc.",,-74.005779,40.714824,"291 Broadway, Manhattan, 10007",,NYC DCLA,dcla-row-132,Requires manual review
,"AnkhLave Arts Alliance, Inc.",,-73.938632,40.8027,"2011 Lexington Ave, #4, New York, 10035",,NYC DCLA,dcla-row-133,Requires manual review
,Anna Zorina Gallery,,-74.0053524,40.7489431,532 West 24th Street,https://www.annazorinagallery.com,OpenStreetMap,node/10859974163,Requires manual review
,"Annabella Gonzalez Dance Theater, Inc.",,-73.958752,40.783345,"4 East 89th Street, #P-C, New York, 10128",,NYC DCLA,dcla-row-134,Requires manual review
,"Anne Frank Center USA, Inc.",,-73.987427,40.744521,"244 Fifth Ave, New York, 10001",,NYC DCLA,dcla-row-135,Requires manual review
,ANONYMOUS ENSEMBLE INC,,-73.992767,40.683311,"249 Smith St., Brooklyn, 11231",,NYC DCLA,dcla-row-136,Requires manual review
,"Ansonia Music Outreach Organization, Inc.",,-73.931061,40.855188,"330 Wadsworth Avenue 2G, New York, 10040",,NYC DCLA,dcla-row-137,Requires manual review
,"Anthology Film Archives, Inc.",,-73.990486,40.724716,"32 Second Avenue, New York, 10003",,NYC DCLA,dcla-row-138,Requires manual review
,"Anthropologists, Inc.",,-73.940087,40.851661,"100 Cabrini Blvd., New York, 10033",,NYC DCLA,dcla-row-139,Requires manual review
,Anthropology Museum of the People of New York,,-73.814744,40.737459,"64-19 Kissena Boulevard, Flushing, 11367",,NYC DCLA,dcla-row-140,Design-related name in DCLA Museum discipline
,"Anti-Social Music, Inc.",,-73.982674,40.715701,"500C Grand St, New York, 10002",,NYC DCLA,dcla-row-141,Requires manual review
,Antonio Ceriello Electric,,-74.0053794,40.68363,,https://www.antoniocerielloelectric.com,OpenStreetMap,node/9788926257,Requires manual review
,Antun's Catering Hall,,-73.7349139,40.7174885,96-43 Springfield Boulevard,,OpenStreetMap,way/247686774,Requires manual review
,Anya & Andrew Shiva Gallery,,-73.9902725,40.771366,860 11th Avenue,https://shivagallery.org/,OpenStreetMap,node/7618290787,Requires manual review
,Anyone Corporation,,-73.990285,40.743523,"41 WEST 25TH ST FL 11, NEW YORK CITY, 10010",,NYC DCLA,dcla-row-142,DCLA Architecture/Design discipline
,"Aperture Foundation, Inc.",,-74.003483,40.751494,"548 W 28th St, New York, 10001",,NYC DCLA,dcla-row-143,Requires manual review
,Apex for Youth Inc.,,-73.991904,40.721922,"195 Chrystie Street, #200, New York, 10002",,NYC DCLA,dcla-row-145,Requires manual review
,ApexArt Curatorial Program,,-74.004654,40.719084,"291 Church St, New York, 10013",,NYC DCLA,dcla-row-144,Requires manual review
,"Apollo Theater Foundation, Inc.",,-73.95021,40.809778,"253 West 125th Street, New York, 10027",,NYC DCLA,dcla-row-146,Requires manual review
,Apple Core Electronics,,-73.932976,40.7032134,991 Flushing Avenue,http://applecoreelectronics.com/,OpenStreetMap,node/5801941631,Requires manual review
,Apple Samsung Doctor Guy,,-73.9496803,40.6770163,,,OpenStreetMap,node/10179186550,Requires manual review
,"Appleby Foundation, Inc.",,-73.997478,40.724612,"579 Broadway, 4B, Apt. 4B, New York, 10012",,NYC DCLA,dcla-row-147,Requires manual review
,Aqua Plumbing Supply,,-73.9393723,40.6780832,1499 Atlantic Avenue,,OpenStreetMap,node/6019920905,Requires manual review
,AQUA VIM,,-73.9223998,40.7315608,54-08 46th Street,https://aquavim.com/,OpenStreetMap,node/11924748337,Requires manual review
,Aquarius Studios,,-73.901529,40.6938943,1116 Wyckoff Avenue,https://aquariusstudiosnyc.com/,OpenStreetMap,node/9707425778,Requires manual review
,AquaTech,,-74.2355823,40.5378715,,,OpenStreetMap,node/12456546150,Requires manual review
,"Arab American Association of NY, Inc.",,-74.021444,40.63238,"7111 5th Avenue, Brooklyn, 11209",,NYC DCLA,dcla-row-150,Requires manual review
,Arab-American Family Support Center Inc.,,-73.992806,40.688806,"150 Court Street, Brooklyn, 11201",,NYC DCLA,dcla-row-151,Requires manual review
,ARC Athens Inc,,-73.93065,40.809255,"220 East 134th Street, Bronx, 10451",,NYC DCLA,dcla-row-152,Requires manual review
,"ARC on 4th Street, Inc.",,-73.990807,40.726785,"59 East 4th Street, New York, 10003",,NYC DCLA,dcla-row-156,Requires manual review
,Arcadia Electrical,,-73.9042921,40.6959249,10-05 Wyckoff Avenue,http://www.arcadiaelectrical.com/,OpenStreetMap,node/5565094838,Requires manual review
,"Archipelago Books, Inc.",,-73.987671,40.674909,"232 Third Street, Suite A111, Brooklyn, 11215",,NYC DCLA,dcla-row-153,Requires manual review
,"Architectural Atlantic Stairs, Inc.",,-73.9369954,40.7085444,284 Meserole Street,https://atlanticstairs.com/,OpenStreetMap,node/6049761556,OpenStreetMap craft/workshop tag
,Architectural Grille,,-73.9937538,40.6746752,42 2nd Avenue,https://www.archgrille.com,OpenStreetMap,way/1159044549,OpenStreetMap craft/workshop tag
,Architectural League of New York,,-73.997157,40.72496,"594 Broadway, Suite 607, New York, 10012",,NYC DCLA,dcla-row-154,DCLA Architecture/Design discipline
,Archive for Research in Archetypal Symbolism,,-73.980023,40.750619,"28 E 39th St, New York, 10016",,NYC DCLA,dcla-row-155,Requires manual review
,"Arcos Orchestra, Ltd.",,-73.955138,40.78765,"17 E 96th St 14B, New York, 10128",,NYC DCLA,dcla-row-157,Requires manual review
,Arctic Cycle,,-73.995339,40.726267,"64 Bleecker Street, New York, 10012",,NYC DCLA,dcla-row-158,Requires manual review
,Ardea Arts,,-74.001147,40.722419,"463 Broome Street, New York, 10013",,NYC DCLA,dcla-row-159,Requires manual review
,"Arete Education, Inc.",,-73.927092,40.819057,"557 Grand Concourse, Suite 140, #3, New York, 10451",,NYC DCLA,dcla-row-160,Requires manual review
,Arete Living Arts Foundation,,-73.95749,40.735643,"64 Dupont St 2L, Brooklyn, 11222",,NYC DCLA,dcla-row-161,Requires manual review
,Arlington Library,,-73.8872386,40.6806855,203 Arlington Avenue,https://www.bklynlibrary.org/locations/arlington,OpenStreetMap,way/250205282,Requires manual review
,"Armitage Foundation, Ltd.",,-74.006414,40.719748,"9 N. Moore St., New York, 10013",,NYC DCLA,dcla-row-163,Requires manual review
,Armstrong Roofing Corp.,,-74.1062545,40.5744489,,,OpenStreetMap,node/12677429768,Requires manual review
,Arnald & Marie Schwartz Hall of Dental Science,,-73.9784045,40.7379606,345 East 24th Street,,OpenStreetMap,way/264762244,Requires manual review
,Arnica Heating & Air Conditioning Inc.,,-74.0774921,40.6251197,,,OpenStreetMap,node/13048630630,Requires manual review
,Aroma Indian,,-73.8686023,40.7232534,63-40 Woodhaven Boulevard,http://www.aromaindiannyc.com/,OpenStreetMap,node/6696347202,Requires manual review
,"Around the Block, Inc.",,-73.988976,40.740426,"5 East 22nd Street, Suite 9K, New York, 10010",,NYC DCLA,dcla-row-164,Requires manual review
,"Ars Nova Theater I, Inc.",,-73.990469,40.76741,"511 West 54th Street, New York, 10019",,NYC DCLA,dcla-row-165,Requires manual review
,Arsenal Contemporary Art,,-73.9937691,40.7218041,214 Bowery,https://www.arsenalcontemporary.com/ny/home,OpenStreetMap,node/9652307019,Design-related museum or gallery
,"Art Beyond Sight, Inc.",,-73.997305,40.724818,"589 Broadway, 3rd Floor, New York, 10012",,NYC DCLA,dcla-row-170,Requires manual review
,Art Center,,-73.8197775,40.7364981,,,OpenStreetMap,node/7237410533,OpenStreetMap arts-centre tag
,Art Clinic,,-73.9831736,40.7187633,106 Ridge Street,,OpenStreetMap,node/2713432144,Design-related museum or gallery
,"Art Deco Society of New York, Inc.",,-73.963283,40.757576,"400 East 56th Street, Suite 39N, New York, 10022",,NYC DCLA,dcla-row-175,DCLA Architecture/Design discipline
,"Art Directors Club, Inc.",,-73.99062,40.746882,"106 West 29th Street, New York, 10001",,NYC DCLA,dcla-row-176,DCLA Architecture/Design discipline
,"Art for Change, Inc.",,-73.946001,40.792606,"1699 Lexington Avenue, New York, 10029",,NYC DCLA,dcla-row-178,Requires manual review
,Art For Progress,,-73.99776,40.718455,"133 Mulberry Street, #4W1, New York, 10013",,NYC DCLA,dcla-row-179,Requires manual review
,Art Fun Studio,,-74.0373574,40.6150376,,https://www.artfunstudio.com/,OpenStreetMap,node/13310695178,OpenStreetMap arts-centre tag
,Art House Astoria Conservatory for Music and Art,,-73.930025,40.764312,"23-35 Broadway, Astoria, 11106",,NYC DCLA,dcla-row-181,Requires manual review
,Art in the Park inc,,-73.942384,40.80734,"8 West 126th street, New York, 10037",,NYC DCLA,dcla-row-185,Requires manual review
,Art Lab,,-74.1026605,40.6439951,,https://artlabsi.com/,OpenStreetMap,node/424061246,Design-related museum or gallery
,"Art Lab, Inc.",,-74.104753,40.645075,"1000 RICHMOND TER STE 10, Staten Island, 10301",,NYC DCLA,dcla-row-197,Design-related name in DCLA Visual Arts discipline
,Art Loisaida Foundation,,-73.979601,40.725963,"608 East 9th Street, New York, 10009",,NYC DCLA,dcla-row-198,Requires manual review
,"Art of Brooklyn Festival, Inc.",,-74.031526,40.634612,"145 72nd Street, Brooklyn, 11209",,NYC DCLA,dcla-row-199,Requires manual review
,"Art of the Early Keyboard, Inc.",,-73.980145,40.778865,"170 West 73rd Street, Apt 3C, New York, 10023",,NYC DCLA,dcla-row-200,Requires manual review
,Art Omi Inc.,,-73.994422,40.734877,"55 Fifth Avenue, New York, 10003",,NYC DCLA,dcla-row-201,Requires manual review
,Art Projects International,,-74.0098159,40.7226366,434 Greenwich Street,,OpenStreetMap,node/2565702271,Design-related museum or gallery
,"Art Radio International, Inc.",,-74.011789,40.679416,"159 Pioneer St, Brooklyn, 11231",,NYC DCLA,dcla-row-203,Design-related name in DCLA New Media discipline
,"Art Resources for Teachers and Students, Inc.",,-73.990863,40.713311,"134 Henry Street, New York, 11372",,NYC DCLA,dcla-row-204,Requires manual review
,Art Resources Transfer,,-74.003999,40.750094,"526 W 26th St., New York, 10001",,NYC DCLA,dcla-row-205,Requires manual review
,"Art Start, Inc.",,-74.003999,40.750094,"526 W 26th St, New York, 10001",,NYC DCLA,dcla-row-226,Requires manual review
,Art Students League of New York,,-73.980896,40.765894,"215 W 57th St, New York, 10019",,NYC DCLA,dcla-row-227,Design-related name in DCLA Visual Arts discipline
,Art World ESPO,,-73.9798764,40.6824711,72 4th Avenue,,OpenStreetMap,node/2550063510,Design-related museum or gallery
,"Art's House Schools, Inc.",,-73.98266,40.5755,"1507 Surf Avenue, Brooklyn, 11224",,NYC DCLA,dcla-row-166,Requires manual review
,Art+Ray,,-73.9867283,40.7290786,305 East 9th Street,https://www.artraynyc.com,OpenStreetMap,node/7098491803,Design-related museum or gallery
,"Art21, Inc.",,-73.993937,40.748299,"231 W. 29th St, New York, 10001",,NYC DCLA,dcla-row-167,Requires manual review
,Art4aids,,-73.962469,40.647016,"1800 Albemarle rd, brooklyn, 11226",,NYC DCLA,dcla-row-168,Requires manual review
,"ArtBridge Projects, Inc.",,-74.003999,40.750094,"526 West 26th Street, New York, 10001",,NYC DCLA,dcla-row-171,Requires manual review
,"ArtCrawl Harlem, Inc.",,-73.949271,40.805211,"153 West 120th Street, New York, 10027",,NYC DCLA,dcla-row-173,Requires manual review
,"ArteEast, Inc.",,-73.981292,40.667253,"320 7th Ave, Brooklyn, 11215",,NYC DCLA,dcla-row-177,Requires manual review
,"artHARLEM, Inc.",,-73.948827,40.804181,"104 West 119th Street, Suite 3, New York, 10026",,NYC DCLA,dcla-row-180,Requires manual review
,"Arthur Aviles Typical Theatre, Inc.",,-73.845078,40.838109,"2474 Westchester Avenue, New York, 10461",,NYC DCLA,dcla-row-182,Requires manual review
,Arthur Miller Foundation,,-73.996197,40.735344,"56 W 12th St, New York, 10011",,NYC DCLA,dcla-row-183,Requires manual review
,Arthur's Shoe Repair,,-73.9567701,40.7730219,232 East 78th Street,,OpenStreetMap,node/5266894492,Requires manual review
,"Artichoke Dance Company, Inc.",,-73.969233,40.676602,"675 Vanderbilt Avenue, Brooklyn, 11238",,NYC DCLA,dcla-row-184,Requires manual review
,Artist Exchange International on Broadway,,-73.986122,40.718943,"107 Suffolk Street, #35, New York, 10002",,NYC DCLA,dcla-row-187,Requires manual review
,Artist's Memorial,,-74.1124055,40.6219694,,,OpenStreetMap,node/12140835793,Requires manual review
,"Artist's Theatre Repertory Ensemble, Inc.",,-73.851965,40.724783,"6776 Booth St, Forest Hills, 11375",,NYC DCLA,dcla-row-186,Requires manual review
,"Artistic Dreams International, Inc.",,-74.009396,40.706331,"48 Wall Street, NEW YORK, 10005",,NYC DCLA,dcla-row-188,Requires manual review
,"Artistic Noise, Inc.",,-73.946369,40.81164,"2185 Adam Clayton Powell Jr Blvd, New York, 10027",,NYC DCLA,dcla-row-189,Requires manual review
,"Artists Alliance, Inc.",,-73.986122,40.718943,"107 Suffolk Street, New York, 10002",,NYC DCLA,dcla-row-190,Requires manual review
,"Artists Forum, Inc.",,-73.943899,40.788616,"1998 2nd Avenue, New York, 10029",,NYC DCLA,dcla-row-191,Requires manual review
,"Artists in Residence, Inc.",,-73.987077,40.703784,"155 Plymouth Street, Brooklyn, 11201",,NYC DCLA,dcla-row-192,Requires manual review
,Artists Space,,-74.002269,40.717774,"11 Cortlandt Alley, New York, 10013",,NYC DCLA,dcla-row-193,Requires manual review
,"Artists Unite, Inc.",,-73.937231,40.851978,"730 W. 183rd Street #3D, New York, 10033",,NYC DCLA,dcla-row-194,Requires manual review
,Artopolis Development,,-73.989733,40.669993,"284 10th Street, Brooklyn, 11215",,NYC DCLA,dcla-row-202,Requires manual review
,"Arts & Business Council, Inc.",,-73.975584,40.760324,"1 East 53rd Street, 3rd Floor, New York, 10022",,NYC DCLA,dcla-row-207,Requires manual review
,"Arts & Democracy, Inc.",,-73.974573,40.66735,"88 Prospect Park West #3D, Brooklyn, 11215",,NYC DCLA,dcla-row-208,Requires manual review
,"Arts & Education Continuum, Inc.",,-73.94494,40.805563,"27 Mount Morris Park West, New York, 10027",,NYC DCLA,dcla-row-209,Requires manual review
,"Arts @ Henson-Parks, Inc.",,-73.775888,40.691401,"11460 174TH STREET, JAMAICA, 11434",,NYC DCLA,dcla-row-206,Design-related name in DCLA Photography discipline
,Arts and Rhymes Who Got Style Wall,,-73.9263316,40.7051526,424 Melrose Street,,OpenStreetMap,node/5695089807,Design-related museum or gallery
,Arts Business Collaborative,,-73.947485,40.747757,"44-70 21st Street #3096, Long Island City, 11101",,NYC DCLA,dcla-row-210,Requires manual review
,"Arts Connection, Inc.",,-73.986693,40.749344,"45 West 34th Street, New York, 10001",,NYC DCLA,dcla-row-211,Requires manual review
,"Arts For All, Inc.",,-73.989185,40.742916,"1115 Broadway, New York, 10010",,NYC DCLA,dcla-row-212,Requires manual review
,"Arts for Art, Inc.",,-73.986122,40.718943,"107 Suffolk Street, #300, New York, 10002",,NYC DCLA,dcla-row-213,Requires manual review
,"Arts Gowanus, Inc.",,-73.984973,40.677354,"540 President St, BNA Studio 16, Brooklyn, 11215",,NYC DCLA,dcla-row-215,Requires manual review
,"Arts Horizons New York, Inc.",,-73.952785,40.810512,"289 St. Nicholas Avenue (Lower Level), New York, 10027",,NYC DCLA,dcla-row-217,Design-related name in DCLA Visual Arts discipline
,"Arts Ignite, Inc.",,-73.989132,40.755265,"240 West 40th Street, New York, 10018",,NYC DCLA,dcla-row-218,Requires manual review
,Arts Indonesia,,-73.899643,40.69804,"1064 Seneca Avenue, Ridgewood, 11385",,NYC DCLA,dcla-row-219,Requires manual review
,Arts on Site,,-73.989363,40.7289599,,https://www.artsonsite.org,OpenStreetMap,node/7041092622,OpenStreetMap arts-centre tag
,"Arts On Site NYC, Inc.",,-73.989133,40.729209,"12 Saint Marks Place, New York, 10003",,NYC DCLA,dcla-row-222,Requires manual review
,"Arts Resources in Collaboration, Inc.",,-73.990705,40.731413,"70 East 10th Street, NYC, 10003",,NYC DCLA,dcla-row-225,Requires manual review
,"Artsgenesis, Inc.",,-74.008129,40.73273,"154 Christopher Street, Suite 2A, New York, 10014",,NYC DCLA,dcla-row-214,Requires manual review
,Artshack Brooklyn,,-73.9540236,40.6848308,,https://www.artshackbrooklyn.org,OpenStreetMap,node/9140337297,OpenStreetMap arts-centre tag
,Artspectrum,,-73.938349,40.791957,"2130 1st Ave., #1809, New York, 10029",,NYC DCLA,dcla-row-224,Requires manual review
,ArtTable,,-73.975584,40.760324,"1 East 53rd Street, New York, 10022",,NYC DCLA,dcla-row-229,Requires manual review
,Arty Goodness,,-73.9673243,40.6963842,,https://artygoodness.com,OpenStreetMap,node/13357743370,Requires manual review
,Asase Yaa Cultural Arts Foundation,,-73.974421,40.685488,"80 Hanson Pl, Brooklyn, 11217",,NYC DCLA,dcla-row-230,Requires manual review
,"Ascension Music Chorus and Orchestra, Inc.",,-73.995775,40.734328,"12 West 11th Street, New York, 10011",,NYC DCLA,dcla-row-231,Requires manual review
,"ASDT, Inc. - The American Spanish Dance Theatre",,-73.989958,40.75981,"356 West 45th Street, New York, 10036",,NYC DCLA,dcla-row-232,Requires manual review
,ASE HVAC,,-73.8999721,40.7236626,65-31 Grand Avenue,https://ase-hvac.com/,OpenStreetMap,node/10780451993,Requires manual review
,Ashley Longshore Studio Gallery,,-73.9986288,40.7217498,,https://ashleylongshore.com,OpenStreetMap,node/12477113527,Design-related museum or gallery
,"Asia Art Archive in America, Inc.",,-73.994331,40.700027,"23 Cranberry Street, Brooklyn, 11201",,NYC DCLA,dcla-row-233,Design-related name in DCLA Visual Arts discipline
,Asia Society,,-73.9642913,40.7698384,725 Park Avenue,https://asiasociety.org/new-york,OpenStreetMap,way/266887857,Requires manual review
,Asia Society,,-73.964594,40.770032,"725 Park Avenue, New York, 10021",,NYC DCLA,dcla-row-244,Requires manual review
,"Asian American Activity Center, Inc.",,-74.002644,40.718488,"396 Broadway, Suite 205, New York, 10013",,NYC DCLA,dcla-row-234,Requires manual review
,Asian American Arts Alliance,,-73.983845,40.751443,"29 W 38th Street, New York, 10018",,NYC DCLA,dcla-row-235,Requires manual review
,"Asian American Arts Centre, Inc.",,-73.987038,40.719036,"111 Norfolk Street, New York, 10002",,NYC DCLA,dcla-row-236,Design-related name in DCLA Visual Arts discipline
,Asian American Coalition for Education,,-73.777844,40.753503,"202-39 Rocky Hill Road, Bayside, 11361",,NYC DCLA,dcla-row-237,Requires manual review
,"Asian American Film Lab, Inc.",,-73.981426,40.754599,"25 W. 43 Street, #1000 attn:  Film Lab, New York, 10036",,NYC DCLA,dcla-row-238,Requires manual review
,"Asian American Women Artists Alliance, Inc.",,-73.99234,40.667018,"136 15th Street, Brooklyn, 11215",,NYC DCLA,dcla-row-239,Requires manual review
,Asian American Writers' Workshop,,-73.991602,40.74568,"110-112 West 27th Street, New York, 10001",,NYC DCLA,dcla-row-240,Requires manual review
,"Asian Cultural Council, Inc.",,-73.979288,40.757904,"1 Rockefeller Plaza, New York, 10020",,NYC DCLA,dcla-row-242,Requires manual review
,Asphalt Green Sports and Arts Center,,-73.9434721,40.7782209,,,OpenStreetMap,node/368045890,OpenStreetMap arts-centre tag
,"Association for Cultural Equity, Inc.",,-73.97688,40.737878,"425 E 25th Street, New York, 10010",,NYC DCLA,dcla-row-245,Requires manual review
,"Association for Development of Dramatic Arts, Inc.",,-73.984965,40.780002,"310 West 72nd Street, New York, 10023",,NYC DCLA,dcla-row-246,Requires manual review
,Association for the Development of Vocal Artistry and Neighborhood Cultural Enrichment,,-73.982126,40.781377,"255 W 75th St, New York, 10023",,NYC DCLA,dcla-row-248,Requires manual review
,"Association of Dominican Classical Artists, Inc.",,-73.914082,40.804496,"699 EAST 137TH STREET, Bronx, 10454",,NYC DCLA,dcla-row-249,Requires manual review
,Association of the Bar of the City of New York,,-73.9819926,40.7555187,42 West 44th Street,https://www.nycbar.org/,OpenStreetMap,node/368043739,Requires manual review
,Astoria Art Center,,-73.9130766,40.7776358,27-02 Ditmars Boulevard,,OpenStreetMap,node/2853174745,Design-related museum or gallery
,Astoria Big Band,,-74.003987,40.725644,"161 Sixth Avenue, 14th floor, New York, 10013",,NYC DCLA,dcla-row-250,Requires manual review
,Astoria Fashion Fabrics Inc.,,-73.9191996,40.7660167,33-13 30th Avenue,,OpenStreetMap,node/5147364724,OpenStreetMap craft/workshop tag
,Astoria Film Festival Inc,,-73.93496,40.764208,"3355 14 St, Astoria, 11106",,NYC DCLA,dcla-row-251,Requires manual review
,"Astoria Music Society, Inc.",,-73.917575,40.778324,"22-70 23rd Street, Astoria, 11105",,NYC DCLA,dcla-row-252,Requires manual review
,Astoria Performing Arts Center,,-73.923921,40.757447,"Kaufman Astoria Studios, Astoria, 11106",,NYC DCLA,dcla-row-253,Requires manual review
,Astoria Woodworking Collective,,-73.9297251,40.7719961,1210 Astoria Boulevard,https://www.astoriawoodworkers.org,OpenStreetMap,node/12119077245,Requires manual review
,Asya Geisberg Gallery,,-74.0055651,40.7484842,537b West 23rd Street,https://www.asyageisberggallery.com,OpenStreetMap,node/10859974170,Requires manual review
,Athena Theatre,,-73.938269,40.843094,"1224 St. Nicholas Avenue, New York, 10032",,NYC DCLA,dcla-row-255,Requires manual review
,Atlantic Avenue Local Development Corp,,-73.9818859,40.6856143,,https://www.atlanticave.org,OpenStreetMap,node/10710987381,Requires manual review
,Atlantic Avenue Local Development Corporation,,-73.981716,40.685711,"494 Atlantic Avenue, Brooklyn, 11217",,NYC DCLA,dcla-row-256,Requires manual review
,Atlantic Dry Cleaners,,-73.9844084,40.6877217,68 Bond Street,,OpenStreetMap,node/6680340131,Requires manual review
,Atlantic Security Wholesale,,-73.9649702,40.6814082,,,OpenStreetMap,node/10997993462,Requires manual review
,Atlantic Theater Company,,-74.004659,40.741915,"76 9th Avenue, New York, 10011",,NYC DCLA,dcla-row-257,Requires manual review
,Atlantic Welding Company,,-74.0010085,40.6602887,791 3rd Avenue,https://www.airweld.net/,OpenStreetMap,node/7057019226,OpenStreetMap craft/workshop tag
,"Aubin Pictures, Inc.",,-73.9996,40.720313,"138 Grand St 5WR, New York, 10013",,NYC DCLA,dcla-row-258,Requires manual review
,Auburndale Branch Queens Borough Public Library,,-73.7927778,40.7702778,,,OpenStreetMap,node/368050028,Requires manual review
,Audubon Center at the Boathouse,,-73.9652545,40.6607659,,https://www.prospectpark.org/visit-the-park/places-to-go/audubon-center/,OpenStreetMap,node/6614268647,Requires manual review
,Aura Photo,,-73.9804592,40.7288244,515 East 12th Street,,OpenStreetMap,node/8789612571,Requires manual review
,Australian Aboriginal Theatre Initiative,,-73.989678,40.725827,"60 2nd Avenue, New York, 10003",,NYC DCLA,dcla-row-261,Requires manual review
,Authorized Service Centers NY,,-73.8354028,40.7178322,113-05 Queens Boulevard,,OpenStreetMap,node/2870940791,Requires manual review
,Aviation Services,,-73.8117557,40.6598806,,,OpenStreetMap,node/7862246551,Requires manual review
,Avid Signs & Graphics,,-74.2328733,40.5384823,32 Carlin Street,,OpenStreetMap,node/12456546122,Requires manual review
,Azzuro Dry Cleaning & Shoe Repair,,-73.9929462,40.6934301,104 Clinton Street,http://azzurocleaning.com,OpenStreetMap,node/2494202785,Requires manual review
,B&B Sheet Metal,,-73.9432202,40.7403958,,,OpenStreetMap,way/280627917,Requires manual review
,B&D Heating,,-73.9984535,40.6568976,,,OpenStreetMap,way/249622055,Requires manual review
,BA Community Service of Bay Ridge,,-74.0219677,40.6340242,,,OpenStreetMap,node/11480683222,Requires manual review
,BAAD! Bronx Academy of Arts and Dance,,-73.8445749,40.8382428,Westchester Avenue,http://www.BronxAcademyOfArtsAndDance.org,OpenStreetMap,node/2505091601,OpenStreetMap arts-centre tag
,Baal Shem Tov Library,,-73.9591261,40.6256389,1709 Avenue J,https://www.thebaalshemtovlibrary.com/,OpenStreetMap,way/249778526,Requires manual review
,Bab Al-Yemen,,-74.0203512,40.6341189,507 68th Street,,OpenStreetMap,node/2553164674,Requires manual review
,Babycastles,,-73.9987539,40.7383952,145 West 14th Street,https://babycastles.com/,OpenStreetMap,node/4220188487,Requires manual review
,Babycastles Studio Inc.,,-73.998156,40.737921,"145 W 14th Street, New York, 10011",,NYC DCLA,dcla-row-265,Design-related name in DCLA New Media discipline
,BAC,,-73.9973055,40.7560502,450 West 37th Street,https://www.bacnyc.org/,OpenStreetMap,node/6374886586,OpenStreetMap arts-centre tag
,Bailey's Cafe,,-73.928835,40.681747,"324 Malcolm X Boulevard, Brooklyn, 11233",,NYC DCLA,dcla-row-266,Requires manual review
,Baked,,-74.0132688,40.6768587,,,OpenStreetMap,node/3154320971,Requires manual review
,Baker Theatre Building,,-73.964083,40.7671441,151 East 67th Street,https://www.hunter.cuny.edu/theatre,OpenStreetMap,node/2723812979,Requires manual review
,Ballet and Beyond NYC,,-73.983816,40.782088,"309 W. 75th St., Apt. 5, New York, 10023",,NYC DCLA,dcla-row-270,Requires manual review
,Ballet Folklorico Mexicano de Nueva York,,-73.888407,40.75741,"79-01 32 Ave 1 Fl, East Elmhurst, 11370",,NYC DCLA,dcla-row-272,Requires manual review
,"Ballet Hispanico of New York, Inc.",,-73.972525,40.78917,"167 W 89th St, New York, 10024",,NYC DCLA,dcla-row-273,Requires manual review
,"Ballet Next, Inc.",,-73.988974,40.771824,"243 West 60th Street, New York, 10023",,NYC DCLA,dcla-row-274,Requires manual review
,Ballet Orchestra of New York City,,-73.95267,40.769772,"438 East 76th Street #4-C, New York, 10021",,NYC DCLA,dcla-row-275,Requires manual review
,"Ballet Tech Foundation, Inc.",,-73.989911,40.738604,"890 Broadway, New York, 10003",,NYC DCLA,dcla-row-276,Requires manual review
,"Ballet Theatre Foundation, Inc.",,-73.989911,40.738604,"890 Broadway, New York, 10003",,NYC DCLA,dcla-row-277,Requires manual review
,BalletCollective Inc.,,-73.934962,40.857943,"720 Fort Washington Avenue, New York, 10040",,NYC DCLA,dcla-row-271,Requires manual review
,Ballroom Basix USA Inc.,,-73.940235,40.798918,"178 E 117th Street 1B, New York, 10035",,NYC DCLA,dcla-row-278,Requires manual review
,BAM Fischer,,-73.9778037,40.6860239,321 Ashland Place,https://www.bam.org/visit#/BAM-Fisher,OpenStreetMap,way/250979159,OpenStreetMap arts-centre tag
,BAM KBH,,-73.9785244,40.6864532,10 Lafayette Avenue,,OpenStreetMap,node/13695739585,OpenStreetMap arts-centre tag
,BAM Peter Jay Sharp Building,,-73.9776885,40.6864615,30 Lafayette Avenue,https://www.bam.org/visit#/Peter-Jay-Sharp-Building,OpenStreetMap,way/250979163,OpenStreetMap arts-centre tag
,BAM Strong,,-73.9788231,40.6883538,,https://www.bam.org/visit#BAM-Strong,OpenStreetMap,way/1072810419,OpenStreetMap arts-centre tag
,Banana Space,,-73.9072428,40.7053632,1882 Linden Street,https://banana-space.com/,OpenStreetMap,node/5629537804,Requires manual review
,"Bang Group, Inc.",,-74.007516,40.734943,"131 Perry Street, New York, 10014",,NYC DCLA,dcla-row-280,Requires manual review
,"Bang on a Can, Inc.",,-73.974421,40.685488,"80 Hanson Place, Brooklyn, 11217",,NYC DCLA,dcla-row-283,Requires manual review
,"Bangladesh Institute of Performing Arts, Inc.",,-73.897109,40.745706,"40-25 68th Street, Woodside, 11377",,NYC DCLA,dcla-row-282,Requires manual review
,Banksy Museum,,-74.001447,40.7194141,277 Canal Street,https://museumbanksy.com,OpenStreetMap,node/12181429831,Design-related museum or gallery
,Bardekova Ensemble,,-73.883993,40.869159,"2965 Marion Avenue 3G, New York, 10458",,NYC DCLA,dcla-row-285,Requires manual review
,"Bargemusic, Ltd.",,-73.996451,40.701191,"Brooklyn Bridge Park, Brooklyn, 11201",,NYC DCLA,dcla-row-287,Requires manual review
,Bari Iron Works,,-74.0116034,40.6743839,35 Coffey Street,,OpenStreetMap,node/6041671685,Requires manual review
,Barnard College,,-73.9635338,40.8095053,,,OpenStreetMap,way/39243740,Requires manual review
,Barolli Plumbing-Heating-Gas,,-74.0298904,40.619552,,,OpenStreetMap,node/10874278723,Requires manual review
,Barrio Independent Productions,,-73.947537,40.786963,"215 East 99th Street, suite # 118, New York, 10029",,NYC DCLA,dcla-row-288,Requires manual review
,Barrio telas e indumentaria,,-73.9878743,40.7540719,,,OpenStreetMap,node/4307324291,Requires manual review
,"Barrow Group, Inc.",,-73.992417,40.753612,"520 8th Ave, New York, 10018",,NYC DCLA,dcla-row-289,Requires manual review
,Barry X Ball,,-73.9553167,40.7250757,,https://www.barryxball.com,OpenStreetMap,node/10074094105,Requires manual review
,Bartow-Pell Landmark Fund,,-73.806978,40.873618,"895 Shore Rd, Bronx, 10464",,NYC DCLA,dcla-row-291,Requires manual review
,Bartow-Pell Mansion Museum,,-73.8056401,40.8717809,,https://www.bartowpellmansionmuseum.org/,OpenStreetMap,node/368061866,Design-related museum or gallery
,Baruch College,,-73.9832011,40.7404306,,,OpenStreetMap,relation/18732725,Requires manual review
,"Baryshnikov Dance Foundation, Inc.",,-73.996759,40.756058,"450 W 37th Street, New York, 10018",,NYC DCLA,dcla-row-292,Requires manual review
,BAS Stone NYC,,-73.9360261,40.7383867,49-47 31st Place,https://basstonenyc.com/,OpenStreetMap,node/14019446037,Requires manual review
,Baschnagel Bros inc.,,-73.8129575,40.7891243,150-25 14th Avenue,www.baschnagel.com,OpenStreetMap,node/5346066698,Requires manual review
,Basin Gallery & Studios,,-74.0120694,40.6782345,,,OpenStreetMap,node/10249792623,Requires manual review
,Batala New York,,-73.985973,40.673665,"348 4th Avenue, Brooklyn, 11215",,NYC DCLA,dcla-row-293,Requires manual review
,"Battered Women's Safe Territory -an Opportunity to Progress, Inc.",,-73.857512,40.889347,"766 East 228th Street, Bronx, 10466",,NYC DCLA,dcla-row-295,Requires manual review
,Battery Dance Corporation,,-74.002958,40.718112,"380 Broadway, New York, 10013",,NYC DCLA,dcla-row-296,Requires manual review
,BAX,,-73.9855042,40.6698196,,https://bax.org,OpenStreetMap,node/5511936877,OpenStreetMap arts-centre tag
,Bay Ridge Manor Banquet Office,,-74.0232865,40.6290934,,https://thebayridgemanor.com/,OpenStreetMap,node/2552908976,Requires manual review
,Bay Ridge Windows & Doors,,-74.0210971,40.6446862,5717 2nd Avenue,,OpenStreetMap,way/249584288,Requires manual review
,Baychester Library,,-73.8293254,40.8706914,2049 Asch Loop,https://www.nypl.org/locations/baychester,OpenStreetMap,way/284822846,Requires manual review
,"Bayside Glee Club, Inc.",,-73.878263,40.738106,"51-17 Reeder Street, Elmhurst, 11373",,NYC DCLA,dcla-row-298,Requires manual review
,Bayside Historical Society,,-73.777563,40.792442,"208 Totten Avenue, Bayside, 11359",,NYC DCLA,dcla-row-299,Requires manual review
,BBF Printing & Signs,,-73.9110784,40.6729544,1688 Saint Marks Avenue,https://www.bbfprint.com,OpenStreetMap,node/12336460455,OpenStreetMap craft/workshop tag
,BBFL Gallery,,-73.986344,40.6707563,,,OpenStreetMap,node/5937436927,Requires manual review
,BCA Development Corporation,,-73.854058,40.848065,"1738 Hone Avenue, Bronx, 10461",,NYC DCLA,dcla-row-300,Requires manual review
,BCakeNY Studio,,-73.9637798,40.6770069,,https://www.bcakeny.com,OpenStreetMap,node/6088775960,OpenStreetMap craft/workshop tag
,"BCT Brooklyn Children's Theatre, Inc.",,-73.984973,40.677354,"540 President Street, Brooklyn, 11215",,NYC DCLA,dcla-row-301,Requires manual review
,Be Electric Studio 1,,-73.9216144,40.7052581,1304 Willoughby Avenue,,OpenStreetMap,node/5625550988,OpenStreetMap craft/workshop tag
,Be Jay's Ornamental Iron Works,,-73.9615859,40.6790816,537 Grand Avenue,,OpenStreetMap,way/940016742,Requires manual review
,"Beam Center, Inc.",,-74.005005,40.685702,"60 Sackett St, Brooklyn, 11231",,NYC DCLA,dcla-row-302,Requires manual review
,"Beautiful Trouble, Inc.",,-73.986515,40.720071,"139 Norfolk St, New York City, 10002",,NYC DCLA,dcla-row-303,Requires manual review
,Bed-Stuy Fish Fry,,-73.920741,40.6852542,801 Halsey Street,https://bedstuyfishfry.com/,OpenStreetMap,node/2564934011,Requires manual review
,Bedford Stuyvesant Restoration Corporation,,-73.945717,40.680175,"1368 Fulton Street, Brooklyn, 11216",,NYC DCLA,dcla-row-304,Requires manual review
,"Bedlam, Inc.",,-73.977332,40.788672,"263 W 86th St, New York, 10024",,NYC DCLA,dcla-row-305,Requires manual review
,Before Your Eyes,,-73.983995,40.668903,"340 8TH STREET, Brooklyn, 11215",,NYC DCLA,dcla-row-306,Requires manual review
,"Behind the Book, Inc.",,-73.944411,40.815595,"216 West 135th Street, New York, 10030",,NYC DCLA,dcla-row-307,Requires manual review
,Believe In Me,,-73.989123,40.743254,"1123 Broadway, New York, 10010",,NYC DCLA,dcla-row-308,Requires manual review
,"Bella Voce, Inc.",,-74.021991,40.619946,"659 85th Street, Brooklyn, 11228",,NYC DCLA,dcla-row-310,Requires manual review
,"Belladonna Series, Inc.",,-73.956557,40.676979,"925 Bergen St., Brooklyn, 11238",,NYC DCLA,dcla-row-309,Requires manual review
,Belmont Library and Enrico Fermi Cultural Center,,-73.8878997,40.8543442,610 East 186th Street,https://www.nypl.org/locations/belmont,OpenStreetMap,way/276051966,Requires manual review
,Beloosesky Gallery,,-73.95493,40.7675123,415 East 72nd Street,,OpenStreetMap,node/11528829825,Requires manual review
,Belsito & Associates,,-73.9849512,40.6705471,,,OpenStreetMap,node/5673794433,Requires manual review
,Bengal Tiger,,-73.9825967,40.7655983,,https://www.bengaltigerindianfood.com/,OpenStreetMap,node/12866882565,Requires manual review
,Benjamin N. Cardozo School of Law,,-73.994275,40.7347012,55 5th Avenue,,OpenStreetMap,node/11986179085,Requires manual review
,Bern Dibner Library of Science and Technology,,-73.9856362,40.6946242,5 MetroTech,,OpenStreetMap,way/250369718,Design-related library
,Bernard & S Dean Levy Inc.,,-73.9601974,40.7795195,22 East 84th Street,https://levygalleries.com/,OpenStreetMap,way/266932809,OpenStreetMap arts-centre tag
,Bernie's Glass & Mirror Repair,,-73.9387597,40.679681,1554 Fulton Street,,OpenStreetMap,node/5220904071,Requires manual review
,Berry Campbell Gallery,,-74.0040157,40.7499492,524 West 26th Street,https://berrycampbell.com,OpenStreetMap,node/10859974142,Requires manual review
,Best Big Rose Construction Company,,-73.9564616,40.6377328,597 East 22nd Street,,OpenStreetMap,node/12829362045,Requires manual review
,"Beta Israel of North America Cultural Foundation, Inc.",,-73.944322,40.822621,"206 Edgecombe Ave, New York, 10030",,NYC DCLA,dcla-row-311,Requires manual review
,Beth Ha Mishpahot,,-73.985247,40.746231,"12 e 31 st, New york, 10016",,NYC DCLA,dcla-row-312,Requires manual review
,Beth Morrison Projects,,-73.973221,40.685073,"138 South Oxford Street, Suite 3B, Brooklyn, 11217",,NYC DCLA,dcla-row-313,Requires manual review
,Better Carpet Warehouse,,-73.9833365,40.68653,443 Atlantic Avenue,https://bettercarpetwarehouse.com/,OpenStreetMap,node/5812445811,Requires manual review
,Betty Carter Auditorium for the Arts,,-73.9553227,40.6685547,,https://majorowenscenter.com/betty-carter-auditorium-for-the-arts/,OpenStreetMap,node/13025037810,OpenStreetMap arts-centre tag
,Beyond Booking Inc,,-73.961562,40.714098,"302 Bedford Avenue, Brooklyn, 11249",,NYC DCLA,dcla-row-314,Requires manual review
,BGA Flooring Corp.,,-74.0935248,40.5848278,,,OpenStreetMap,node/12013171291,Requires manual review
,bh22 nyc,,-73.7966216,40.7077651,164-15 89th Avenue,https://www.bh22nyc.com,OpenStreetMap,node/2870708972,OpenStreetMap craft/workshop tag
,BHRAGS Home Care,,-73.90479,40.648926,"9805 Foster ave, Brooklyn, 11236",,NYC DCLA,dcla-row-315,Requires manual review
,Big Alice Brewing,,-73.9505711,40.7520879,8-08 43rd Rd,https://www.bigalicebrewing.com/,OpenStreetMap,way/281332601,Requires manual review
,"Big Apple Leadership Academy for the Arts, Inc.",,-73.936853,40.675383,"1381 Bergen St, Brooklyn, 11213",,NYC DCLA,dcla-row-317,Requires manual review
,"Big Apple Performing Arts, Inc.",,-73.986161,40.754946,"1460 Broadway, 15th Floor, New York, 10036",,NYC DCLA,dcla-row-318,Requires manual review
,Big Apple Plumbing,,-74.0135917,40.6765829,365 Van Brunt Street,https://www.bigappleplumbingcorp.com,OpenStreetMap,node/11836485270,Requires manual review
,"Big Art Group, Inc.",,-73.999037,40.734825,"105 West 10th Street, New York, 10011",,NYC DCLA,dcla-row-319,Requires manual review
,Big Brothers Hardware,,-73.9483064,40.6804596,,,OpenStreetMap,node/9403241711,OpenStreetMap craft/workshop tag
,"Big Dance Theater, Inc.",,-73.996499,40.685781,"303 Clinton Street, Brooklyn, 11231",,NYC DCLA,dcla-row-320,Requires manual review
,Big Initiatives Incorporated,,-73.99748,40.672027,"1 12th Street, Brooklyn, 11215",,NYC DCLA,dcla-row-321,Requires manual review
,Big Tower Shoe Repair,,-73.903691,40.7409917,61-10E Queens Boulevard,,OpenStreetMap,node/7813803010,Requires manual review
,"Big Tree Productions, Inc.",,-73.964606,40.803276,"504 W 110th St, Apt 10F, New York, 10025",,NYC DCLA,dcla-row-322,Requires manual review
,Biko Transformation Center,,-73.907438,40.683397,"1474 Bushwick Ave., Brooklyn, 11207",,NYC DCLA,dcla-row-323,Requires manual review
,"Billie Holiday Theatre, Inc.",,-73.945717,40.680175,"1368 Fulton Street, Brooklyn, 11216",,NYC DCLA,dcla-row-324,Requires manual review
,"Bindlestiff Family Variety Arts, Inc.",,-73.96677,40.707578,"55 South 11th Street, 2H, New York, 11249",,NYC DCLA,dcla-row-325,Requires manual review
,Biodesign Challenge,,-74.007753,40.724658,"250 Hudson Street, New York, 10013",,NYC DCLA,dcla-row-326,Requires manual review
,bitforms gallery,,-73.990232,40.7200826,131 Allen Street,https://bitforms.art,OpenStreetMap,node/6236928057,Design-related museum or gallery
,BJHI INC,,-73.936687,40.614729,"3603 QUENTIN RD, BROOKLYN, 11234",,NYC DCLA,dcla-row-327,Requires manual review
,Bklyn Clay,,-73.9709045,40.6809516,,https://www.bklynclay.com,OpenStreetMap,node/7137864657,OpenStreetMap craft/workshop tag
,Black American Heritage Foundation,,-73.795578,40.702532,"94-20 Guy Brewer Boulevard, Jamaica, 11451",,NYC DCLA,dcla-row-328,Requires manual review
,"Black Spectrum Theatre Company, Inc.",,-73.772853,40.685612,"119-07 Merrick Blvd, Jamaica, 11434",,NYC DCLA,dcla-row-333,Requires manual review
,Black Women's Blueprint,,-73.952796,40.663803,"279 Empire Blvd, Brooklyn, 11225",,NYC DCLA,dcla-row-334,Requires manual review
,"Blackberry Productions, Inc.",,-73.949613,40.830449,"730 Riverside Drive, New York, 10031",,NYC DCLA,dcla-row-329,Requires manual review
,BLACKLOVE INC,,-73.957837,40.654947,"60 Clarkson Avenue, Brooklyn, 11226",,NYC DCLA,dcla-row-331,Requires manual review
,Blank Forms INC.,,-73.961551,40.682028,"468 Grand Avenue, Brooklyn, 11238",,NYC DCLA,dcla-row-335,Requires manual review
,"Blessed Unrest Theatre, Inc.",,-73.989365,40.721199,"167 Allen St, New York, 10002",,NYC DCLA,dcla-row-336,Requires manual review
,Bloomingdale Library,,-73.9675728,40.7959068,150 West 100th Street,https://www.nypl.org/locations/bloomingdale,OpenStreetMap,node/368050633,Requires manual review
,"Bloomingdale School of Music, Inc.",,-73.968308,40.803236,"323 West 108th Street, New York, 10025",,NYC DCLA,dcla-row-337,Requires manual review
,"Blue Coyote Theater Group, Inc.",,-74.002958,40.718112,"380 Broadway, 4th Floor, New York, 10013",,NYC DCLA,dcla-row-338,Requires manual review
,"Blue Heron Theatre, Inc.",,-73.975337,40.79236,"645 West End Avenue, Suite 7B, New York, 10025",,NYC DCLA,dcla-row-339,Requires manual review
,Blue Mountain Gallery,,-74.0045116,40.7512794,547 West 27th Street,https://www.bluemountaingallery.org,OpenStreetMap,node/10860703823,Requires manual review
,"Blue Mountains Projects, Inc",,-73.947537,40.786963,"215 E 99th Street, New York, 10029",,NYC DCLA,dcla-row-340,Requires manual review
,"Blue Pipa, Inc.",,-73.853122,40.717143,"68-39 Harrow Street, Forest Hills, 11375",,NYC DCLA,dcla-row-341,Requires manual review
,Blue Room Pottery Studio,,-73.9900323,40.6800237,,https://www.blueroompotterystudio.com,OpenStreetMap,node/12766863571,OpenStreetMap craft/workshop tag
,BM Pottery Studio,,-73.9093908,40.702147,17-02 Gates Avenue,http://bmpotterystudiony.com,OpenStreetMap,node/5364870790,OpenStreetMap craft/workshop tag
,Bnos Yakov Educational Center,,-73.958946,40.702169,"638 Bedford Avenue, Brooklyn, 11211",,NYC DCLA,dcla-row-342,Requires manual review
,Bo Wah Glass & Door Inc,,-73.9215423,40.7140046,46-55 Metropolitan Avenue,,OpenStreetMap,node/11938425443,Requires manual review
,Bob Hope Memorial Library,,-74.0399559,40.6994527,,,OpenStreetMap,node/6577103323,Requires manual review
,Boccara Art,,-73.9989735,40.6616832,198 24th Street,https://www.boccara-art.com,OpenStreetMap,way/248241132,Design-related museum or gallery
,Boerum Hill Dry Cleaners,,-73.9850952,40.6863385,391 Pacific Street,,OpenStreetMap,node/5809742299,Requires manual review
,Bohemian Benevolent and Literary Assocation of the City of New York,,-73.957169,40.769198,"321 E 73rd St, New York, 10021",,NYC DCLA,dcla-row-343,Requires manual review
,Bombay Grill House,,-73.988146,40.7641853,764 9th Avenue,http://bombaygrillhouse.com/,OpenStreetMap,node/6023478828,Requires manual review
,Bombay Kitchen,,-73.9096427,40.6939802,733 Knickerbocker Avenue,,OpenStreetMap,node/5163799863,Requires manual review
,"Bombazo Dance Co., Inc.",,-73.859859,40.834736,"1949 McGraw Ave 1-A, New York, 10462",,NYC DCLA,dcla-row-344,Requires manual review
,"Bon Shen Ling, the Tibetan Bon Education Fund",,-73.899775,40.73496,"65-55 Maurice Avenue, Woodside, 11377",,NYC DCLA,dcla-row-346,Requires manual review
,Bond Craft Studio,,-73.9909317,40.6782479,,https://bondcraftstudio.com,OpenStreetMap,node/9789098142,OpenStreetMap arts-centre tag
,"Bond Street Theatre Coalition, Ltd.",,-73.994631,40.726901,"2 BOND STREET, New York, 10012",,NYC DCLA,dcla-row-345,Requires manual review
,Boogie's Tailoring,,-73.94249,40.6630145,565 Lefferts Avenue,,OpenStreetMap,node/2566968412,Requires manual review
,"Booklyn, Inc.",,-74.022864,40.645338,"140 58th Street, BROOKLYN, 11220",,NYC DCLA,dcla-row-347,Requires manual review
,Boricua College,,-73.9461111,40.8333333,3755 Broadway,https://www.boricuacollege.edu/,OpenStreetMap,node/357621183,Requires manual review
,Boricua College,,-73.942403,40.7013535,9 Graham Ave,https://www.boricuacollege.edu/,OpenStreetMap,node/10067180313,Requires manual review
,"Boricua Festival Committee, Inc.",,-74.033804,40.615625,"c/o 313 97th Street, Brooklyn, 11209",,NYC DCLA,dcla-row-348,Requires manual review
,Born Dancing.Inc.,,-73.938829,40.851053,"812 West 181st Street, New York, 10033",,NYC DCLA,dcla-row-349,Requires manual review
,"Borough of Manhattan Community College Performing Arts Center, Inc.",,-74.012117,40.716838,"199 Chambers St., S115K, New York, 10007",,NYC DCLA,dcla-row-350,Requires manual review
,Boundless Theatre Company Inc.,,-73.921768,40.746727,"41-21 42nd St, Sunnyside, 11104",,NYC DCLA,dcla-row-351,Requires manual review
,Bowery Arts and Science,,-73.992373,40.724804,"310 Bowery, New York, 10012",,NYC DCLA,dcla-row-352,Requires manual review
,Bowery Gallery,,-74.0044835,40.7513197,547 West 27th Street,https://bowerygallery.org/,OpenStreetMap,node/10860703825,Requires manual review
,"Bowne House Historical Society, Inc.",,-73.825247,40.762853,"37-01 Bowne Street, Flushing, 11354",,NYC DCLA,dcla-row-353,DCLA Architecture/Design discipline
,"Box Turtle Press/Attitude Art, Inc.",,-74.005141,40.7182,"94 Franklin Street, New York, 10013",,NYC DCLA,dcla-row-354,Requires manual review
,"Boys' Club of New York, Inc.",,-73.992401,40.737663,"91 Fifth Avenue, New York, 10003",,NYC DCLA,dcla-row-355,Requires manual review
,Brame Signs,,-73.9824636,40.5952753,2695 86th Street,,OpenStreetMap,way/248863641,Requires manual review
,Brass Out Loud Inc,,-73.949213,40.654189,"300 Lenox Rd Apt 3e, New York, 11226",,NYC DCLA,dcla-row-357,Requires manual review
,"Brave New World Repertory Theatre, Inc.",,-73.967271,40.641295,"303 Westminster Road, Brooklyn, 11218",,NYC DCLA,dcla-row-358,Requires manual review
,BravinLee Gallery,,-74.0042354,40.7499417,526 West 26th Street,https://www.bravinlee.com,OpenStreetMap,node/10861434359,Requires manual review
,"Brazilian Endowment for the Arts, Inc.",,-73.968879,40.756658,"240E 52nd street, New York, 10022",,NYC DCLA,dcla-row-359,Requires manual review
,"Bread & Roses Cultural Project, Inc.",,-73.988167,40.761511,"322 West 48th Street, 6th floor, New York, 10036",,NYC DCLA,dcla-row-360,Requires manual review
,"Breakthru Education, Inc.",,-73.973221,40.685073,"138 South Oxford Street, Brooklyn, 11217",,NYC DCLA,dcla-row-362,Requires manual review
,Brecht Forum,,-73.985555,40.687202,"388 Atlantic Avenue, Brooklyn, 11217",,NYC DCLA,dcla-row-363,Requires manual review
,Breezy Point Lumber Yard,,-73.911403,40.561557,,,OpenStreetMap,node/10909060522,Requires manual review
,Breuckelen Distilling,,-73.9978094,40.665977,77 19th Street,https://brkdistilling.com,OpenStreetMap,node/10208113292,Requires manual review
,BRIC Arts Media Bklyn,,-73.979212,40.688236,"647 Fulton Street, Brooklyn, 11217",,NYC DCLA,dcla-row-364,Requires manual review
,BRIC Community Media Incubator,,-73.9790813,40.687789,75 Rockwell Place,,OpenStreetMap,node/7177794088,Design-related community or association
,"Brick Theater, Inc.",,-73.949881,40.714075,"579 Metropolitan Ave., Brooklyn, 11211",,NYC DCLA,dcla-row-365,Requires manual review
,Bricklayers Shop,,-73.9373865,40.8311603,2981 Frederick Douglass Boulevard,,OpenStreetMap,node/2796632380,Requires manual review
,Bridge and Tunnel Brewery,,-73.9027629,40.6937359,1535 Decatur Street,https://www.bridgeandtunnelbrewery.com/,OpenStreetMap,node/5005376222,Requires manual review
,Bridge Cleaners & Tailors,,-73.9861811,40.6896548,204 Livingston Street,https://www.bridgecleaners.com,OpenStreetMap,node/2550002268,Requires manual review
,"Bridge, Inc.",,-73.945704,40.807457,"290 Lenox Avenue, New York, 10027",,NYC DCLA,dcla-row-366,Requires manual review
,Bridgestone Dry Cleaners & Laundry,,-73.9929326,40.6881893,,https://www.bridgestonecleaners.com,OpenStreetMap,node/2549896906,Requires manual review
,Bridgestone Dry Cleaners & Laundry,,-73.9892807,40.7026114,109 Front Street,https://www.bridgestonecleaners.com,OpenStreetMap,node/9811608359,Requires manual review
,Bridgeview School of Fine Arts,,-73.9517073,40.7468009,,,OpenStreetMap,node/4995781628,Design-related college or university
,"Bridging Education and Art Together, Inc.",,-73.94438,40.748914,"44-02 23rd St, Long Island City, 11101",,NYC DCLA,dcla-row-367,Requires manual review
,"Brighton Ballet Theater Company, Inc.",,-73.9349,40.578497,"2001 Oriental Blvd., Brooklyn, 11235",,NYC DCLA,dcla-row-368,Requires manual review
,"Brighton Neighborhood Association, Inc.",,-73.959505,40.578014,"1002 Brighton Beach Avenue, New York, 11235",,NYC DCLA,dcla-row-369,Requires manual review
,Brilianna Photography,,-73.84765,40.7100515,105-21 Metropolitan Avenue,https://briliannaphotography.com,OpenStreetMap,node/10825166991,OpenStreetMap craft/workshop tag
,Brindamour Studios,,-73.989353,40.6799735,,https://brindamourstudios.com,OpenStreetMap,node/2550069742,Requires manual review
,"Broadway Advocacy Coalition, Inc.",,-73.983948,40.758116,"165 W 46th St, New York, 10036",,NYC DCLA,dcla-row-371,Requires manual review
,Broadway Bound Kids,,-73.956059,40.820507,"630 W 135th St, New York, 10031",,NYC DCLA,dcla-row-372,Requires manual review
,Broadway Dance Lab,,-73.992175,40.754946,"307 W. 38th Street, New York, 10018",,NYC DCLA,dcla-row-373,Requires manual review
,"Broadway for Arts Education, Inc.",,-73.99324,40.754573,"336 W 37th St Suite 500, New York, 10018",,NYC DCLA,dcla-row-374,Requires manual review
,"Broadway Housing Communities, Inc.",,-73.941435,40.8307,"898 St. Nicholas Ave, New York, 10032",,NYC DCLA,dcla-row-375,Requires manual review
,"Broadway League Foundation, Inc.",,-73.983973,40.760103,"729 Seventh Avenue, New York, 10019",,NYC DCLA,dcla-row-376,Requires manual review
,Broadway Lumber,,-73.9343184,40.6969623,1146 Myrtle Avenue,,OpenStreetMap,node/2568567026,OpenStreetMap craft/workshop tag
,Broadway Mall Gallery,,-73.9715855,40.7949144,,,OpenStreetMap,node/5695142890,Requires manual review
,Broken Box Mime Theater,,-73.957922,40.633876,"1169 Ocean Ave Apt 5F, Brooklyn, 11230",,NYC DCLA,dcla-row-377,Requires manual review
,Bronson Upholstery & Carpet Cleaning,,-73.9416881,40.7468097,27-15 44th Drive,,OpenStreetMap,node/10760156144,Requires manual review
,Bronx Arts Ensemble,,-73.889991,40.884706,"80 Van Cortlandt Park South, Bronx, 10463",,NYC DCLA,dcla-row-378,Requires manual review
,Bronx Brewery,,-73.9106405,40.8019078,856 East 136th Street,https://thebronxbrewery.com/,OpenStreetMap,way/282094141,Requires manual review
,Bronx Children's Museum,,-73.931021,40.823465,"725 Exterior St, 2nd Floor, Bronx, 10451",,NYC DCLA,dcla-row-380,Requires manual review
,Bronx Community Cable Programming Corp.,,-73.89286,40.875028,"250 Bedford Park Blvd. West, Bronx, 10468",,NYC DCLA,dcla-row-381,Requires manual review
,Bronx Community College,,-73.9129942,40.8581702,2155 University Avenue,,OpenStreetMap,relation/3807357,Requires manual review
,"Bronx Community College Association, Inc.",,-73.909698,40.857394,"2155 University Avenue, New York City, 10453",,NYC DCLA,dcla-row-382,Requires manual review
,Bronx Conservatory of Music,,-73.91306,40.859532,"200 Hall of Fame Terrace, Bronx, 10453",,NYC DCLA,dcla-row-383,Requires manual review
,Bronx Council on the Arts,,-73.845772,40.842689,"2700 East Tremont Avenue, Bronx, 10461",,NYC DCLA,dcla-row-384,Requires manual review
,Bronx Council on the Arts - Regrant,,-73.845772,40.842689,"2700 East Tremont Avenue, Bronx, 10461",,NYC DCLA,dcla-row-385,Requires manual review
,Bronx County Historical Society,,-73.879468,40.878193,"3309 Bainbridge Avenue, Bronx, 10467",,NYC DCLA,dcla-row-386,Requires manual review
,"Bronx Dance Theatre, Inc.",,-73.887967,40.855777,"585 East 187th Street, 2nd Floor, New York, 10458",,NYC DCLA,dcla-row-387,Requires manual review
,Bronx Documentary Center,,-73.9186583,40.8180322,614 Courtlandt Avenue,https://www.bronxdoc.org/,OpenStreetMap,node/4455096389,Requires manual review
,Bronx Documentary Center,,-73.918816,40.818168,"614 Courtlandt Ave, Bronx, 10451",,NYC DCLA,dcla-row-388,Requires manual review
,Bronx Hispanic Festival Inc,,-73.908097,40.864394,"3 fordham hill, Bronx, 10468",,NYC DCLA,dcla-row-389,Requires manual review
,"Bronx House, Inc.",,-73.860354,40.856804,"990 Pelham Parkway South, Bronx, 10461",,NYC DCLA,dcla-row-390,Requires manual review
,Bronx Library Center,,-73.8945201,40.8630135,310 East Kingsbridge Road,https://www.nypl.org/locations/bronx-library-center,OpenStreetMap,way/276299869,Requires manual review
,Bronx Museum of the Arts,,-73.9199471,40.8310911,1040 Grand Concourse,https://bronxmuseum.org/,OpenStreetMap,node/368061518,Design-related museum or gallery
,Bronx Museum of the Arts,,-73.920361,40.831063,"1040 Grand Concourse, Bronx, 10456",,NYC DCLA,dcla-row-391,Design-related name in DCLA Visual Arts discipline
,Bronx Opera Company,,-73.891036,40.871469,"5 Minerva Place, Bronx, 10468",,NYC DCLA,dcla-row-392,Requires manual review
,Bronx River Alliance,,-73.883614,40.833338,"1490 Sheridan Blvd, Bronx, 10459",,NYC DCLA,dcla-row-393,Requires manual review
,"Bronx River Art Center, Inc.",,-73.878648,40.84003,"1087 East Tremont Avenue, Bronx, 10460",,NYC DCLA,dcla-row-394,Requires manual review
,Bronx River Arts Center,,-73.8783132,40.8403365,,,OpenStreetMap,way/276027942,OpenStreetMap arts-centre tag
,Bronx School for Music Inc.,,-73.874538,40.878536,"3348 Perry Ave, Bronx, 10467",,NYC DCLA,dcla-row-395,Requires manual review
,"BronxArtSpace, Inc.",,-73.888365,40.814412,"700 Manida St, Bronx, 10474",,NYC DCLA,dcla-row-379,Requires manual review
,"BronxWorks, Inc.",,-73.905278,40.853493,"2054 Morris Avenue, Bronx, 10453",,NYC DCLA,dcla-row-398,Requires manual review
,Brookdale Campus,,-73.9758495,40.7379073,425 East 25th Street,,OpenStreetMap,way/306329161,Requires manual review
,Brooke's Appliance,,-73.9828213,40.6651658,387 7th Avenue,https://brookesappliance.com,OpenStreetMap,node/5838758062,Requires manual review
,Brooklyn & Queens Electric Co,,-73.9504351,40.7228776,,,OpenStreetMap,node/3362422973,Requires manual review
,Brooklyn Academy of Music,,-73.977738,40.686866,"30 Lafayette Avenue, Brooklyn, 11217",,NYC DCLA,dcla-row-399,Requires manual review
,Brooklyn Acting Lab,,-73.9802626,40.6650257,,https://brooklynactinglab.org,OpenStreetMap,node/8787246999,OpenStreetMap arts-centre tag
,"Brooklyn Art Incubator, Inc.",,-73.967599,40.687097,"365 Clinton ave. apt #12D, Brooklyn, 11238",,NYC DCLA,dcla-row-400,Design-related name in DCLA Visual Arts discipline
,Brooklyn Art Song Society,,-73.99313,40.730886,"60 East 8th Street, New York, 10003",,NYC DCLA,dcla-row-404,Requires manual review
,"Brooklyn Arts Council, Inc.",,-73.978661,40.686754,"10 Lafayette Avenue, Brooklyn, 11217",,NYC DCLA,dcla-row-401,Requires manual review
,"Brooklyn Arts Council, Inc. - Regrant",,-73.986587,40.704313,"20 Jay Street, Brooklyn, 11201",,NYC DCLA,dcla-row-402,Requires manual review
,Brooklyn Arts Exchange,,-73.985714,40.669869,"421 5th Ave, Brooklyn, 11215",,NYC DCLA,dcla-row-403,Requires manual review
,"Brooklyn Ballet, Inc.",,-73.987452,40.689525,"160 Schermerhorn St, Brooklyn, 11201",,NYC DCLA,dcla-row-405,Requires manual review
,Brooklyn Barista,,-73.9070176,40.6971319,880 Wyckoff Avenue,https://thebrooklynbarista.com/,OpenStreetMap,node/7063221716,Requires manual review
,Brooklyn Biscuit Company,,-74.0063164,40.6796755,24 Commerce Street,,OpenStreetMap,node/8138803339,Requires manual review
,"Brooklyn Blues Society, Inc",,-73.969599,40.648462,"10 Stratford Road  #9F, Brooklyn, 11218",,NYC DCLA,dcla-row-406,Requires manual review
,"Brooklyn Book Bodega, Inc.",,-73.970987,40.697858,"141 Flushing Avenue, Brooklyn, 11205",,NYC DCLA,dcla-row-407,Requires manual review
,"Brooklyn Book Festival, Inc.",,-73.992767,40.683311,"249 Smith St, Brooklyn, 11231",,NYC DCLA,dcla-row-408,Requires manual review
,Brooklyn Botanic Garden Corporation,,-73.96179,40.667533,"1000 Washington Avenue, Brooklyn, 11225",,NYC DCLA,dcla-row-409,Requires manual review
,Brooklyn Botanic Garden Library,,-73.9621567,40.6675717,,,OpenStreetMap,node/13274063657,Requires manual review
,"Brooklyn Bridge Park Conservancy, Inc.",,-73.999196,40.693999,"334 Furman Street, Brooklyn, 11201",,NYC DCLA,dcla-row-410,Requires manual review
,Brooklyn Bridge Park Environmental Education Center,,-73.9892573,40.7040995,99 Plymouth Street,https://www.brooklynbridgepark.org/activities/classroom,OpenStreetMap,way/250402662,Requires manual review
,Brooklyn Center Stage Dance Studio,,-73.9919648,40.670101,495 3rd Avenue,https://brooklyncenterstage.com,OpenStreetMap,node/2562131748,OpenStreetMap arts-centre tag
,Brooklyn Chamber Music Society,,-73.999524,40.685713,"49 Cheever Place, Brooklyn, 11231",,NYC DCLA,dcla-row-411,Requires manual review
,Brooklyn Children's Museum,,-73.9438946,40.6744161,145 Brooklyn Avenue,https://www.brooklynkids.org/,OpenStreetMap,way/250324041,Design-related museum or gallery
,Brooklyn Children's Museum,,-73.944464,40.674773,"145 Brooklyn Avenue, Brooklyn, 11213",,NYC DCLA,dcla-row-412,Design-related name in DCLA Museum discipline
,"Brooklyn City Streetcar Company, Inc.",,-73.968858,40.615623,"1360 Ocean Parkway, Ste. 6L, Brooklyn, 11230",,NYC DCLA,dcla-row-413,Requires manual review
,Brooklyn Cleaner & Tailor,,-73.9843393,40.6638122,,,OpenStreetMap,node/4096107215,Requires manual review
,Brooklyn College,,-73.9523602,40.6310463,2900 Bedford Avenue,,OpenStreetMap,way/184998693,Requires manual review
,Brooklyn Community Pride Center,,-73.94593,40.680186,"1360 Fulton Street, Brooklyn, 11216",,NYC DCLA,dcla-row-414,Requires manual review
,Brooklyn Defender Services,,-73.986701,40.690019,"177 Livingston Street, Brooklyn, 11201",,NYC DCLA,dcla-row-416,Requires manual review
,Brooklyn Film Society,,-73.960773,40.711101,"184 S. 4th St, Brooklyn, 11211",,NYC DCLA,dcla-row-418,Requires manual review
,BROOKLYN FILMSHOP INC,,-74.002976,40.725748,"104 Sullivan St, New York, 10012",,NYC DCLA,dcla-row-417,Requires manual review
,"Brooklyn Four Plus One, Inc.",,-73.937886,40.583919,"3030 Emmons Ave.  2N, New York, 11235",,NYC DCLA,dcla-row-419,Requires manual review
,Brooklyn Glass,,-73.9936769,40.669037,143 13th Street,,OpenStreetMap,node/2550101359,OpenStreetMap arts-centre tag
,Brooklyn Historical Society,,-73.9919921,40.7037138,,,OpenStreetMap,node/6562823263,Requires manual review
,Brooklyn Historical Society,,-73.992387,40.69502,"128 Pierrepont Street, Brooklyn, 11201",,NYC DCLA,dcla-row-421,Requires manual review
,"Brooklyn House of Kulture, Inc.",,-73.955412,40.620593,"1685 Ocean Ave, Brooklyn, 11230",,NYC DCLA,dcla-row-422,Requires manual review
,"Brooklyn Institute for Social Research, Inc.",,-73.986681,40.702763,"68 Jay Street, Brooklyn, 11201",,NYC DCLA,dcla-row-423,Requires manual review
,Brooklyn Institute of Arts and Sciences,,-73.963042,40.671835,"200 Eastern Parkway, Brooklyn, 11238",,NYC DCLA,dcla-row-424,Design-related name in DCLA Visual Arts discipline
,Brooklyn Kura,,-74.0073212,40.6576173,68 34th Street,,OpenStreetMap,node/13046516901,Requires manual review
,Brooklyn Law School,,-73.9897893,40.6917569,250 Joralemon Street,https://www.brooklaw.edu/en/Maps-Directions-Parking,OpenStreetMap,way/1156112557,Requires manual review
,Brooklyn Law School,,-73.9916508,40.6910819,250 Joralemon Street,https://www.brooklaw.edu/en/Maps-Directions-Parking,OpenStreetMap,relation/15626924,Requires manual review
,Brooklyn Law School Residence Halls,,-73.9937791,40.6921027,148-150 Clinton Street,https://www.brooklaw.edu/en/Maps-Directions-Parking,OpenStreetMap,way/1156115255,Requires manual review
,Brooklyn Metal Works,,-73.9690829,40.6802911,,,OpenStreetMap,node/5837225129,Requires manual review
,Brooklyn Museum,,-73.963695,40.6709677,200 Eastern Parkway,https://www.brooklynmuseum.org/,OpenStreetMap,way/1432069915,Design-related museum or gallery
,Brooklyn Navy Yard Development Corporation,,-73.974986,40.69802,"63 Flushing Avenue, Brooklyn, 11205",,NYC DCLA,dcla-row-426,Requires manual review
,Brooklyn Neighborhood Improvement Association,,-73.9626887,40.674599,,https://thebnia.org,OpenStreetMap,node/6431561697,Requires manual review
,Brooklyn Poets,,-73.9935672,40.6943939,,https://brooklynpoets.org,OpenStreetMap,node/11766622694,OpenStreetMap arts-centre tag
,"Brooklyn Poets, Inc.",,-73.993469,40.694556,"144 Montague Street, Brooklyn, 11201",,NYC DCLA,dcla-row-427,Requires manual review
,Brooklyn Public Library,,-73.9913091,40.695797,286 Cadman Plaza West,https://www.bklynlibrary.org/locations/brooklyn-heights,OpenStreetMap,node/6573693094,Requires manual review
,Brooklyn Public Library,,-74.013602,40.6458064,5108 4th Avenue,https://www.bklynlibrary.org/locations/sunset-park,OpenStreetMap,node/12616031535,Requires manual review
,Brooklyn Public Library,,-73.9441319,40.674511,,https://www.bklynlibrary.org/locations/brower-park,OpenStreetMap,node/13874755592,Requires manual review
,Brooklyn Public Library,,-73.9980286,40.6832112,396 Clinton Street,,OpenStreetMap,way/241820981,Requires manual review
,Brooklyn Public Library,,-73.9659721,40.6407959,1305 Cortelyou Road,https://www.bklynlibrary.org/locations/cortelyou,OpenStreetMap,way/241832434,Requires manual review
,Brooklyn Public Library,,-73.9602814,40.6259034,975 East 16th Street,https://www.bklynlibrary.org/locations/midwood,OpenStreetMap,way/247921683,Requires manual review
,Brooklyn Public Library,,-73.9582331,40.6519245,22 Linden Boulevard,https://www.bklynlibrary.org/locations/flatbush,OpenStreetMap,way/248135895,Requires manual review
,Brooklyn Public Library,,-73.9785568,40.6834755,25 4th Avenue,https://www.bklynlibrary.org/locations/pacific,OpenStreetMap,way/248165018,Requires manual review
,Brooklyn Public Library,,-74.0313918,40.6164062,9424 4th Avenue,https://www.bklynlibrary.org/locations/fort-hamilton,OpenStreetMap,way/248460301,Requires manual review
,Brooklyn Public Library,,-74.0295307,40.633629,7223 Ridge Boulevard,https://www.bklynlibrary.org/locations/bay-ridge,OpenStreetMap,way/248487651,Requires manual review
,Brooklyn Public Library,,-73.9667447,40.5761739,16 Brighton 1st Road,https://www.bklynlibrary.org/locations/brighton-beach,OpenStreetMap,way/248510794,Requires manual review
,Brooklyn Public Library,,-73.9862282,40.6056912,1664 West 13th Street,https://www.bklynlibrary.org/locations/highlawn,OpenStreetMap,way/248929277,Requires manual review
,Brooklyn Public Library,,-73.9767932,40.6487185,160 East 5th Street,https://www.bklynlibrary.org/locations/windsor-terrace,OpenStreetMap,way/249617696,Requires manual review
,Brooklyn Public Library,,-73.9606045,40.5952374,2525 Coney Island Avenue,https://www.bklynlibrary.org/locations/homecrest,OpenStreetMap,way/249711986,Requires manual review
,Brooklyn Public Library,,-73.9561786,40.6818185,496 Franklin Avenue,https://www.bklynlibrary.org/locations/bedford,OpenStreetMap,way/249985795,Requires manual review
,Brooklyn Public Library,,-73.9476387,40.635744,2035 Nostrand Avenue,https://www.bklynlibrary.org/locations/clarendon,OpenStreetMap,way/250010121,Requires manual review
,Brooklyn Public Library,,-73.948133,40.6612042,560 New York Avenue,,OpenStreetMap,way/250169338,Requires manual review
,Brooklyn Public Library,,-73.9680884,40.6721323,10 Grand Army Plaza,https://www.bklynlibrary.org/locations/central,OpenStreetMap,way/250229992,Requires manual review
,Brooklyn Public Library,,-73.9479429,40.7136492,81 Devoe Street,https://www.bklynlibrary.org/locations/leonard,OpenStreetMap,way/280041750,Requires manual review
,Brooklyn Public Library,,-73.924008,40.5913462,2808 Gerritsen Avenue,https://www.bklynlibrary.org/locations/gerritsen-beach,OpenStreetMap,way/285116386,Requires manual review
,Brooklyn Public Library - Kensington Branch,,-73.9754236,40.6312465,4207 18th Avenue,https://www.bklynlibrary.org/locations/kensington,OpenStreetMap,way/249113326,Requires manual review
,Brooklyn Public Library - Marcy Branch,,-73.9512837,40.6916143,617 DeKalb Avenue,,OpenStreetMap,way/250319338,Requires manual review
,Brooklyn Public Library - Washington Irving,,-73.9122144,40.6974766,360 Irving Avenue,https://www.bklynlibrary.org/locations/washington-irving,OpenStreetMap,way/250415613,Requires manual review
,Brooklyn Public Library Dyker Branch,,-74.0120002,40.6163073,8202 13th Avenue,https://www.bklynlibrary.org/locations/dyker,OpenStreetMap,way/249022678,Requires manual review
,"Brooklyn Public Library, Ryder branch",,-73.9760426,40.6159119,5902 23rd Avenue,,OpenStreetMap,way/249097717,Requires manual review
,Brooklyn Queens Conservatory of Music,,-73.974533,40.675843,"58 7th Avenue, Brooklyn, 11217",,NYC DCLA,dcla-row-428,Requires manual review
,Brooklyn Rail,,-74.007154,40.65597,"253 36th Street, Brooklyn, 11232",,NYC DCLA,dcla-row-429,Requires manual review
,Brooklyn Rockwerks,,-73.9316047,40.702684,129 Noll Street,,OpenStreetMap,node/5801918141,Requires manual review
,Brooklyn Seltzer Museum,,-73.8698351,40.6777636,474 Hemlock Street,https://brooklynseltzermuseum.org/,OpenStreetMap,node/13373950914,Design-related museum or gallery
,Brooklyn Sewer Solutions,,-73.9482305,40.6758514,1132 Bergen Street,https://brooklynsewersolutions.co,OpenStreetMap,node/13959154228,Requires manual review
,Brooklyn Shoe Space,,-73.9594025,40.7119367,224 Roebling Street,https://brooklynshoespace.com/,OpenStreetMap,node/4312746447,Requires manual review
,Brooklyn Steppers,,-73.993787,40.694661,"137 Montague Street #237, New York City, 11201",,NYC DCLA,dcla-row-430,Requires manual review
,Brooklyn Studios for Dance,,-73.968143,40.687934,"210 Lafayette Ave., Brooklyn, 11238",,NYC DCLA,dcla-row-431,Requires manual review
,"Brooklyn Theatre Arts Project, Inc.",,-74.000936,40.615389,"1618 76th Street, Brooklyn, 11214",,NYC DCLA,dcla-row-432,Requires manual review
,Brooklyn USA Athletic Assc,,-73.943796,40.68007,"1424 Fulton Street, Brooklyn, 11216",,NYC DCLA,dcla-row-433,Requires manual review
,Brooklyn Waterfront Artist Coalition,,-74.016493,40.67428,"499 Van Brunt St, Brooklyn, 11231",,NYC DCLA,dcla-row-434,Requires manual review
,Brooklyn Winery,,-73.9527856,40.7234811,61 Guernsey Street,https://www.bkwinery.com,OpenStreetMap,node/11830155819,Requires manual review
,Brooklyn Winery,,-73.9551011,40.7172804,213 North 8th Street,https://bkwinery.com/brooklyn-wine-bar,OpenStreetMap,way/279772235,Requires manual review
,"Brooklyn Young Filmmakers Center, Inc.",,-73.97109,40.693172,"378 Myrtle Avenue, New York, 11205",,NYC DCLA,dcla-row-435,Requires manual review
,"Brooklyn Youth Chorus Academy, Inc.",,-73.993549,40.689281,"179 Pacific Street, Brooklyn, 11201",,NYC DCLA,dcla-row-436,Requires manual review
,"Brooklyn Youth Music Project, Inc.",,-73.976211,40.673345,"123 7th Ave, #169, Brooklyn, 11215",,NYC DCLA,dcla-row-437,Requires manual review
,"Brotherhood Sister Sol, Inc.",,-73.949867,40.824482,"512 W 143rd St, New York, 10031",,NYC DCLA,dcla-row-438,Requires manual review
,Brothers Cleaners,,-73.9665845,40.6876033,,,OpenStreetMap,node/6876080096,Requires manual review
,Brownstone Cleaners,,-73.981384,40.6673841,,,OpenStreetMap,node/5830803203,Requires manual review
,"Brownsville Heritage House, Inc.",,-73.905532,40.664531,"581 Mother Gaston Boulevard FL 2, New York, 11212",,NYC DCLA,dcla-row-439,Requires manual review
,Buck House,,-73.9555693,40.7856332,,https://www.buckhouse.com/,OpenStreetMap,node/11157790185,Requires manual review
,"Builders Association, Inc.",,-73.990108,40.67355,"200 6th Street, New York, 11215",,NYC DCLA,dcla-row-440,Requires manual review
,Building 92,,-73.9734438,40.6981984,,,OpenStreetMap,way/278963033,Requires manual review
,Building Beats Incorporated,,-73.95636,40.724376,"37 North 15th St, Brooklyn, 11222",,NYC DCLA,dcla-row-441,Requires manual review
,"Building for the Arts NY, Inc.",,-73.993488,40.758015,"407 W. 41st. St., New York, 10036",,NYC DCLA,dcla-row-442,Requires manual review
,"Bukharian Jewish Theater Studio, Inc.",,-73.854394,40.730758,"99-37 64th Road, Rego Park, 11374",,NYC DCLA,dcla-row-443,Requires manual review
,Bukharian Jewish Theater Vozrozhdeniye,,-73.814744,40.708914,"139-60 85th Drive, Suite 4E, Queens, 11435",,NYC DCLA,dcla-row-444,Requires manual review
,Bullstone,,-73.8997718,40.712857,61-63 Metropolitan Avenue,https://www.bullstoneny.com,OpenStreetMap,node/10948986471,Requires manual review
,Bunna Cafe,,-73.9278626,40.7048893,1084 Flushing Avenue,https://www.bunnaethiopia.net/,OpenStreetMap,node/5798954995,Requires manual review
,Bureau,,-74.0065097,40.7156153,112 Duane Street,https://bureau-inc.com/,OpenStreetMap,node/12022143172,Requires manual review
,Bushwick Branch Brooklyn Public Library,,-73.9396376,40.7045564,340 Bushwick Avenue,,OpenStreetMap,way/279652311,Requires manual review
,"Bushwick Institute of the Performing Arts, Inc.",,-73.891108,40.679412,"112 Hendrix Street, Brooklyn, 11207",,NYC DCLA,dcla-row-445,Requires manual review
,Bushwick Print Lab,,-73.9198219,40.709873,1717 Troutman Street,https://bushwickprintlab.org/,OpenStreetMap,node/5401771821,Requires manual review
,"Bushwick Starr, Inc.",,-73.90458,40.69539,"419 Eldert Street, Brooklyn, 11237",,NYC DCLA,dcla-row-446,Requires manual review
,Bushwick Twin,,-73.9083048,40.702665,1733 Palmetto Street,,OpenStreetMap,node/13762016754,Requires manual review
,Butcher Block,,-73.9235377,40.7441547,43-46 Queens Boulevard,,OpenStreetMap,way/1257995870,Requires manual review
,Butler Library,,-73.9631907,40.8063671,535 West 114th Street,,OpenStreetMap,way/274995721,Requires manual review
,Butterfield Catering & Kitchen,,-73.9471578,40.7808108,346 East 92nd Street,https://www.butterfieldnyc.com/,OpenStreetMap,node/5540430056,Requires manual review
,Buttermilk Bakeshop,,-73.9817938,40.6748095,,https://buttermilkbakeshop.com/,OpenStreetMap,node/5600963729,Requires manual review
,"BxArts Factory, Inc.",,-73.922484,40.82044,"240 E 153rd St, BRONX, 10451",,NYC DCLA,dcla-row-447,Requires manual review
,Byrd Hoffman Watermill Foundation,,-73.990772,40.746965,"115 W 29th St., New York, 10001",,NYC DCLA,dcla-row-448,Requires manual review
,C & A Iron Works,,-73.995993,40.6707471,65 13th Street,,OpenStreetMap,way/881704530,Requires manual review
,C & K Art Center,,-73.995052,40.6145201,7304 18th Avenue,,OpenStreetMap,node/6294506602,OpenStreetMap arts-centre tag
,C & K Art Gallery,,-73.9811135,40.6853136,,,OpenStreetMap,node/9032875158,Design-related museum or gallery
,C T Electric,,-73.9982749,40.6742526,,,OpenStreetMap,node/11288747757,Requires manual review
,C&C Iron Works,,-74.1199733,40.6367535,,,OpenStreetMap,node/13191522518,Requires manual review
,C.C.W. Mechanical,,-73.9807126,40.6523535,,https://www.ccwsheetmetal.com,OpenStreetMap,node/8857918781,Requires manual review
,C.D.E. Air Conditioning,,-74.0074592,40.6536846,321 39th Street,https://www.cdeair.com,OpenStreetMap,way/249604104,Requires manual review
,"C.I.D. Plumbing, Water Heaters, and Drain Cleaning",,-73.9350784,40.7037575,9 White Street,https://www.cid247.com/,OpenStreetMap,node/11955781530,Requires manual review
,C24 Gallery,,-74.0061341,40.7492207,560 West 24th Street,https://www.c24gallery.com,OpenStreetMap,node/10859974160,Requires manual review
,C4 Choral Composer Conductor Collective,,-73.998953,40.76023,"601 W 41st St, New York, 10036",,NYC DCLA,dcla-row-449,Requires manual review
,Caborca Inc.,,-73.949043,40.68339,"210 Jefferson Ave, Brooklyn, 11216",,NYC DCLA,dcla-row-451,Requires manual review
,Caelum Gallery,,-74.0042111,40.7499804,526 West 26th Street,https://www.caelumgallery.com,OpenStreetMap,node/10859974143,Requires manual review
,Calliope Brass Music Association,,-73.918245,40.870707,"41 Park Terrace West #E6, New York, 10034",,NYC DCLA,dcla-row-452,Requires manual review
,Calliope Creative Foundation,,-73.987876,40.755547,"200 W 41st St, New York, 10036",,NYC DCLA,dcla-row-453,Requires manual review
,"Calpulli Mexican Dance Company, Inc.",,-73.891337,40.762276,"2512 77th Street, East Elmhurst, 11370",,NYC DCLA,dcla-row-454,Requires manual review
,CAMBA,,-73.9568901,40.6503532,,https://camba.org,OpenStreetMap,node/2549882044,Requires manual review
,Cambridge Cleaners,,-73.9739039,40.7478259,719 2nd Avenue,,OpenStreetMap,node/2714777543,Requires manual review
,Cameo Metal Products,,-73.9933324,40.6701582,,https://www.cameometal.com,OpenStreetMap,node/6803530627,Requires manual review
,"Camera Club of New York, Inc.",,-73.987936,40.720884,"154 Ludlow Street, New York, 10002",,NYC DCLA,dcla-row-455,Requires manual review
,"Camera News, Inc.",,-73.991944,40.754296,"545 Eighth Avenue, New York, 10018",,NYC DCLA,dcla-row-456,Requires manual review
,CAMERATA INTERNAZIONALE INC,,-73.985282,40.747428,"325 5TH AVE., NEW YORK, 10016",,NYC DCLA,dcla-row-457,Requires manual review
,Camp Friendship Brooklyn,,-73.9838049,40.6690157,339 8th Street,https://www.campfriendshipbrooklyn.com/,OpenStreetMap,node/6632010263,Requires manual review
,"Can't Sleep, Inc.",,-73.978441,40.665364,"540 9th Street #3, New York, 10034",,NYC DCLA,dcla-row-458,Requires manual review
,Canal Plastics Center,,-74.0034213,40.7208454,345 Canal Street,,OpenStreetMap,way/249664323,Requires manual review
,Canal Projects NY,,-74.0035477,40.720925,351 Canal St,https://canalprojects.org/,OpenStreetMap,node/13682816483,Requires manual review
,Canal St Studios,,-74.0135312,40.6769868,,,OpenStreetMap,node/10802257008,Requires manual review
,Cangelosi & Sons Moulding - Millwork,,-74.1468577,40.6380504,,,OpenStreetMap,node/13188809595,Requires manual review
,"Canopy Canopy Canopy, Inc.",,-74.000996,40.718752,"264 Canal St, 3W, New York, 10013",,NYC DCLA,dcla-row-459,Requires manual review
,"Canteen Arts, Inc.",,-73.993585,40.695347,"96 Pierrepont St. #4, Brooklyn, 11201",,NYC DCLA,dcla-row-460,Requires manual review
,"Canticorum Virtuosi, Inc.",,-73.734168,40.712607,"10248 220th Street, Queens Village, 11429",,NYC DCLA,dcla-row-461,Requires manual review
,Canvas Institute,,-74.0820778,40.6366178,,,OpenStreetMap,node/13049118645,Requires manual review
,Canvas Institute,,-74.082016,40.636519,"183 Victory Blvd, Staten Island, 10301",,NYC DCLA,dcla-row-462,Requires manual review
,"Capoeira Foundation, Inc.",,-74.009959,40.736762,"463 West Street, New York, 10014",,NYC DCLA,dcla-row-463,Requires manual review
,Cappuccino Cafe,,-74.0284475,40.6294569,,https://www.cappcafebayridge.com,OpenStreetMap,node/12384563315,Requires manual review
,Caravan of Dreams,,-73.9857058,40.7263027,405 East 6th Street,http://caravanofdreams.net/,OpenStreetMap,node/4317133391,Requires manual review
,Carbone Memorials,,-73.9039469,40.6794854,23 Conway Street,https://carbonememorials.com,OpenStreetMap,node/2885951219,Requires manual review
,Cardinal Hayes Library,,-73.9004138,40.8895439,,,OpenStreetMap,node/368049376,Requires manual review
,Cardinal Shoe Repair,,-73.8960518,40.7050449,68-07 Fresh Pond Road,,OpenStreetMap,node/5503065148,Requires manual review
,"Caribbean American Repertory Theatre, Inc.",,-73.766546,40.697103,"114-13 OVID PL, SAINT ALBANS, 11412",,NYC DCLA,dcla-row-464,Requires manual review
,Caribbean Equality Project,,-73.817646,40.683191,"10942 124th Street, South Ozone Park, 11420",,NYC DCLA,dcla-row-465,Requires manual review
,caribBEING,,-73.949722,40.652314,"1399 Nostrand Ave, Brooklyn, 11226",,NYC DCLA,dcla-row-466,Requires manual review
,Carlos Lezama Archives and Caribbean Cultural Center,,-73.943893,40.671278,"1028 St. John's Place, Brooklyn, 11213",,NYC DCLA,dcla-row-467,Requires manual review
,Carlos Seniors Upholostery,,-73.8542447,40.7521892,Roosevelt Avenue,,OpenStreetMap,node/11576871532,Requires manual review
,Carmen's Cleaning & Tailoring,,-73.9882761,40.6212154,,,OpenStreetMap,node/11984378532,Requires manual review
,Carmina,,-73.9772958,40.7545943,,,OpenStreetMap,node/12917458444,Requires manual review
,Carnegie Hall,,-73.9799125,40.7649977,,https://www.carnegiehall.org,OpenStreetMap,way/265148502,OpenStreetMap arts-centre tag
,Carnegie Hall Corporation,,-73.980445,40.764941,"881 Seventh Avenue, New York, 10019",,NYC DCLA,dcla-row-468,Requires manual review
,Carpenters Shop,,-73.937493,40.8312143,2977 Frederick Douglass Boulevard,,OpenStreetMap,node/2796632378,Requires manual review
,Carpet Bird,,-73.8334485,40.6879647,,,OpenStreetMap,node/13395416079,Requires manual review
,Carpet Cleaning Bronx,,-73.922776,40.8261237,860 Grand Concourse,https://www.bronxcarpetcleaning.com/,OpenStreetMap,node/2799552060,Requires manual review
,Carriage Trade Gallery Corporation,,-73.992764,40.717813,"277 Grand Street, New York, 10002",,NYC DCLA,dcla-row-469,Requires manual review
,Carrizal,,-73.9123247,40.6992088,1542 Gates Avenue,,OpenStreetMap,node/7126337086,Requires manual review
,Carroll Gardens Association,,-74.0024415,40.6852228,,https://www.carrollgardensassociation.com,OpenStreetMap,node/2549978396,Requires manual review
,Carroll Gardens Laundromat Dry Cleaners,,-73.9974471,40.678817,425 Court Street,,OpenStreetMap,node/2494252059,Requires manual review
,Carter Burden Center for the Aging,,-73.953478,40.771244,"1484 First Avenue, New York, 10075",,NYC DCLA,dcla-row-470,Requires manual review
,Carter Burden Gallery,,-74.0041652,40.7516054,548 West 28th Street,https://www.carterburdengallery.org,OpenStreetMap,node/10860703822,Requires manual review
,"Casa Belvedere, The Italian Cultural Foundation",,-74.0880908,40.6285635,,https://casa-belvedere.org,OpenStreetMap,node/10289644809,Requires manual review
,"Casa Belvedere, The Italian Cultural Foundation",,-74.088552,40.628788,"79 Howard Ave, Staten Island, 10301",,NYC DCLA,dcla-row-471,Requires manual review
,"Casita Maria, Inc.",,-73.893128,40.820579,"928 Simpson Street, Bronx, 10459",,NYC DCLA,dcla-row-472,Requires manual review
,Castle Hill Library,,-73.8501796,40.8266082,947 Castle Hill Avenue,https://www.nypl.org/locations/castle-hill,OpenStreetMap,way/281882563,Requires manual review
,Catalonia Plates,,-74.0885359,40.6070062,,,OpenStreetMap,node/13184510055,Requires manual review
,"Catharine Lorillard Wolfe Art Club, Inc.",,-73.991311,40.732277,"802 Broadway c/o Grace Church, New York, 10003",,NYC DCLA,dcla-row-473,Design-related name in DCLA Visual Arts discipline
,Cathedral Church of St. John the Divine,,-73.963074,40.804033,"1047 Amsterdam Ave, New York, 10025",,NYC DCLA,dcla-row-474,Requires manual review
,Cathedral Seminary House of Formation,,-73.7339099,40.7473669,,,OpenStreetMap,way/1053727128,Requires manual review
,"Catholic Charities Community Services, Archdiocese of New York",,-73.963692,40.757271,"1011 First Avenue, New York, 10022",,NYC DCLA,dcla-row-475,Requires manual review
,Caucig Fuel – Heating and Cooling Co.,,-73.9924673,40.6440804,1018 39th Street,https://nyfuelsupply.com/,OpenStreetMap,node/11043471828,Requires manual review
,Causa Artium Limited,,-73.967291,40.799407,"215 West 104th Street Box 844, New York, 10025",,NYC DCLA,dcla-row-476,Requires manual review
,Cavalier Gallery,,-74.0052508,40.7489086,530 West 24th Street,https://www.cavaliergalleries.com,OpenStreetMap,node/10859974164,Requires manual review
,"Cave Canem Foundation, Inc.",,-73.995173,40.726204,"65 Bleecker St, New York, 10012",,NYC DCLA,dcla-row-477,Requires manual review
,"CAVE Organization, Inc.",,-73.965099,40.715908,"58 Grand St, Brooklyn, 11249",,NYC DCLA,dcla-row-478,Requires manual review
,CBA Cultural & Arts Center,,-73.820163,40.748581,"137-22 Kalmia Ave, Flushing, 11355",,NYC DCLA,dcla-row-479,Requires manual review
,"CBD Music, Inc.",,-73.920162,40.831448,"1075 Grand Concourse, Bronx, 10452",,NYC DCLA,dcla-row-480,Requires manual review
,"CEC ArtsLink, Inc.",,-74.005779,40.714824,"291 Broadway, 12 Fl., New York City, 10007",,NYC DCLA,dcla-row-481,Requires manual review
,"CEC Stuyvesant Cove, Inc.",,-73.974745,40.735508,"24-20 FDR Drive Service Road East, New York, 10010",,NYC DCLA,dcla-row-482,Requires manual review
,"Cedar Lake, Inc.",,-74.004345,40.750259,"547 West 26th Street, New York, 10001",,NYC DCLA,dcla-row-483,Requires manual review
,Cedar Wood Working,,-73.9805354,40.5964234,2078 West 9th Street,,OpenStreetMap,node/2555898866,Requires manual review
,Celebrate Hope,,-74.1172876,40.572727,,,OpenStreetMap,node/13128789581,Requires manual review
,Cell Phone Repair,,-73.7300895,40.6652303,247-22A South Conduit Avenue,https://www.cricketwireless.com/,OpenStreetMap,node/6121843961,Requires manual review
,Cell Phone Repair,,-74.0040126,40.6239008,1277,,OpenStreetMap,node/9147031536,Requires manual review
,Cell Phone Repair,,-73.919744,40.7583027,32-30 Steinway Street,,OpenStreetMap,node/12156033982,Requires manual review
,Cell Theatre Co.,,-73.99969,40.745793,"338 W 23rd st, New York, 10011",,NYC DCLA,dcla-row-484,Requires manual review
,Cellaxs,,-74.1656323,40.5816395,,,OpenStreetMap,node/9057614848,Requires manual review
,Cellaxs,,-74.1658223,40.5811497,,,OpenStreetMap,way/904169944,Requires manual review
,"Center at West Park, Inc.",,-73.977332,40.788672,"263 W 86th St, New York, 10024",,NYC DCLA,dcla-row-485,Requires manual review
,Center for Architecture,,-73.9985805,40.72873,546 LaGuardia Place,https://www.centerforarchitecture.org/,OpenStreetMap,node/5747425246,Design-related museum or gallery
,"Center for Architecture, Inc.",,-73.998532,40.728575,"536 LaGuardia Place, New York, 10012",,NYC DCLA,dcla-row-486,DCLA Architecture/Design discipline
,"Center for Art Law, Inc.",,-73.985501,40.703729,"195 Plymouth St, Brooklyn, 11201",,NYC DCLA,dcla-row-488,Design-related name in DCLA Visual Arts discipline
,"Center for Artistic Development, Inc.",,-73.979625,40.577347,"2880 West 12 Street, Brooklyn, 11224",,NYC DCLA,dcla-row-487,Requires manual review
,"Center for Arts Education, Inc.",,-73.991009,40.753632,"266 West 37th Street, 9th Floor, New York, 10018",,NYC DCLA,dcla-row-489,Requires manual review
,"Center for Book Arts, Inc.",,-73.989491,40.744785,"28 West 27th Street, Third Floor, New York, 10001",,NYC DCLA,dcla-row-490,Requires manual review
,Center for Brooklyn History,,-73.9924114,40.6947907,128 Pierrepont Street,,OpenStreetMap,way/241833034,Requires manual review
,"Center for Communication, Inc.",,-73.985501,40.703729,"195 Plymouth St, Brooklyn, 11201",,NYC DCLA,dcla-row-491,Requires manual review
,Center for Contemporary Opera,,-73.978578,40.743422,"236 East 31st St., New York, 10016",,NYC DCLA,dcla-row-492,Requires manual review
,"Center for Curatorial Leadership, Inc.",,-73.957562,40.77528,"174 E 80th St, New York, 10075",,NYC DCLA,dcla-row-493,Requires manual review
,Center for Educational Innovation-Public Education Association,,-73.976663,40.750583,"369 Lexington Avenue, New York, 10017",,NYC DCLA,dcla-row-494,Requires manual review
,Center for Italian Modern Art,,-73.998662,40.721252,"421 Broome Street, New York, 10013",,NYC DCLA,dcla-row-495,Design-related name in DCLA Museum discipline
,Center for Jewish History,,-73.9937182,40.7375904,,,OpenStreetMap,node/368043657,Requires manual review
,Center for Jewish History,,-73.993454,40.737677,"15 West 16th Street, New York, 10011",,NYC DCLA,dcla-row-496,Requires manual review
,"Center for Performance Research, Inc.",,-73.946456,40.716664,"361 Manhattan Avenue, New York, 11211",,NYC DCLA,dcla-row-497,Requires manual review
,Center for the Study of Classical Architecture,,-73.980848,40.755156,"20 West 44th Street, New York, 10036",,NYC DCLA,dcla-row-498,DCLA Architecture/Design discipline
,Center for Traditional Music and Dance,,-74.013096,40.706045,"32 Broadway, New York, 10004",,NYC DCLA,dcla-row-499,Requires manual review
,"Center for Urban Pedagogy, Inc.",,-73.987671,40.674909,"232 Third Street #D201, Brooklyn, 11215",,NYC DCLA,dcla-row-500,Requires manual review
,"CenterStage: The Queens Center for the Performing Arts, Inc.",,-73.831899,40.760399,"135-32 38th Avenue, Flushing, 11354",,NYC DCLA,dcla-row-501,Requires manual review
,"Central Astoria Local Development Coalition, Inc.",,-73.912931,40.767773,"25-69 38th St, Astoria, 11103",,NYC DCLA,dcla-row-503,Requires manual review
,"Central Brooklyn Jazz Consortium, Inc.",,-73.933354,40.652054,"868 Schenectady Ave., Brooklyn, 11203",,NYC DCLA,dcla-row-504,Requires manual review
,"Central City Chorus, Inc.",,-73.977494,40.789358,"552 W End Ave, New York, 10024",,NYC DCLA,dcla-row-505,Requires manual review
,Central Family Life Center,,-74.07843,40.62722,"59 Wright Street, Staten Island, 10304",,NYC DCLA,dcla-row-506,Requires manual review
,"Central Park Brass, Inc.",,-73.952103,40.784248,"1435 Lexington Avenue, #7F, New York, 10128",,NYC DCLA,dcla-row-507,Requires manual review
,Central Time Clock,,-73.9554679,40.7431158,5-23 50th Avenue,,OpenStreetMap,node/12991016947,Requires manual review
,Central Yiddish Culture Organization,,-73.949742,40.741017,"51-02 21st Street, 7th Floor A-2, Long Island City, 11101",,NYC DCLA,dcla-row-508,Requires manual review
,"Centro Civico Cultural Dominicano, Inc.",,-73.950938,40.826637,"619 West 145th Street, New York, 10031",,NYC DCLA,dcla-row-509,Requires manual review
,CG Plumbing Supply,,-73.8006121,40.6955339,,,OpenStreetMap,node/11955992561,Requires manual review
,Chabad Neshama Center,,-73.9675553,40.5778741,2997 Ocean Parkway,https://www.chabadneshama.com,OpenStreetMap,way/248510145,Requires manual review
,"Chamber Music Center of New York, Inc.",,-73.971752,40.799537,"299 Riverside Dr., New York, 10025",,NYC DCLA,dcla-row-515,Requires manual review
,"Chamber Music Society of Lincoln Center, Inc.",,-73.984479,40.773997,"70 Lincoln Center Plaza, Tenth Floor, New York, 10023",,NYC DCLA,dcla-row-517,Requires manual review
,Chamber Orchestra of New York Ottorino Respighi,,-73.974854,40.753102,"450 Lexington Ave. #1514, New York, 10163",,NYC DCLA,dcla-row-518,Requires manual review
,ChamberQUEER inc,,-73.963427,40.646929,"1701 Albemarle Road, Brooklyn, 11226",,NYC DCLA,dcla-row-519,Requires manual review
,Chambers Memorial Baptist Church,,-73.93614,40.802141,"219 East 123rd Street, New York, 10035",,NYC DCLA,dcla-row-520,Requires manual review
,Champion Cleaners,,-73.9743317,40.7475346,243 East 38th Street,,OpenStreetMap,node/6572834962,Requires manual review
,"Character Studies Productions, Inc.",,-73.965481,40.801215,"202 West 107th Street 6-W, New York, 10025",,NYC DCLA,dcla-row-522,Requires manual review
,Charleston Library,,-74.2322942,40.5310449,225 Bricktown Way,https://www.nypl.org/locations/charleston,OpenStreetMap,way/963761097,Requires manual review
,ChaRosa Foundation Corporation,,-73.732988,40.692891,"228-08 Linden Boulevard, Cambria Heights, 11411",,NYC DCLA,dcla-row-523,Requires manual review
,ChaShaMa,,-73.9711668,40.7925409,697 Amsterdam Avenue,https://chashama.org/location/697-amsterdam-ave/,OpenStreetMap,node/2451205739,Requires manual review
,chashama,,-73.9922799,40.7356045,7 East 14th Street,,OpenStreetMap,node/11969362708,Requires manual review
,"Chashama, Inc.",,-73.974126,40.750643,"205 East 42nd Street, New York, 10017",,NYC DCLA,dcla-row-524,Requires manual review
,Chassida Shmella:  Ethiopian Jewish Community,,-74.013374,40.705752,"25 Broadway Suite 1700, New York, NY, 10004",,NYC DCLA,dcla-row-525,Requires manual review
,Chatham Square Library,,-73.9963082,40.7133052,33 East Broadway,https://www.nypl.org/locations/chatham-square,OpenStreetMap,way/278241633,Requires manual review
,"CHEER Foundation, Inc.",,-73.843888,40.667415,"90-18 153rd Avenue, Howard Beach, 11414",,NYC DCLA,dcla-row-526,Requires manual review
,Chef Jhoanes Cake Designer,,-73.9341464,40.7534646,29-09 39th Avenue,https://chefjhoanes.com/,OpenStreetMap,node/2852973582,Requires manual review
,Cheim & Read,,-74.0051872,40.7499342,547 West 25th Street,https://www.cheimread.com,OpenStreetMap,node/10859974147,Requires manual review
,Chelsea Film Festival,,-73.99624,40.744338,"208 W 23rd Street, New York, 10011",,NYC DCLA,dcla-row-527,Requires manual review
,"Chelsea Opera, Inc.",,-73.979297,40.730001,"521 East 14th Street, New York, 10011",,NYC DCLA,dcla-row-529,Requires manual review
,Chelsea Symphony,,-73.998784,40.744901,"245 Eighth Avenue, New York, 10011",,NYC DCLA,dcla-row-530,Requires manual review
,Chenlin Graphic & Design,,-73.991863,40.7157593,32 Allen Street,,OpenStreetMap,node/11523643239,OpenStreetMap craft/workshop tag
,"Cherry Lane Alternative, Inc.",,-74.004477,40.724971,"145 Avenue of the Americas, New York, 10013",,NYC DCLA,dcla-row-531,Requires manual review
,Cherry Orchard Festival Foundation,,-73.99132,40.774566,"60 Riverside Blvd, New York, 10069",,NYC DCLA,dcla-row-532,Requires manual review
,Chez Vous Catering,,-74.0746668,40.6251981,691 Bay Street,,OpenStreetMap,node/13040296873,Requires manual review
,"Chhandayan, Inc.",,-73.980932,40.754371,"4 W 43rd Street #616, New York, 10036",,NYC DCLA,dcla-row-533,Requires manual review
,Chhaya Community Development Corporation,,-73.888827,40.747993,"37-43 77th Street, Jackson Heights, 11372",,NYC DCLA,dcla-row-534,Requires manual review
,Child and Youth Development Center,,-73.977457,40.632253,"888 Mcdonald Avenue, Brooklyn, 11218",,NYC DCLA,dcla-row-535,Requires manual review
,"Children of Promise, NYC",,-73.944383,40.680929,"54 MacDonough Street, Brooklyn, 11216",,NYC DCLA,dcla-row-543,Requires manual review
,Children's Aid Society,,-73.986215,40.739265,"105 East 22nd Street, New York, 10010",,NYC DCLA,dcla-row-536,Requires manual review
,Children's Art Carnival,,-73.946309,40.823075,"62 Hamilton Terrace, New York, 10031",,NYC DCLA,dcla-row-537,Design-related name in DCLA Visual Arts discipline
,"Children's Arts & Science Workshops, Inc.",,-73.934715,40.852155,"4320 Broadway, New York, 10033",,NYC DCLA,dcla-row-538,Requires manual review
,Children's Cultural Center of Native America,,-73.9448716,40.8321455,550 West 155th Street,https://www.cccona.org/,OpenStreetMap,node/2768275469,Requires manual review
,Children's Museum of Manhattan,,-73.9773343,40.7858798,212 West 83rd Street,https://www.cmom.org/,OpenStreetMap,way/270901657,Design-related museum or gallery
,Children's Museum of Manhattan,,-73.976961,40.785946,"212 West 83rd Street, New York, 10024",,NYC DCLA,dcla-row-539,Design-related name in DCLA Museum discipline
,Children's Museum of the Arts,,-74.004957,40.723247,"101 Avenue of the Americas, 9th Floor, New York, 10013",,NYC DCLA,dcla-row-540,Design-related name in DCLA Museum discipline
,Children's Theatre Company of New York,,-74.003999,40.750094,"526 West 26th Street, New York, 10001",,NYC DCLA,dcla-row-542,Requires manual review
,China Institute in America,,-74.014291,40.708494,"100 Washington St, New York, 10006",,NYC DCLA,dcla-row-544,Requires manual review
,Chinatown Soup,,-73.9916144,40.7152082,16B Orchard Street,https://chinatownsoup.nyc,OpenStreetMap,node/6409636462,Design-related museum or gallery
,"Chinese American Arts Council, Inc.",,-74.000812,40.720648,"456 Broadway, 3rd Floor, New York, 10013",,NYC DCLA,dcla-row-546,Requires manual review
,Chinese American Culture & Art Association,,-73.969254,40.75791,"880 Third Avenue, 13th Floor, New York, 10022",,NYC DCLA,dcla-row-547,Requires manual review
,"Chinese Community Center of Flushing, Inc.",,-73.821356,40.754358,"43-17 Union Street, Flushing, 11355",,NYC DCLA,dcla-row-548,Requires manual review
,"Chinese Cultural Foundation, Inc.",,-73.977146,40.762616,"77 West 55th Street, Suite 3F, New York, 10019",,NYC DCLA,dcla-row-549,Requires manual review
,Chinese Methodist Center Corporation,,-73.996562,40.712115,"69 Madison st., New York, 10002",,NYC DCLA,dcla-row-550,Requires manual review
,"Chinese Musical Arts, Inc.",,-73.993672,40.72129,"200 Bowery Street apt# 2E, New York, 10012",,NYC DCLA,dcla-row-551,Requires manual review
,Chinese Scholar’s Garden,,-74.1043544,40.6421651,,https://snug-harbor.org/botanical-garden/new-york-chinese-scholars-garden/,OpenStreetMap,way/55576393,Requires manual review
,"Chinese Theatre Works, Inc.",,-73.925887,40.752096,"3718 Northern Blvd, Long Island City, 11101",,NYC DCLA,dcla-row-553,Requires manual review
,Chinese Writers Association of New York,,-73.791037,40.753495,"189-23 46 Ave,, Flushing, 11358",,NYC DCLA,dcla-row-554,Requires manual review
,Chips Cleaners,,-73.9861968,40.7343074,159 3rd Avenue,,OpenStreetMap,node/3676918487,Requires manual review
,Choban Pita & Grill,,-74.0263832,40.635333,,https://www.chobanpitagrill.com,OpenStreetMap,node/11481483771,Requires manual review
,Choplet Ceramic Studio & Gallery,,-73.9523429,40.7273202,121 Meserole Avenue,https://choplet.com,OpenStreetMap,node/13519781082,OpenStreetMap craft/workshop tag
,Choplet Ceramic Studio & Gallery,,-73.9592295,40.7135309,,https://choplet.com,OpenStreetMap,node/13623439246,OpenStreetMap craft/workshop tag
,"Choral Chameleon, Inc.",,-73.981038,40.774318,"157 Columbus Avenue, Fourth Floor, New York, 10023",,NYC DCLA,dcla-row-555,Requires manual review
,"Chris S. Owens Foundation, Inc.",,-73.927003,40.629688,"1275 East 51st Street, Brooklyn, 11234",,NYC DCLA,dcla-row-556,Requires manual review
,Chris Store Front & Glass,,-73.9686554,40.6473764,,,OpenStreetMap,node/6704340431,Requires manual review
,Christ Church New Brighton,,-74.092301,40.643587,"76 Franklin Avenue, Staten Island, 10301",,NYC DCLA,dcla-row-557,Requires manual review
,"Church Street School for Music and Art, Inc.",,-74.004452,40.718664,"41 White Street, New York, 10013",,NYC DCLA,dcla-row-558,Requires manual review
,"Cinema Conservancy, Inc.",,-74.001205,40.738308,"225 W. 13th Street, New York, NY, 10011",,NYC DCLA,dcla-row-559,Requires manual review
,"Cinema Tropical, Inc.",,-73.996641,40.7256,"611 Broadway Suite 836, New York, 10012",,NYC DCLA,dcla-row-560,Requires manual review
,"Circle in the Square Theatre School, Inc.",,-73.983962,40.761574,"1633 Broadway, New York, 10019",,NYC DCLA,dcla-row-561,Requires manual review
,"Circuit Productions, Inc.",,-73.980277,40.674746,"635 Carroll Street, Brooklyn, 11215",,NYC DCLA,dcla-row-562,Requires manual review
,"Circus Amok, Inc.",,-73.966824,40.707584,"53 South 11th Street, #5A, Brooklyn, 11249",,NYC DCLA,dcla-row-563,Requires manual review
,"Circusense, Inc.",,-73.983857,40.686563,"423 Atlantic Avenue, Brooklyn, 11217",,NYC DCLA,dcla-row-564,Requires manual review
,Citi Window Wash,,-73.9481028,40.7508088,11-11 43rd Road,https://citiwindowwash.com/,OpenStreetMap,node/8650996094,Requires manual review
,"Citizen Schools, Inc.",,-73.985619,40.744096,"79 Madison Avenue, New York, 10016",,NYC DCLA,dcla-row-566,Requires manual review
,"Citizens Against Recidivism, Inc.",,-73.76004,40.673202,"137-58 Thurston St, Springfield Gardens, 11413",,NYC DCLA,dcla-row-565,Requires manual review
,"Citizens Committee for New York City, Inc.",,-74.008681,40.704275,"77 Water St., New York, 10005",,NYC DCLA,dcla-row-567,Requires manual review
,"City Center for Music & Drama, Inc.",,-73.983201,40.771414,"20 Lincoln Center, New York, 10023",,NYC DCLA,dcla-row-569,Requires manual review
,City College Center for the Arts,,-73.951834,40.817802,"129 Convent Ave, New York, 10031",,NYC DCLA,dcla-row-570,Requires manual review
,City Discount,,-74.0074026,40.6481161,,,OpenStreetMap,node/8592787177,Requires manual review
,"City Grand Opera Society, Inc.",,-73.983145,40.764308,"250 West 54th Street, Suite 807, New York, 10019",,NYC DCLA,dcla-row-571,Requires manual review
,"City Growers, Inc.",,-73.974986,40.69802,"63 Flushing Ave, Brooklyn, 11205",,NYC DCLA,dcla-row-572,Requires manual review
,City Island Historical Society,,-73.784647,40.847655,"190 Fordham Street, BRONX, 10464",,NYC DCLA,dcla-row-573,Requires manual review
,City Island Theater Group,,-73.784187,40.841097,"116 City Island Avenue, New York, 10464",,NYC DCLA,dcla-row-574,Requires manual review
,"City Lore, Inc.",,-73.989281,40.723631,"56 E. First Street, New York, 10003",,NYC DCLA,dcla-row-575,Requires manual review
,City Parks Foundation,,-73.970516,40.767711,"830 5th Ave, New York, 10065",,NYC DCLA,dcla-row-576,Requires manual review
,City Window & Door,,-74.0078317,40.6810493,67 Seabring Street,,OpenStreetMap,way/278372129,Requires manual review
,"CITYarts, Inc.",,-73.996042,40.726634,"77 Bleecker Street, New York, 10012",,NYC DCLA,dcla-row-568,Requires manual review
,Citywide Electrical Wiring Inc,,-73.902348,40.776093,20-22 Steinway Street,,OpenStreetMap,node/13451735146,Requires manual review
,"Citywide Youth Opera, Inc.",,-73.970755,40.750098,"321 East 43rd Street #906, New York, 10017",,NYC DCLA,dcla-row-577,Requires manual review
,Civic Studio,,-74.0123077,40.6780299,352 Van Brunt Street,https://civiccollaborations.org,OpenStreetMap,node/2550086544,Design-related community or association
,"Civilians, Inc.",,-73.973221,40.685073,"138 S. Oxford Street, Brooklyn, 11217",,NYC DCLA,dcla-row-579,Requires manual review
,Claireware,,-73.9874392,40.6792781,543 Union Street,https://www.claireware.net/claireware-showroom,OpenStreetMap,node/5794594706,Requires manual review
,Clason's Point Library,,-73.8750256,40.8299911,1215 Morrison Avenue,https://www.nypl.org/locations/clasons-point,OpenStreetMap,way/281903205,Requires manual review
,Clasons Point Branch New York Public Library,,-73.8741667,40.8294444,,,OpenStreetMap,node/368049266,Requires manual review
,Classic Chamber Players,,-73.989073,40.743523,"1133 Broadway, New York, 10010",,NYC DCLA,dcla-row-583,Requires manual review
,"Classic Home Services, AC & Furnace Repair",,-73.9681682,40.6962666,275 Park Avenue,https://heatingandcoolingnewyork.com/ac-repair-brooklyn-ny/,OpenStreetMap,node/13055706690,Requires manual review
,Classic Upholstery,,-73.7602586,40.7132602,198-26 Jamaica Avenue,,OpenStreetMap,node/11884315420,Requires manual review
,Classical Domain,,-73.962408,40.645866,"218 East 18th Street, New York, 10003",,NYC DCLA,dcla-row-581,Requires manual review
,"Classical Theatre of Harlem, Inc.",,-73.944602,40.829365,"1850 Amsterdam Avenue, New York, 10031",,NYC DCLA,dcla-row-582,Requires manual review
,Clayhouse of Brooklyn,,-73.9922318,40.6839091,,https://www.clayhousebrooklyn.com,OpenStreetMap,node/2549996754,Requires manual review
,Clayworks on Columbia,,-74.0023636,40.6853822,,https://www.clayworksoncolumbia.org,OpenStreetMap,node/6501091572,OpenStreetMap arts-centre tag
,"Clean Water of New York, Inc.",,-74.1662881,40.6408496,3249 Richmond Terrace,,OpenStreetMap,node/13050292746,Requires manual review
,"Clemente Soto Velez Cultural and Educational Center, Inc.",,-73.986122,40.718943,"107 Suffolk Street, New York, 10002",,NYC DCLA,dcla-row-584,Requires manual review
,Clemente's Fine Foods & Catering,,-73.9801271,40.5983902,138 Avenue T,,OpenStreetMap,node/7217423991,Requires manual review
,Climate Control HVAC,,-74.0982015,40.6445334,,,OpenStreetMap,node/12990558442,Requires manual review
,Climate Museum,,-73.991449,40.760038,"630 Ninth Ave, New York, 10036",,NYC DCLA,dcla-row-585,Requires manual review
,Clinton Hill Ace Hardware,,-73.9674088,40.6931508,452 Myrtle Avenue,,OpenStreetMap,node/9512283423,OpenStreetMap craft/workshop tag
,Clinton Hill Library,,-73.9660277,40.6873749,380 Washington Avenue,,OpenStreetMap,way/250357096,Requires manual review
,"Cliplight Theatre Company, Inc.",,-73.994777,40.760205,"484 W 43 ST, New York, 10036",,NYC DCLA,dcla-row-586,Requires manual review
,Clipping Path Arts Inc.,,-73.8800493,40.7487124,3751 86th Street,https://www.clippingpatharts.com/,OpenStreetMap,node/10304551038,OpenStreetMap craft/workshop tag
,Clive Barnes Foundation Incorporated,,-73.996878,40.744626,"241 West 23rd Street, 4A, New York, 10011",,NYC DCLA,dcla-row-587,Requires manual review
,"Clockwork Theatre, Inc.",,-73.993185,40.758652,"410 West 42nd Street, New York, 10036",,NYC DCLA,dcla-row-588,Requires manual review
,Cloud Catering,,-73.9407491,40.7484462,,,OpenStreetMap,node/4995839496,Requires manual review
,Cloud Gallery,,-74.0100483,40.7147386,,https://www.cloudgallery.nyc,OpenStreetMap,node/11079239447,Requires manual review
,Clover's,,-73.9875336,40.6878047,,https://cloversfineart.com,OpenStreetMap,node/5745808906,Requires manual review
,"Club A-Elita, Inc.",,-73.989184,40.587446,"2740 Cropsey Ave, 13A, brooklyn, 11214",,NYC DCLA,dcla-row-589,Requires manual review
,"Clubbed Thumb, Inc.",,-73.991803,40.729448,"440 Lafayette St, New York, 10003",,NYC DCLA,dcla-row-590,Requires manual review
,"Clutch Productions, Inc.",,-73.927274,40.866744,"19 Seaman Avenue, NEW YORK, 10034",,NYC DCLA,dcla-row-591,Requires manual review
,CO/LAB Theater Group,,-73.992417,40.753612,"520 8th Ave., 3rd Floor, New York, 10018",,NYC DCLA,dcla-row-592,Requires manual review
,Coalition for Hispanic Family Services,,-73.911981,40.700045,"315 Wyckoff Avenue, Brooklyn, 11237",,NYC DCLA,dcla-row-593,Requires manual review
,"Coalition to Preserve Reggae Music, Inc.",,-73.957818,40.633332,"1199 Ocean Avenue, New York, 11230",,NYC DCLA,dcla-row-594,Requires manual review
,Cobbler Express,,-73.9787577,40.7520165,60 East 42nd Street,https://cobblerexpress.com/,OpenStreetMap,node/13901654401,Requires manual review
,Cocolart,,-73.930587,40.852009,"555 West 186th Street, #4C, New York, 10033",,NYC DCLA,dcla-row-595,Requires manual review
,Coleman Cleaners,,-73.9941285,40.6985934,97 Hicks Street,,OpenStreetMap,node/2494312805,Requires manual review
,"Collaborative Urban Sculpture, Inc.",,-73.967587,40.69688,"62 Washington Ave. #1, Brooklyn, 11205",,NYC DCLA,dcla-row-597,Design-related name in DCLA Visual Arts discipline
,"Collapsable Giraffe, Inc.",,-74.009205,40.736095,"155 Bank St, New York, 10014",,NYC DCLA,dcla-row-598,Requires manual review
,"Collected Objects, Inc.",,-73.947914,40.725764,"100 Newel Street, #2R, Brooklyn, 11222",,NYC DCLA,dcla-row-599,Requires manual review
,"College and Community Fellowship, Inc.",,-73.964168,40.811101,"475 RIVERSIDE DRIVE, New York, 10115",,NYC DCLA,dcla-row-601,Requires manual review
,"College Art Association of America, Inc.",,-74.012761,40.706449,"50 Broadway, 21st Fl., New York, 10004",,NYC DCLA,dcla-row-602,Design-related name in DCLA Visual Arts discipline
,College of Mount Saint Vincent,,-73.9069701,40.9128309,6301 Riverdale Ave,,OpenStreetMap,way/162633182,Requires manual review
,College of Staten Island,,-74.1502136,40.6023533,2800 Victory Boulevard,https://www.csi.cuny.edu/,OpenStreetMap,way/563686036,Requires manual review
,College Point Islamic Center,,-73.8461318,40.784113,15th Avenue,,OpenStreetMap,node/13034681117,Requires manual review
,Collier West Annex,,-73.9857205,40.6874549,,https://collierwest.com,OpenStreetMap,node/5808889072,Requires manual review
,Colombian Film Festival,,-73.949423,40.76253,"575 Main St, New York, 10044",,NYC DCLA,dcla-row-603,Requires manual review
,Colonial Dames of America/Mount Vernon Hotel Museum & Garden,,-73.960123,40.760473,"421 E 61st St, New York, 10022",,NYC DCLA,dcla-row-604,Design-related name in DCLA Museum discipline
,"Colonial Farmhouse Restoration Society of Bellerose, Inc.",,-73.719381,40.748171,"7350 Little Neck Pkwy, Floral Park, 11004",,NYC DCLA,dcla-row-605,Requires manual review
,Colonial Redi Record,,-73.9858933,40.643407,1225 36th Street,https://www.colonialredirecord.com/,OpenStreetMap,node/11563854856,Requires manual review
,Color Me Mine,,-73.9832433,40.7760667,177 Amsterdam Avenue,https://upperwestside.colormemine.com/,OpenStreetMap,node/13816579013,Requires manual review
,Colson Patisserie,,-73.9839027,40.6678131,374 9th Street,https://www.colsonpastries.com/,OpenStreetMap,node/2568724676,Requires manual review
,"Colt Coeur Theater Company, Inc.",,-73.986587,40.704313,"20 Jay Street, Brooklyn, 11201",,NYC DCLA,dcla-row-606,Requires manual review
,Columbia Residential,,-73.9606855,40.8150105,,https://residential.columbia.edu/,OpenStreetMap,way/398632274,Requires manual review
,Columbia Residential,,-73.9603673,40.8137861,,https://residential.columbia.edu/,OpenStreetMap,way/1148064270,Requires manual review
,Columbia Residential,,-73.9610131,40.8132473,,https://residential.columbia.edu/,OpenStreetMap,way/1148064911,Requires manual review
,Columbia Residential,,-73.9603685,40.8169443,,https://residential.columbia.edu/,OpenStreetMap,way/1148067064,Requires manual review
,Columbia University,,-73.9624303,40.8078215,116th Street,https://www.columbia.edu,OpenStreetMap,way/732228095,Requires manual review
,Columbia University,,-73.9635328,40.8095115,,,OpenStreetMap,way/1449668147,Requires manual review
,"Columbia University, Manhattanville Campus",,-73.9577202,40.8176967,,,OpenStreetMap,way/137318990,Requires manual review
,Columbus Library,,-73.9911998,40.7649333,742 10th Avenue,http://www.nypl.org/locations/columbus,OpenStreetMap,way/265325033,Requires manual review
,Commanding Officer's Quarters,,-74.0131463,40.6903372,1 Barry Road,,OpenStreetMap,way/278396320,Requires manual review
,"Community Center of the Rockaway Peninsula, Inc.",,-73.751147,40.596751,"257 Beach 17th Street, Far Rockaway, 11691",,NYC DCLA,dcla-row-607,Requires manual review
,Community Film Workshop Council,,-73.956685,40.813876,"525 West 125th Street, New York, 10027",,NYC DCLA,dcla-row-608,Requires manual review
,Community II Heating & Air Conditioning,,-74.0766511,40.6255756,,,OpenStreetMap,node/13048630623,Requires manual review
,"Community New Horizons of New York, Inc.",,-73.930757,40.855572,"341 Wadsworth Avenue, Suite B, New York, 10040",,NYC DCLA,dcla-row-609,Requires manual review
,"Community-Word Project, Inc.",,-74.013731,40.705354,"11 Broadway, Suite 508, New York, 10004",,NYC DCLA,dcla-row-610,Requires manual review
,Complexions - A Concept in Dance,,-73.983578,40.752138,"37 West 39th Street, New York, 10018",,NYC DCLA,dcla-row-612,Requires manual review
,"Complicated, Incorporated",,-73.953851,40.727372,"1072 Lorimer St. #3l, Brooklyn, 11222",,NYC DCLA,dcla-row-613,Requires manual review
,"Composers Collaborative, Inc.",,-73.976518,40.79423,"210 Riverside Drive, Apt. 11G, New York, 10025",,NYC DCLA,dcla-row-614,Requires manual review
,"Composers Concordance, Inc.",,-73.950004,40.771967,"1510 York Ave, new york, 10075",,NYC DCLA,dcla-row-615,Requires manual review
,"Composers Now, Inc.",,-73.983451,40.769493,"33 W 60th Street, New York, 10023",,NYC DCLA,dcla-row-616,Requires manual review
,Computer Answers,,-73.945357,40.7190529,,,OpenStreetMap,node/6069012698,Requires manual review
,Computer Depot,,-73.8305093,40.8497837,3131 Westchester Avenue,,OpenStreetMap,node/5717487401,Requires manual review
,Con Artist Collective,,-73.9887194,40.7196295,119 Ludlow Street,https://conartistnyc.com,OpenStreetMap,node/6233607285,Requires manual review
,"Concert Artists Guild, Inc.",,-73.991053,40.752034,"224 W. 35th St, New York, 10001",,NYC DCLA,dcla-row-617,Requires manual review
,Concerts in the Heights,,-73.918157,40.871766,"251 Seaman Avenue, New York, 10034",,NYC DCLA,dcla-row-619,Requires manual review
,"Concourse House Housing Development Fund Company, Inc.",,-73.89278,40.868185,"2751 Grand Concourse, Bronx, 10468",,NYC DCLA,dcla-row-620,Requires manual review
,Concrete Temple Theatre,,-73.986678,40.733092,"211 E 14th St, NEW YORK, 10003",,NYC DCLA,dcla-row-621,Requires manual review
,Coney Art Walls,,-73.9815866,40.5743736,3050 Stillwell Avenue,https://www.coneyartwalls.com/,OpenStreetMap,way/651794533,Design-related museum or gallery
,"Coney Island Generation Gap Reunion Committee, Corp",,-73.995997,40.577733,"2904 Neptune Avenue, Brooklyn, 11224",,NYC DCLA,dcla-row-623,Requires manual review
,"Coney Island History Project, Inc.",,-73.979194,40.574034,"c/o Deno's Wonder Wheel Park, Brooklyn, 11224",,NYC DCLA,dcla-row-624,Requires manual review
,Coney Island Library,,-73.986114,40.576756,1901 Mermaid Avenue,https://www.bklynlibrary.org/locations/coney-island,OpenStreetMap,way/248495882,Requires manual review
,Coney Island Youth Alive Inc.,,-73.99932,40.573651,"2953 West 33rd street, New York, 11224",,NYC DCLA,dcla-row-625,Requires manual review
,"Coney Island, USA",,-73.979978,40.575535,"1208 Surf Avenue, Brooklyn, 11224",,NYC DCLA,dcla-row-622,Requires manual review
,"Conference House Association, Inc.",,-74.25144,40.502357,"298 Satterlee Street, Staten Island, 10307",,NYC DCLA,dcla-row-626,Requires manual review
,"Congress for Jewish Culture, Inc.",,-74.001256,40.742477,"306 W 18th St, New York City, 10011",,NYC DCLA,dcla-row-627,Requires manual review
,Conrad Poppenhusen Association,,-73.853042,40.78462,"114-04 14th Road, College Point, 11356",,NYC DCLA,dcla-row-628,Requires manual review
,Conscientious Musical Revues,,-74.160461,40.620017,"166 Regis Dr;, Staten Island, 10314",,NYC DCLA,dcla-row-629,Requires manual review
,"Construction Company Theater/Dance Associates, Inc.",,-73.991163,40.738225,"10 East 18th Street, #3, New York, 10003",,NYC DCLA,dcla-row-630,Requires manual review
,Contemporaneous Inc.,,-73.979557,40.68088,"617 Warren Street, Brooklyn, 11217",,NYC DCLA,dcla-row-631,Requires manual review
,"Contemporary Art for America, Inc.",,-74.003046,40.740866,"330 West 15th Street, Suite 5D, New York, 10011",,NYC DCLA,dcla-row-632,Design-related name in DCLA Museum discipline
,"Contemporary Ballet Theatre, Inc",,-73.889834,40.817831,"861 Manida St., Bronx, 10474",,NYC DCLA,dcla-row-633,Requires manual review
,Continental Studios,,-73.8496741,40.7103862,103-03 Metropolitan Avenue,,OpenStreetMap,node/10825166979,Requires manual review
,"Continuum Culture & Arts, Inc.",,-73.951809,40.662284,"292 Lefferts Ave., Brooklyn, 11225",,NYC DCLA,dcla-row-634,Requires manual review
,"Continuum Project, Inc.",,-73.949462,40.682592,"148 Hancock Street, New York, 11216",,NYC DCLA,dcla-row-635,Requires manual review
,Converging Arts Media Organization,,-73.990259,40.721976,"57 Stanton Street, New York, 10002",,NYC DCLA,dcla-row-636,Design-related name in DCLA Visual Arts discipline
,Cookie Jar,,-74.1306036,40.6262503,,,OpenStreetMap,node/11667208349,Requires manual review
,Cool Culture,,-73.974421,40.685488,"80 Hanson Place, Brooklyn, 11217",,NYC DCLA,dcla-row-637,Requires manual review
,"Coopdanza, Inc.",,-73.965481,40.801215,"202 W 107th St, New York, 10025",,NYC DCLA,dcla-row-638,Requires manual review
,Cooper Electric,,-74.2330976,40.537805,,,OpenStreetMap,node/12456546125,Requires manual review
,Cooper Union,,-73.9902538,40.7297351,,,OpenStreetMap,way/1156633380,Design-related college or university
,Cooper Union - Academic Building,,-73.9902605,40.7285084,,,OpenStreetMap,way/1156633381,Design-related college or university
,Cooper Union President's House,,-73.9885541,40.7301409,,https://middlestates.cooper.edu/Campus_Map_Directions.pdf,OpenStreetMap,way/1156633383,Design-related college or university
,"Cooper-Hewitt, National Design Museum",,-73.957866,40.784607,"2 East 91st Street, New York, 10128",,NYC DCLA,dcla-row-640,Design-related name in DCLA Museum discipline
,Cooperative Culture Collective,,-73.973397,40.686058,"117 S. Oxford Street, Brooklyn, 11217",,NYC DCLA,dcla-row-639,Requires manual review
,Cooperman Library,,-73.9640647,40.7675254,,https://library.hunter.cuny.edu,OpenStreetMap,node/7003280527,Requires manual review
,"Cooper–Hewitt, Smithsonian Design Museum",,-73.9577609,40.7842886,2 East 91st Street,https://www.cooperhewitt.org/,OpenStreetMap,way/266926168,Design-related museum or gallery
,Cora Incorporated,,-74.011702,40.673764,"177 Dwight Street, Brooklyn, 11231",,NYC DCLA,dcla-row-641,Requires manual review
,"CorbinDances, Inc.",,-73.943939,40.814518,"196 West 134th Street, New York, 10030",,NYC DCLA,dcla-row-642,Requires manual review
,Corian NY,,-73.9970587,40.6629126,151 22nd Street,https://www.corianny.com,OpenStreetMap,way/248241022,Requires manual review
,Cornell Tech,,-73.9564025,40.7547709,,https://tech.cornell.edu/,OpenStreetMap,way/403842582,Requires manual review
,Corona Plumbing,,-73.8592607,40.7504327,104-66 Roosevelt Avenue,,OpenStreetMap,node/12038348992,OpenStreetMap craft/workshop tag
,"Corona Youth Music Project, Inc.",,-73.866214,40.748858,"40-32 99th Street, New York, 11368",,NYC DCLA,dcla-row-643,Requires manual review
,Correction Officers Benevolent Association,,-73.8924038,40.7704382,77-10 21st Avenue,https://cobanyc.org,OpenStreetMap,node/2853426899,Requires manual review
,"Council For Living Music, Inc.",,-73.988167,40.761511,"322 West 48th Street, 3rd Floor, New York, 10036",,NYC DCLA,dcla-row-644,Requires manual review
,Council of Literary Magazines and Presses,,-74.011592,40.703954,"90 Broad Street, New York, 10004",,NYC DCLA,dcla-row-645,Requires manual review
,Council of Peoples Organization,,-73.966459,40.631136,"1077 Coney Island Avenue, Brooklyn, 11230",,NYC DCLA,dcla-row-646,Requires manual review
,Council on Foreign Relations,,-73.9662495,40.7684347,58 East 68th Street,https://www.cfr.org/,OpenStreetMap,node/357588258,Requires manual review
,Council on the Arts and Humanities for Staten Island,,-74.077223,40.641894,"25 Hyatt Street, Suite 200, Staten Island, 10301",,NYC DCLA,dcla-row-647,Requires manual review
,Council on the Arts and Humanities for Staten Island - Regrant,,-74.077223,40.641894,"25 Hyatt Street, Suite 200, Staten Island, 10301",,NYC DCLA,dcla-row-648,Requires manual review
,Countee Cullen Library,,-73.9411265,40.8148726,104 West 136th Street,https://www.nypl.org/locations/countee-cullen,OpenStreetMap,way/271825697,Requires manual review
,Courant Institute of Mathematical Sciences,,-73.9956863,40.7286484,251 Mercer Street,,OpenStreetMap,node/4743911217,Requires manual review
,"Covenant Ballet Theatre of Brooklyn, Inc.",,-73.974747,40.59682,"251 Avenue U, Brooklyn, 11223",,NYC DCLA,dcla-row-649,Requires manual review
,Cowgirl,,-74.0064618,40.7338239,519 Hudson Street,https://cowgirlnyc.com/,OpenStreetMap,node/2569259858,Requires manual review
,Coyote REP Theatre Company,,-73.998354,40.749482,"360 W 28th St, New York, 10001",,NYC DCLA,dcla-row-650,Requires manual review
,CPH Services,,-73.9467227,40.6984824,,,OpenStreetMap,node/5949303610,Requires manual review
,CPR Cell Phone Repair,,-73.9629944,40.7578981,1036 1st Avenue,https://www.cellphonerepair.com/manhattan-1st-ave-ny,OpenStreetMap,node/2711024310,Requires manual review
,Craft Society,,-73.9864907,40.6788918,,,OpenStreetMap,node/12715900261,OpenStreetMap arts-centre tag
,Craftsman Ave,,-73.9937019,40.6712024,117B 11th Street,https://craftsmanave.com,OpenStreetMap,node/2550101324,OpenStreetMap arts-centre tag
,"Create in Chinatown, Inc",,-73.992796,40.714288,"1 Pike St, New York, 10002",,NYC DCLA,dcla-row-651,Requires manual review
,"Creative Alternatives of New York, Inc.",,-73.969586,40.796267,"225 West 99th Street, New York, 10025",,NYC DCLA,dcla-row-652,Requires manual review
,"Creative Ammo, Inc.",,-73.980448,40.752417,"18 East 41st Street Suite 1806, New York, 10017",,NYC DCLA,dcla-row-653,Requires manual review
,Creative Arts Team,,-73.989588,40.748084,"101 West 31st Street, 6th Floor, New York, 10001",,NYC DCLA,dcla-row-654,Requires manual review
,Creative Arts Workshops for Kids,,-73.988675,40.7493,"100 W. 33rd Street, New York, 10001",,NYC DCLA,dcla-row-655,Requires manual review
,Creative Capital Foundation,,-74.009356,40.709482,"15 Maiden Lane, New York, 10038",,NYC DCLA,dcla-row-656,Design-related name in DCLA Visual Arts discipline
,Creative Color Palette,,-74.0299144,40.6195018,,https://www.thecreativecolorpalette.com,OpenStreetMap,node/10874278724,OpenStreetMap arts-centre tag
,"Creative Minds NYC, Inc.",,-73.985426,40.749679,"35 West 35th St Suite #701, New York, 10001",,NYC DCLA,dcla-row-657,Requires manual review
,Creative Netwerk,,-73.909612,40.766447,"25-18 43rd Street, Astoria, 11103",,NYC DCLA,dcla-row-658,Requires manual review
,"Creative Time, Inc.",,-73.990807,40.726785,"59 E 4th St, New York, 10003",,NYC DCLA,dcla-row-659,Requires manual review
,Cristin Tierney,,-74.003573,40.7189299,49 Walker St,https://www.cristintierney.com/,OpenStreetMap,node/13685610944,Requires manual review
,"Cross Performance, Inc.",,-73.994668,40.67108,"140 Second Avenue, New York, 10003",,NYC DCLA,dcla-row-660,Requires manual review
,Crossing Art,,-74.006396,40.7488232,559 West 23rd Street,https://crossingart.com,OpenStreetMap,node/10859974172,Design-related museum or gallery
,Crown Hall,,-73.8104551,40.7263691,75-01 Parsons Boulevard,,OpenStreetMap,node/13809337890,Requires manual review
,Crown Heights Jewish Community Council,,-73.942485,40.666153,"375 Kingston Avenue, Brooklyn, 11213",,NYC DCLA,dcla-row-661,Requires manual review
,Crown Heights North Association Inc.,,-73.946027,40.672292,"986 Sterling Place, New York, 11213",,NYC DCLA,dcla-row-662,DCLA Architecture/Design discipline
,Crown Heights Young Entrepreneurs,,-73.9452031,40.6640414,510 Empire Boulevard,https://www.chye.info,OpenStreetMap,node/2567007483,Requires manual review
,Crown Heights Youth Collective,,-73.952976,40.673022,"133 Rogers Avenue, Brooklyn, 11225",,NYC DCLA,dcla-row-663,Requires manual review
,Crowning Laundromat,,-73.9798282,40.7396787,455 2nd Avenue,,OpenStreetMap,node/9115231672,Requires manual review
,Crystal Glass & Mirror,,-73.9834978,40.6814462,,https://www.crystalglassny.com,OpenStreetMap,node/10103838546,Requires manual review
,"CSC Repertory, Ltd.",,-73.988212,40.732821,"136 East 13th Street, New York, 10003",,NYC DCLA,dcla-row-664,Requires manual review
,CSI Foundation,,-74.153335,40.608853,"2800 Victory Boulevard,, Staten Island, 10314",,NYC DCLA,dcla-row-665,Requires manual review
,CSI Library,,-74.148519,40.5974972,2800T Victory Boulevard,https://library.csi.cuny.edu/home,OpenStreetMap,way/247449106,Requires manual review
,CSI St. George,,-74.0773215,40.6433252,120 Stuyvesant Place,,OpenStreetMap,node/9247313007,Requires manual review
,"Cuala Foundation, Inc.",,-73.98004,40.729391,"513 E 13th St, New York, 10009",,NYC DCLA,dcla-row-666,Requires manual review
,Cuban Artists Fund,,-73.990452,40.736976,"41 Union Square West, New York, 10003",,NYC DCLA,dcla-row-667,Requires manual review
,"Cubraiti, Inc.",,-73.990452,40.736976,"41 Union Square West, New York, 10003",,NYC DCLA,dcla-row-668,Requires manual review
,CUE Art Foundation,,-73.99302,40.744681,"137 West 25th Street, New York, 10001",,NYC DCLA,dcla-row-669,Design-related name in DCLA Visual Arts discipline
,Cultural and Educational Foundation INC,,-73.996719,40.605562,"2000 84th Street Apt. 203, Brooklyn, 11214",,NYC DCLA,dcla-row-670,Requires manual review
,"Cultural Center for Soviet Refugees, Inc.",,-73.980436,40.745838,"139 East 33rd Street, Suite 9M, New York, 10016",,NYC DCLA,dcla-row-671,Requires manual review
,"Cultural Collaborative Jamaica, Inc.",,-73.761148,40.714156,"90-73 198 Street. 1fl, Jamaica, 11432",,NYC DCLA,dcla-row-672,Requires manual review
,Cultural Museum Of African Art - The Eric Edwards Collection,,-73.94593,40.680186,"1360 Fulton Street, Kings, 11216",,NYC DCLA,dcla-row-673,Design-related name in DCLA Museum discipline
,"Culture For One, Inc.",,-73.97636,40.751036,"380 Lexington Avenue, New York, 10168",,NYC DCLA,dcla-row-674,Requires manual review
,Culture Lab LIC,,-73.9543779,40.7475943,,https://www.culturelablic.org,OpenStreetMap,node/11249821851,OpenStreetMap arts-centre tag
,Culture Lab LIC Inc.,,-73.954682,40.747269,"5-25 46th Ave, Long Island City, 11101",,NYC DCLA,dcla-row-676,Requires manual review
,"Culture Project, Inc.",,-73.994357,40.725825,"49 Bleecker Street, New York, 10012",,NYC DCLA,dcla-row-678,Requires manual review
,"Culture Push, Inc.",,-73.978253,40.723836,"241 E. 7th Street, New York, 10009",,NYC DCLA,dcla-row-679,Requires manual review
,"Culturehub, Inc.",,-73.992528,40.726739,"47 Great Jones St, New York, 10012",,NYC DCLA,dcla-row-675,Requires manual review
,"CultureNOW, Inc.",,-73.935833,40.757018,"37-24 24th Street, LONG ISLAND CITY, 11101",,NYC DCLA,dcla-row-677,Requires manual review
,Culver Electric,,-73.9965706,40.6813466,380 Court Street,,OpenStreetMap,node/2494148869,Requires manual review
,"Cumbe: Center for African and Diaspora Dance, Inc.",,-73.945717,40.680175,"1368 Fulton St, New York City, 11216",,NYC DCLA,dcla-row-680,Requires manual review
,"Cunningham Dance Foundation, Inc.",,-74.008494,40.736955,"55 Bethune Street, New York, 10014",,NYC DCLA,dcla-row-681,Requires manual review
,CUNY Advanced Science Research Center,,-73.9502282,40.8156286,85 Saint Nicholas Terrace,https://www.asrc.cuny.edu/,OpenStreetMap,node/5033161921,Requires manual review
,CUNY Graduate School and University Center,,-73.9836392,40.7485188,365 5th Avenue,https://www.gc.cuny.edu/,OpenStreetMap,way/265301695,Requires manual review
,CUNY Graduate School of Journalism,,-73.9888034,40.7552483,219 West 40th Street,https://www.journalism.cuny.edu/,OpenStreetMap,node/4515559287,Requires manual review
,CUNY School of Law,,-73.9436942,40.7478327,2 Court Square,https://www.law.cuny.edu/,OpenStreetMap,node/13102135823,Requires manual review
,CUNY School of Professional Studies,,-73.990094,40.7483872,119 West 31st Street,,OpenStreetMap,node/2703449228,Requires manual review
,Curatorial Program for Research,,-73.959012,40.736165,"1 Blue Slip, Brooklyn, 11222",,NYC DCLA,dcla-row-682,Requires manual review
,"Curiosity Cabinet, Inc.",,-73.967216,40.635888,"522 Stratford Road, Brooklyn, 11218",,NYC DCLA,dcla-row-683,Requires manual review
,Curly's Cowboy Center,,-73.7847581,40.6713046,152-50 Rockaway Boulevard,,OpenStreetMap,way/282932832,Requires manual review
,Curran Events Inc,,-73.988257,40.723527,"21 First Avenue, New York, 10003",,NYC DCLA,dcla-row-684,Requires manual review
,Custom Collaborative,,-73.991612,40.752289,"253 West 35th Street, New York, 10001",,NYC DCLA,dcla-row-685,DCLA Architecture/Design discipline
,"Cygnus Ensemble, Inc.",,-73.992636,40.759302,"400 West 43rd Street, Apt. 11G, New York, 10036",,NYC DCLA,dcla-row-686,Requires manual review
,"CYPRECO of America, Inc.",,-73.926599,40.771024,"21-02 28th Ave, Astoria, 11102",,NYC DCLA,dcla-row-687,Requires manual review
,Cypress Hills Local Development Corporation,,-73.8763512,40.6823508,,,OpenStreetMap,node/13176968678,Requires manual review
,D&H Electrical Construction Corp.,,-74.0953773,40.5737212,,,OpenStreetMap,node/13128356504,Requires manual review
,D&I Custom Architectural Metals,,-73.9988163,40.661618,204 24th Street,,OpenStreetMap,way/248241136,OpenStreetMap craft/workshop tag
,"D.U.M.B.O. Arts Center, Inc.",,-73.988975,40.70251,"111 Front Street, #212, Brooklyn, 11201",,NYC DCLA,dcla-row-688,Design-related name in DCLA Visual Arts discipline
,"Da Capo Chamber Players, Inc.",,-73.974067,40.790642,"215 West 90th Street, #1G, New York, 10024",,NYC DCLA,dcla-row-689,Requires manual review
,Dag Hammarskjöld Library,,-73.9690811,40.748795,1st Avenue,https://www.un.org/en/delegate/library,OpenStreetMap,way/265516427,Requires manual review
,Daily Bubble Laundromat,,-73.9989252,40.7205423,,,OpenStreetMap,node/9332382696,Requires manual review
,Dakota Shoe & Other Repairs,,-73.7419008,40.6767517,228-05,,OpenStreetMap,node/6164566302,Requires manual review
,Dal Electrical Corp.,,-74.0178049,40.6475185,218 52nd Street,,OpenStreetMap,way/249586810,Requires manual review
,Dan & John's Wings,,-73.9972115,40.7376976,103 West 14th Street,https://danandjohns.com,OpenStreetMap,node/5415638384,Requires manual review
,"Dance 2000: The Felice Lesser Dance Theater Foundation, Inc.",,-73.994777,40.760205,"484 West 43rd Street, New York, 10036",,NYC DCLA,dcla-row-690,Requires manual review
,"Dance Continuum, Inc.",,-73.984282,40.7673,"348 W 57th St, New York, 10019",,NYC DCLA,dcla-row-692,Requires manual review
,"Dance Entropy, Inc.",,-73.935833,40.757018,"37-24 24th Street, Long Island City, 11101",,NYC DCLA,dcla-row-693,Requires manual review
,"Dance Films Association, Inc.",,-73.97887,40.686746,"3 Lafayette Avenue, Brooklyn, 11217",,NYC DCLA,dcla-row-694,Requires manual review
,"Dance Giant Steps, Inc.",,-73.993787,40.694661,"137 Montague Street, Suite 303, Brooklyn, 11201",,NYC DCLA,dcla-row-695,Requires manual review
,"Dance Heginbotham, Inc.",,-73.959592,40.636195,"601 E 19th Street, New York, 11226",,NYC DCLA,dcla-row-696,Requires manual review
,"Dance Notation Bureau, Inc.",,-74.005764,40.707671,"111 John Street, New York, 10038",,NYC DCLA,dcla-row-698,Requires manual review
,"Dance Parade, Inc.",,-73.977769,40.712914,"455 FDR Drive, Suite B104, New York, 10002",,NYC DCLA,dcla-row-700,Requires manual review
,Dance Project of Washington Heights,,-73.939899,40.84689,"350 Fort Washington Avenue, New York, 10033",,NYC DCLA,dcla-row-701,Requires manual review
,"Dance Project Sequence, Inc.",,-73.925887,40.752096,"37-18 Northern Blvd., #315, Long Island City, 11101",,NYC DCLA,dcla-row-702,Requires manual review
,"Dance Ring, Inc.",,-73.988432,40.730471,"131 East 10 Street, New York, 10003",,NYC DCLA,dcla-row-703,Requires manual review
,"Dance Service New York City, Inc.",,-73.98474,40.735518,"218 E 18th St, New York, 10003",,NYC DCLA,dcla-row-706,Requires manual review
,"Dance Spotlight, Inc.",,-73.984634,40.756746,"156 West 44th St., New York, 10036",,NYC DCLA,dcla-row-708,Requires manual review
,"Dance Theatre of Harlem, Inc.",,-73.943644,40.829329,"466 West 152nd Street, New York, 10031",,NYC DCLA,dcla-row-709,Requires manual review
,"Dance to Unite, Inc.",,-74.000559,40.738915,"222 W 14th St, New York, 10011",,NYC DCLA,dcla-row-710,Requires manual review
,DanceBreak Foundation,,-73.99124,40.757834,"350 West 42nd Street, Apt 39D, New York, 10036",,NYC DCLA,dcla-row-691,Requires manual review
,Dancenow/NYC,,-73.990186,40.732058,"93 4th Avenue, New York City, 10003",,NYC DCLA,dcla-row-699,Requires manual review
,Dancers Unlimited,,-73.978046,40.682694,"399 Dean St, Brooklyn, 11217",,NYC DCLA,dcla-row-704,Requires manual review
,Dances and Drums of Africa,,-73.985313,40.691388,"397 Bridge Street, 2nd Floor, Brooklyn, 11201",,NYC DCLA,dcla-row-705,Requires manual review
,Dances For A Variable Population,,-73.945496,40.809488,"127 W 127th St, New York, 10027",,NYC DCLA,dcla-row-707,Requires manual review
,"Dancewave, Inc.",,-73.982136,40.678775,"182 4th Avenue, Brooklyn, 11217",,NYC DCLA,dcla-row-711,Requires manual review
,"DanceWorks, Inc.",,-73.97887,40.686746,"3 Lafayette Avenue, Brooklyn, 11217",,NYC DCLA,dcla-row-712,Requires manual review
,"Dancing Classrooms, Inc.",,-73.978341,40.762731,"1350 Avenue of the Americas, New York, 10019",,NYC DCLA,dcla-row-713,Requires manual review
,"Dancing Crane, Inc.",,-73.979418,40.605091,"302 Kings Hwy 2nd Floor, Brooklyn, 11223",,NYC DCLA,dcla-row-714,Requires manual review
,Dancing Dreams,,-73.775333,40.779916,"23-91 Bell Blvd, Bayside, 11360",,NYC DCLA,dcla-row-715,Requires manual review
,"Dancing in the Streets, Inc.",,-73.918222,40.815752,"2825 Third Avenue, New York City, 10455",,NYC DCLA,dcla-row-716,Requires manual review
,Daniel Cooney Fine Art Gallery,,-74.0036348,40.7497076,508 West 26th Street,https://www.danielcooneyfineart.com,OpenStreetMap,node/10861434364,Design-related museum or gallery
,Daniel's Music Foundation,,-73.94842,40.789291,"1595 Lexington Ave, New York, 10029",,NYC DCLA,dcla-row-717,Requires manual review
,Danny's Tailoring & Dry Cleaning,,-73.9945618,40.6604477,,,OpenStreetMap,node/5910448788,Requires manual review
,"Dansology, Inc.",,-73.983372,40.725234,"515 East 6th Street, APT A1, New York, 10009",,NYC DCLA,dcla-row-719,Requires manual review
,"Danspace Project, Inc.",,-73.988432,40.730471,"131 East 10th Street, New York, 10003",,NYC DCLA,dcla-row-720,Requires manual review
,Dare2Draw,,-73.976108,40.777182,"23 West 73rd Street, New York, 10023",,NYC DCLA,dcla-row-721,Requires manual review
,Dave Restauration Inc.,,-73.8206641,40.7033618,,,OpenStreetMap,node/10595059060,Requires manual review
,Dave's Hardware & Lumber,,-73.9438313,40.6923643,,,OpenStreetMap,node/9622073534,OpenStreetMap craft/workshop tag
,David Kordansky Gallery,,-74.0067977,40.7462173,520 West 20th Street,https://www.davidkordanskygallery.com,OpenStreetMap,node/10873196753,Requires manual review
,David Lewis Gallery,,-74.0032329,40.7188402,57 Walker Street,https://www.davidlewisgallery.com/,OpenStreetMap,node/9118807105,Requires manual review
,David Richard Gallery,,-74.0036627,40.7496717,508 West 26th Street,https://davidrichardgallery.com,OpenStreetMap,node/10861507195,Requires manual review
,David Richard Gallery,,-74.0041512,40.7498958,526 West 26th Street,https://davidrichardgallery.com,OpenStreetMap,node/10861507196,Requires manual review
,David Zwirner,,-74.0070327,40.745807,525 West 19th Street,https://www.davidzwirner.com,OpenStreetMap,node/6596032786,Requires manual review
,David Zwirner Gallery,,-74.0071808,40.7466379,537 West 20th Street,https://www.davidzwirner.com,OpenStreetMap,node/10873196751,Requires manual review
,Davidson Gallery,,-74.0037157,40.7501702,521 West 26th Street,http://www.davidsongallery.com,OpenStreetMap,node/10861434353,Requires manual review
,Davis Studio Photography,,-74.1541121,40.5345646,,,OpenStreetMap,node/10769247425,OpenStreetMap craft/workshop tag
,Day & Night Catering Hall,,-73.7511499,40.6834812,,,OpenStreetMap,node/12132737362,Requires manual review
,Day-Night Plumbing & Heating,,-73.8298286,40.6982282,,,OpenStreetMap,node/11265481239,Requires manual review
,DC Moore Gallery,,-74.006149,40.7477676,535 West 22nd Street,https://www.dcmooregallery.com,OpenStreetMap,node/10861543609,Requires manual review
,DDJW INCORPORATED,,-73.94544,40.829286,"511 West 151 Street, New York, 10031",,NYC DCLA,dcla-row-723,Requires manual review
,De Buck Gallery,,-74.0027621,40.7505056,507 West 27th Street,https://www.debuckgallery.com,OpenStreetMap,node/10860703830,Requires manual review
,De-construkt,,-74.0067031,40.6806184,41 Seabring Street,https://www.de-construkt.com/,OpenStreetMap,node/6681324369,OpenStreetMap arts-centre tag
,DEA Music & Art,,-74.0877205,40.5921328,,,OpenStreetMap,node/12677264739,OpenStreetMap arts-centre tag
,Death By Audio,,-73.965695,40.714448,"49 South 2nd St, Brooklyn, 11221",,NYC DCLA,dcla-row-724,Requires manual review
,Debonair Cleaners,,-73.975383,40.7461331,238 East 36th Street,,OpenStreetMap,node/5754424775,Requires manual review
,Deborah Bell Photographs,,-74.0041149,40.749941,526 West 26th Street,https://www.deborahbellphotographs.com,OpenStreetMap,node/10861434362,Requires manual review
,Deborah Miller Catering & Events,,-74.0002243,40.7119139,3 Madison Street,https://deborahmillercatering.com/,OpenStreetMap,node/9505026753,Requires manual review
,"Decoda, Inc.",,-73.983451,40.769493,"33 W. 60th St., New York, 10023",,NYC DCLA,dcla-row-725,Requires manual review
,Decorazon,,-73.9852583,40.7221481,,,OpenStreetMap,node/12729378403,Requires manual review
,Decorus Atelier of Figurative Art,,-74.0225159,40.6463199,,https://www.decorusatelier.com,OpenStreetMap,node/9773399365,OpenStreetMap arts-centre tag
,"Deep Dish T.V., Inc.",,-73.994559,40.726036,"339 Lafayette Street, New York, 10012",,NYC DCLA,dcla-row-727,Requires manual review
,DeKalb Library,,-73.9283986,40.6948181,790 Bushwick Avenue,,OpenStreetMap,way/249979088,Requires manual review
,DeKalb Tailor,,-73.9182205,40.7051163,1658 DeKalb Avenue,,OpenStreetMap,node/5378343747,Requires manual review
,Delight Diner and Donuts,,-73.8966313,40.7062749,66-91 Fresh Pond Road,https://delightdiner.com/,OpenStreetMap,node/5699831759,Requires manual review
,Demi Shoe Repair,,-73.9990132,40.7449048,243 8th Avenue,,OpenStreetMap,node/7680594074,Requires manual review
,Dependable Glass & Mirror,,-73.9940601,40.6702816,112 12th Street,https://www.dependableglassnyc.com,OpenStreetMap,node/6803530628,Requires manual review
,Derek Eller Gallery,,-73.992177,40.7188203,,https://www.derekeller.com,OpenStreetMap,node/6910684112,Requires manual review
,"Design Trust for Public Space, Inc.",,-74.007103,40.717453,"40 Worth Street, New York, 10013",,NYC DCLA,dcla-row-728,DCLA Architecture/Design discipline
,"Dessoff Choirs, Inc.",,-73.969586,40.796267,"225 W 99th St, New York, 10025",,NYC DCLA,dcla-row-730,Requires manual review
,Developing Artists Theater Company,,-73.985229,40.745419,"22 E 30th St, New York, 10016",,NYC DCLA,dcla-row-731,Requires manual review
,Devry College,,-73.9835152,40.7478237,180 Madison Avenue,https://www.devry.edu/about/campus-locations/new-york/manhattan.html,OpenStreetMap,node/2709306573,Requires manual review
,"DG Falu Foundation, Inc.",,-73.93592,40.797936,"333 East 118th St., New York, 10035",,NYC DCLA,dcla-row-732,Requires manual review
,"Dharma Road Productions, Inc.",,-73.989944,40.733114,"123 4th Ave, 2nd FL, New York, 10003",,NYC DCLA,dcla-row-733,Requires manual review
,Dia Center for the Arts,,-74.005756,40.747495,"535 West 22nd Street, New York, 10011",,NYC DCLA,dcla-row-734,Design-related name in DCLA Visual Arts discipline
,Dia Chelsea,,-74.0063018,40.7478387,537 West 22nd Street,https://diaart.org/visit/visit-our-locations-sites/dia-chelsea-new-york-united-states,OpenStreetMap,node/10861543610,Requires manual review
,Diamond Glass Window Repair Specialists,,-74.1288784,40.6375474,,,OpenStreetMap,node/12990558314,Requires manual review
,Dicapo Opera Theatre Corp.,,-73.95925,40.77255,"184 East 76th Street, New York, 10021",,NYC DCLA,dcla-row-735,Requires manual review
,Dieu Donne,,-73.9935249,40.7540065,315 West 36th Street,,OpenStreetMap,node/3453077091,OpenStreetMap arts-centre tag
,"Dieu Donne Paper Mill, Inc.",,-73.972193,40.702505,"Brooklyn Navy Yard, Brooklyn, 11205",,NYC DCLA,dcla-row-736,Requires manual review
,"Digital Innovations Group, Inc.",,-73.989961,40.741041,"174 Fifth Avenue, Suite 401, New York, 10010",,NYC DCLA,dcla-row-737,Requires manual review
,"Diller-Quaile School of Music, Inc.",,-73.955341,40.786829,"24 E 95th St, New York, 10128",,NYC DCLA,dcla-row-738,Requires manual review
,Diner,,-73.9655977,40.7106766,85 Broadway,https://www.dinernyc.com/,OpenStreetMap,node/765800358,Requires manual review
,"Dinizulu Cultural Arts Institute, Inc.",,-73.786933,40.703886,"171-32 Liberty Ave., Jamaica, 11433",,NYC DCLA,dcla-row-739,Requires manual review
,Dino's Shoe Repair,,-73.98142,40.7675163,1806 Broadway,,OpenStreetMap,node/8780665838,Requires manual review
,Diocese of the Armenian Church of America (Eastern),,-73.975647,40.745082,"630 Second Avenue, New York, 10016",,NYC DCLA,dcla-row-740,Requires manual review
,"Direct Arts, Inc.",,-73.977678,40.72672,"647 East 11th Street, New York, 10009",,NYC DCLA,dcla-row-741,Requires manual review
,Dirtbag,,-73.9335461,40.7035414,229 Cook Street,https://www.dirtbagarthaus.com,OpenStreetMap,node/12977783165,OpenStreetMap arts-centre tag
,Dirty Sugar LLC,,-73.9195255,40.7101463,17-17 Troutman Street,http://dirtysugarphotography.com/,OpenStreetMap,node/5634162470,Requires manual review
,"Discalced, Inc.",,-73.97887,40.686746,"3 Lafayette Avenue, Brooklyn, 11217",,NYC DCLA,dcla-row-742,Requires manual review
,"Discipleship Outreach Ministries, Inc",,-74.013924,40.645191,"5220 4th Avenue, Brooklyn, 11220",,NYC DCLA,dcla-row-743,Requires manual review
,Discount Depot,,-74.0185974,40.6403804,,,OpenStreetMap,node/10163512230,Requires manual review
,Dish,,-73.949954,40.7533107,42-25C Vernon Boulevard,https://www.dishfoodnyc.com,OpenStreetMap,node/2852988741,Requires manual review
,Distilled,,-74.0063291,40.7188968,211 West Broadway,https://www.distilledny.com/,OpenStreetMap,node/4848257932,Requires manual review
,Divaria Productions Inc,,-74.0032,40.724211,"63 Thompson Street Apt 4D, New York, 10012",,NYC DCLA,dcla-row-744,Requires manual review
,DIVAS for Social Justice,,-73.739607,40.679577,"131-02 229th Street, Laurelton, 11413",,NYC DCLA,dcla-row-745,Requires manual review
,"Diversity in Arts and Nations for Cultural Education, Inc.",,-73.868994,40.835002,"1408 Commonwealth Ave, The Bronx, 10472",,NYC DCLA,dcla-row-746,Requires manual review
,DMACK Home Improvement,,-73.7616918,40.6971397,,,OpenStreetMap,node/12113376787,Requires manual review
,"DMF Youth, Inc.",,-73.969823,40.800453,"308 West 104th Street, New York, 10025",,NYC DCLA,dcla-row-748,Requires manual review
,Do it Best,,-73.9914887,40.6911394,,,OpenStreetMap,node/7132140601,OpenStreetMap craft/workshop tag
,Dobrinka Salzman Gallery,,-74.0048244,40.7494518,532 West 25th Street,https://www.dobrinkasalzman.com,OpenStreetMap,node/10859974151,Requires manual review
,"Doing Art Together, Inc.",,-73.945496,40.809488,"127 w 127th St, New York, 10027",,NYC DCLA,dcla-row-749,Design-related name in DCLA Visual Arts discipline
,"DOME Project, Inc.",,-73.976261,40.786001,"486 Amsterdam Ave, New York, 10023",,NYC DCLA,dcla-row-750,Requires manual review
,Dominate All Aspects Jewelry Studio,,-73.9115191,40.7066874,481 Onderonk Avenue,https://www.etsy.com/shop/DAAJewelryStudio,OpenStreetMap,node/5531357842,OpenStreetMap craft/workshop tag
,Dominican Collectives Dance Ensemble,,-73.923684,40.866818,"4867 Broadway, New York, 10034",,NYC DCLA,dcla-row-751,Requires manual review
,"Dominican Sunday, Inc.",,-73.964296,40.800734,"175 West 107th Street, New York, 10025",,NYC DCLA,dcla-row-752,Requires manual review
,Donato Plumbing & Heating,,-73.9900376,40.6731009,414 3rd Avenue,,OpenStreetMap,way/241850536,Requires manual review
,Dongan Hills Library,,-74.1011369,40.5903941,1617 Richmond Road,https://www.nypl.org/locations/dongan-hills,OpenStreetMap,way/247657823,Requires manual review
,"Door - A Center of Alternatives, Inc.",,-74.00469,40.723903,"121 Avenue of the Americas, New York, 10013",,NYC DCLA,dcla-row-753,Requires manual review
,"Dorian Woodwind Foundation, Inc.",,-73.918157,40.871766,"251 Seaman Avenue, New York, 10034",,NYC DCLA,dcla-row-754,Requires manual review
,Dorrance Dance Incorporated,,-73.992417,40.753612,"520 8th Ave, New York, 10018",,NYC DCLA,dcla-row-755,Requires manual review
,Dorsky Gallery,,-73.9496044,40.7478608,11-03 45th Avenue,https://dorsky.org/,OpenStreetMap,node/4995839313,OpenStreetMap arts-centre tag
,Dorsky Gallery Curatorial Programs,,-73.94943,40.747722,"11-03 45 Ave., Long Island City, 11101",,NYC DCLA,dcla-row-756,Requires manual review
,DOT Carpenter Shop,,-73.9680505,40.7125318,352 Kent Avenue,,OpenStreetMap,node/6288548003,Requires manual review
,Double Decker Productions,,-73.994777,40.760205,"484 W.43rd Street, New York, 10036",,NYC DCLA,dcla-row-757,Requires manual review
,"Double Entendre Music Ensemble, Inc.",,-73.93638,40.853536,"45 Overlook Terrace, New York, 10033",,NYC DCLA,dcla-row-758,Requires manual review
,Double Seven Iron Work,,-74.0200515,40.6438292,259 58th Street,,OpenStreetMap,node/9805118642,Requires manual review
,Douglaston and Little Neck Historical Society,,-73.752332,40.779962,"24 Knollwood Ave, Douglaston, 11363",,NYC DCLA,dcla-row-759,Requires manual review
,"Dova, Inc.",,-73.991053,40.752034,"224 W 35th St, New York, 10001",,NYC DCLA,dcla-row-760,Requires manual review
,"Downtown Art Company, Inc.",,-73.990331,40.726563,"70 East 4th Street, New York, 10003",,NYC DCLA,dcla-row-761,Requires manual review
,"Downtown Brooklyn Arts Alliance, Inc.",,-73.990869,40.695198,"300 Cadman Plz W, Brooklyn, 11201",,NYC DCLA,dcla-row-762,Requires manual review
,Downtown Brooklyn Partnership,,-73.974737,40.650945,"84 E 7 St. #4, NY, 10003",,NYC DCLA,dcla-row-763,Requires manual review
,Downtown Cleaners,,-73.9900382,40.6875753,,,OpenStreetMap,node/6307037083,Requires manual review
,Downtown Cleaners,,-73.9908442,40.6912803,,,OpenStreetMap,node/6883693022,Requires manual review
,Downtown Community Television Center,,-74.00154,40.717324,"87 Lafayette St, New York, 10013",,NYC DCLA,dcla-row-764,Requires manual review
,"Downtown Music Productions, Inc.",,-73.985391,40.730789,"310 East 12th Street, New York, 10003",,NYC DCLA,dcla-row-766,Requires manual review
,Downtown Plumbing & Heating,,-74.0014163,40.6833563,,http://www.calldowntownplumbing.com,OpenStreetMap,node/6446722308,Requires manual review
,Doyle Bros. Plumbing & Heating,,-73.9965309,40.6624767,171 22nd Street,,OpenStreetMap,way/248241115,Requires manual review
,Drag Queen Story Hour NYC Ltd.,,-73.945598,40.777998,"1700 York Avenue, New York City, 10128",,NYC DCLA,dcla-row-767,Requires manual review
,Drama Club Inc,,-74.00469,40.723903,"121 Ave of the Americas, New York, 10013",,NYC DCLA,dcla-row-768,Requires manual review
,Drama Dept. Incorporated,,-74.008698,40.723343,"9 Desbrosses Street, 2nd floor, New York, 10013",,NYC DCLA,dcla-row-769,Requires manual review
,"Drama League of New York, Inc.",,-74.005184,40.72008,"32 Avenue of the Americas, New York, 10013",,NYC DCLA,dcla-row-770,Requires manual review
,Dramatic Question Theatre,,-73.935852,40.609632,"3216 Fillmore Avenue, New York, 11234",,NYC DCLA,dcla-row-771,Requires manual review
,Dramatists Guild Fund,,-73.992417,40.753612,"520 8th Ave, New York, 10018",,NYC DCLA,dcla-row-772,Requires manual review
,"Drammeh Institute, Inc.",,-73.82912,40.875431,"140 De Kruif Place, Bronx, 10475",,NYC DCLA,dcla-row-773,Requires manual review
,"Drawing Center, Inc.",,-74.002753,40.722268,"35 Wooster Street, New York, 10013",,NYC DCLA,dcla-row-774,Design-related name in DCLA Museum discipline
,Dream House,,-74.004836,40.718496,275 Church St,https://www.melafoundation.org/,OpenStreetMap,node/12832739401,Requires manual review
,Dreamlife Wedding Photos and Videos - USA,,-73.9751973,40.7483636,,https://dreamlifewedding.com/,OpenStreetMap,node/5335146981,Requires manual review
,DREAMMAKER DREAMDOER DREAMSUPPORTER,,-73.986739,40.70184,"100 Jay Street, Brooklyn, 11201",,NYC DCLA,dcla-row-775,Requires manual review
,Dreams Awnings & Signs,,-73.936859,40.7595516,36-01 21st Street,,OpenStreetMap,node/2847155362,Requires manual review
,"DreamYard Project, Inc.",,-73.909025,40.828266,"1085 Washington Avenue, Bronx, 10456",,NYC DCLA,dcla-row-776,Requires manual review
,Dretore Gallery,,-74.0022944,40.7231733,484 Broome Street,,OpenStreetMap,node/5067046492,Requires manual review
,Drilling Company Theatrical Productions,,-73.9746,40.78414,"107 W 82nd Street, New York, 10024",,NYC DCLA,dcla-row-777,Requires manual review
,DriveTech Computer Repair,,-73.9516802,40.7746257,351 East 82nd Street,https://www.drivetechpc.com/,OpenStreetMap,node/13061053901,Requires manual review
,DTM Signs Company,,-73.9001071,40.6689118,515 Sutter Avenue,https://www.dtmsigns.com,OpenStreetMap,way/1532038575,Requires manual review
,DTR Modern Galleries,,-74.0007365,40.7262,456 West Broadway,,OpenStreetMap,node/10695291116,Requires manual review
,"DUMBO District Management Association, Inc.",,-73.986587,40.704313,"20 Jay St Suite 510, Brooklyn, 11201",,NYC DCLA,dcla-row-779,DCLA Architecture/Design discipline
,Dundee Plumbing & Heating,,-73.789092,40.7262312,80-18 Surrey Place,,OpenStreetMap,node/2550990571,Requires manual review
,Dunrite Cleaners,,-73.9850793,40.6704111,401 5th Avenue,,OpenStreetMap,node/2550576222,Requires manual review
,Duo Plumbing & Heating Corp.,,-74.2396511,40.5351662,,,OpenStreetMap,node/12456546167,Requires manual review
,"Dusan Tynek Dance Theatre Foundation, Inc.",,-73.982503,40.667344,"415 9th Street, #54, Brooklyn, 11215",,NYC DCLA,dcla-row-780,Requires manual review
,"Dwana Smallwood Performing Arts Center, Inc.",,-73.926349,40.690515,"857 Lexington Avenue, Brooklyn, 11221",,NYC DCLA,dcla-row-781,Requires manual review
,DWIP Corp.,,-73.987823,40.66389,236 16th Street,,OpenStreetMap,node/11115133183,Requires manual review
,Dyckman Cornerstone Community Center,,-73.9214478,40.8616297,,,OpenStreetMap,node/13189796876,Requires manual review
,Dyckman Farmhouse Museum,,-73.9228859,40.8673822,4881 Broadway,https://dyckmanfarmhouse.org/,OpenStreetMap,node/1549441335,Design-related museum or gallery
,Dyckman Farmhouse Museum Alliance,,-73.92283,40.867125,"4881 Broadway, New York, 10034",,NYC DCLA,dcla-row-782,Design-related name in DCLA Museum discipline
,"Dynamic Forms, Inc.",,-73.986122,40.718943,"107 Suffolk Street, Studio Theater 310, New York, 10002",,NYC DCLA,dcla-row-783,Requires manual review
,E & L Fashion Alterations,,-73.9825616,40.6581981,,,OpenStreetMap,node/6231074830,OpenStreetMap craft/workshop tag
,e-flux,,-73.9614259,40.6947588,,https://www.e-flux.com,OpenStreetMap,node/9834745956,OpenStreetMap arts-centre tag
,E-Wood,,-74.016668,40.6496235,4902A 2nd Avenue,https://www.ewoodusa.com,OpenStreetMap,node/9775991972,OpenStreetMap craft/workshop tag
,E. Electrical Contracting,,-73.967447,40.5788197,2965 Ocean Parkway,https://www.eelectricalcontracting.com/,OpenStreetMap,node/5504165624,Requires manual review
,E. K. Silversmith Glass,,-73.8681257,40.7227499,63-64 Woodhaven Boulevard,http://www.eksilversmith.com/,OpenStreetMap,node/9722873080,Requires manual review
,EA Custom Millwork,,-73.954163,40.6933106,409 Willoughby Avenue,,OpenStreetMap,node/2568165626,Requires manual review
,"Early Music Foundation, Inc.",,-73.978211,40.773809,"10 W 68th St, New York, 10023",,NYC DCLA,dcla-row-784,Requires manual review
,Early Plumbing,,-74.0031285,40.6564183,149 33rd Street,,OpenStreetMap,node/6983738236,Requires manual review
,"EarSay, Inc.",,-73.919459,40.748897,"3940 44th St, Sunnyside, 11104",,NYC DCLA,dcla-row-785,Requires manual review
,"Earth Celebrations, Inc.",,-73.979872,40.723745,"638 E 6th St, New York, 10009",,NYC DCLA,dcla-row-786,Requires manual review
,Earthworks Pottery,,-73.9484355,40.7784615,,https://earthworksnyc.com,OpenStreetMap,node/13389975251,Requires manual review
,Easco Boiler Corp.,,-73.8939029,40.8114931,1175 Leggett Avenue,,OpenStreetMap,node/5552600653,Requires manual review
,East 29 St. Cleaners,,-73.9795839,40.7421306,,,OpenStreetMap,node/6428179371,Requires manual review
,East Flatbush Branch Brooklyn Public Library,,-73.9149418,40.6557032,9612 Church Avenue,,OpenStreetMap,way/250174701,Requires manual review
,"East Flatbush Village, Inc.",,-73.930024,40.648505,"1011 Utica Avenue, Brooklyn, 11203",,NYC DCLA,dcla-row-787,Requires manual review
,East Harlem Arts & Education Local Development Corporation,,-73.951826,40.792888,"1 East 104th Street, New York, 10029",,NYC DCLA,dcla-row-788,Requires manual review
,East New York 4 Gardens Inc,,-73.872926,40.66818,"485 Fountain Ave, New York, 11208",,NYC DCLA,dcla-row-789,Requires manual review
,"East River Ensemble, Inc.",,-74.003503,40.722265,"58 Grand Street, Brooklyn, 11249",,NYC DCLA,dcla-row-791,Requires manual review
,"East Winds, Inc.",,-73.916644,40.870401,"55 Park Terrace East, New York, 10034",,NYC DCLA,dcla-row-792,Requires manual review
,Eastchester Library,,-73.845101,40.8701382,1385 East Gun Hill Road,https://www.nypl.org/locations/eastchester,OpenStreetMap,way/281593286,Requires manual review
,Eastern Metal Plumbing and Hardware,,-73.9550491,40.7340477,1029 Manhattan Avenue,,OpenStreetMap,node/7062169127,Requires manual review
,Eastern Parkway Branch Brooklyn Public Library,,-73.9336268,40.6684589,1044 Eastern Parkway,,OpenStreetMap,way/250208946,Requires manual review
,Eastern Sunrise Tile & Marble,,-73.8325349,40.7654503,33-46 Farrington Street,,OpenStreetMap,way/284620852,Requires manual review
,Eataly,,-73.9895802,40.742213,200 5th Avenue,https://www.eataly.com/us_en/stores/nyc-flatiron//,OpenStreetMap,node/4746777521,Requires manual review
,EB Pritchard Architectural Glass & Metal,,-74.1290531,40.6380491,,,OpenStreetMap,node/12990558309,OpenStreetMap craft/workshop tag
,Echo Emergency Children's Help Organization,,-74.236088,40.5276938,3041 Veterans Road West,,OpenStreetMap,node/8419209959,Requires manual review
,Echod Grahpics,,-73.9620774,40.6962915,373 Park Avenue,https://www.echodgraphics.com,OpenStreetMap,node/2568198147,Requires manual review
,Ecology Exterminating Service,,-73.9998797,40.6371901,5122 Fort Hamilton Parkway,https://ecologyexterminating.com,OpenStreetMap,node/10998348138,Requires manual review
,Econo Sewer & Drain Service Inc,,-73.9370307,40.619949,3864 Flatlands Avenue,https://econosewer.com/,OpenStreetMap,node/6243621815,Requires manual review
,Economy Refrigeration,,-73.9311297,40.7026456,134 Noll Street,http://economyref.com/,OpenStreetMap,node/5801920041,Requires manual review
,Economy Stainless Supply Company,,-73.934228,40.7034055,,,OpenStreetMap,node/12977783149,Requires manual review
,"Ecuadorian American Cultural Center, Inc.",,-73.927902,40.754798,"36-32 34th St, Long Island City, 11106",,NYC DCLA,dcla-row-793,Requires manual review
,Eddie's Shoe Repair,,-73.9792398,40.7592504,30 Rockefeller Center,,OpenStreetMap,node/4232157900,Requires manual review
,Eden Custom Tailor,,-73.957386,40.7773405,1220 Lexington Avenue,,OpenStreetMap,node/5090743954,Requires manual review
,Eden Dry Cleaners & Tailoring,,-73.9782937,40.6586765,1623 10th Avenue,,OpenStreetMap,node/2562056235,Requires manual review
,Eden Fine Art,,-73.9755331,40.7576183,437 Madison Avenue,,OpenStreetMap,node/7768153644,Design-related museum or gallery
,Eden Gallery,,-74.0014366,40.7226991,,https://www.eden-gallery.com/gallery/nyc-soho,OpenStreetMap,node/10992263596,Requires manual review
,Eden Gallery,,-73.9764723,40.7592047,,,OpenStreetMap,node/12631340863,Requires manual review
,Edenwald Library,,-73.8408327,40.8888928,1255 East 233rd Street,https://www.nypl.org/locations/edenwald,OpenStreetMap,way/277802407,Requires manual review
,Edge School of the Arts Dance Legacy,,-73.806271,40.699257,"147-36 94th Avenue, Jamaica, 11435",,NYC DCLA,dcla-row-795,Requires manual review
,"Edge Theater Company, Inc.",,-73.969254,40.75791,"880 Third Avenue, 16th floor, New York, 10022",,NYC DCLA,dcla-row-796,Requires manual review
,Edible Petals,,-74.0107071,40.679042,,https://www.edible-petals.com,OpenStreetMap,node/6484224570,Requires manual review
,"Education Through Music, Inc.",,-73.97645,40.751601,"122 East 42nd Street, New York, 10168",,NYC DCLA,dcla-row-800,Requires manual review
,"Educational Alliance, Inc.",,-73.988302,40.714211,"197 E Broadway, New York, 10002",,NYC DCLA,dcla-row-797,Requires manual review
,"Educational Theater of New York, Inc.",,-73.972266,40.752355,"228 E 45th St, New York, 10017",,NYC DCLA,dcla-row-798,Requires manual review
,"Educational Video Center, Inc.",,-74.006242,40.729412,"16 Clarkson St, New York, 10014",,NYC DCLA,dcla-row-799,Requires manual review
,"Egbe Omo Yoruba New York, NY",,-74.141564,40.626767,"173 Hagaman Place, STATEN ISLAND, 10302",,NYC DCLA,dcla-row-801,Requires manual review
,"Egg & Spoon Theatre Collective, Inc.",,-73.992417,40.753612,"520 8th Avenue, New York, 10018",,NYC DCLA,dcla-row-802,Requires manual review
,EHD Stone,,-73.7656695,40.6929425,,,OpenStreetMap,node/12168612603,Requires manual review
,"Ekmeles, Inc.",,-73.935542,40.852657,"69 Bennett Avenue, New York, 10033",,NYC DCLA,dcla-row-804,Requires manual review
,El Barrio’s Artspace PS109,,-73.9466465,40.7870045,215 East 99th Street,,OpenStreetMap,way/266924333,OpenStreetMap arts-centre tag
,El Grito Inc,,-73.999272,40.641947,"4600 9th Ave Apt 209, New York, 11220",,NYC DCLA,dcla-row-812,Requires manual review
,El Kucho,,-73.9254602,40.7007776,141 Wilson Avenue,https://elkuchomexicanrestaurant.com/,OpenStreetMap,node/4184426389,Requires manual review
,El Manaba,,-73.9095872,40.7006224,341 Saint Nicholas Avenue,https://elmanabarestaurante.com/,OpenStreetMap,node/5368863986,Requires manual review
,El Museo Del Barrio,,-73.9513946,40.7931062,1230 5th Avenue,https://elmuseo.org/,OpenStreetMap,way/271274003,Requires manual review
,El Nuevo Sabor,,-73.9155626,40.8694438,4032 10th Avenue,https://elnuevosaborrestaurant.com/,OpenStreetMap,node/5709136460,Requires manual review
,"El Puente De Williamsburg, Inc.",,-73.959655,40.710686,"211 S 4th St, Brooklyn, 11211",,NYC DCLA,dcla-row-818,Requires manual review
,El Puente Leaders for Peace and Justice,,-73.9596013,40.7108051,211 South 4th Street,,OpenStreetMap,node/3743011604,Requires manual review
,Elaine Kaufman Cultural Center/Lucy Moses School for Music and Dance,,-73.982745,40.774919,"129 West 67th Street, New York, 10023",,NYC DCLA,dcla-row-805,Requires manual review
,"Elastic City Performing Arts, Inc.",,-73.959371,40.661812,"50 Lefferts Ave #3b, Brooklyn, 11225",,NYC DCLA,dcla-row-806,Requires manual review
,"Elder Craftsmen, Inc.",,-73.993616,40.746869,"307 Seventh Avenue, Suite 1401, New York, 10001",,NYC DCLA,dcla-row-807,Requires manual review
,"Electric Lit, Inc.",,-73.982532,40.692648,"147 Prince St, Brooklyn, 11201",,NYC DCLA,dcla-row-808,Requires manual review
,Electrical & Contractors,,-73.9761871,40.6520808,,,OpenStreetMap,node/2562001641,Requires manual review
,Electronic Arts Intermix,,-74.000996,40.718752,"264 Canal St, New York, 10013",,NYC DCLA,dcla-row-809,Requires manual review
,"Electronic Music Foundation, Inc.",,-73.986727,40.776706,"150 West End Ave Ste 20k, New York, 10023",,NYC DCLA,dcla-row-810,Requires manual review
,"Elevator Repair Service Theater, Inc.",,-73.992528,40.726739,"47 Great Jones Street, New York, 10012",,NYC DCLA,dcla-row-811,Requires manual review
,Eleventh Hour Art,,-73.9983549,40.6915023,,https://www.eleventhhourart.com,OpenStreetMap,node/2494069872,Design-related museum or gallery
,Elijah Wheat Showroom,,-73.930963,40.6973244,,,OpenStreetMap,node/7253478733,Requires manual review
,"Elite Learners, Inc.",,-73.908753,40.668676,"45 Belmont Avenue, Brooklyn, 11212",,NYC DCLA,dcla-row-813,Requires manual review
,Elizabeth Foundation for the Arts,,-73.992045,40.755707,"323 W 39th St, New York, 10018",,NYC DCLA,dcla-row-814,Design-related name in DCLA Visual Arts discipline
,Elizabeth Harris Gallery,,-74.0068108,40.7465936,529 West 20th Street,https://www.ehgallery.com,OpenStreetMap,node/10873196750,Requires manual review
,"Ellen Beckerman & Company, Inc.",,-74.005136,40.708769,"64 Fulton Street, Ste. 403, New York, 10038",,NYC DCLA,dcla-row-815,Requires manual review
,Ellis Island Immigration Museum,,-74.0395257,40.6991123,,https://www.nps.gov/elis/index.htm,OpenStreetMap,way/95161971,Design-related museum or gallery
,"Elmcor Youth & Adult Activities, Inc.",,-73.860938,40.757429,"33-16  108th Street, Corona, 11368",,NYC DCLA,dcla-row-816,Requires manual review
,Elmer Holmes Bobst Library,,-73.9972178,40.7294287,70 Washington Square South,https://library.nyu.edu/locations/elmer-holmes-bobst-library/,OpenStreetMap,way/248166208,Requires manual review
,Elsie C Cleaning Service,,-73.941879,40.8287218,,,OpenStreetMap,node/11220901094,Requires manual review
,EM Studio,,-73.9484275,40.7774952,1668 1st Avenue,https://www.emstudiony.com,OpenStreetMap,way/1040402372,OpenStreetMap craft/workshop tag
,Emerald Isle Immigration Center,,-73.905216,40.745293,"59-26 Woodside Ave, Woodside, 11377",,NYC DCLA,dcla-row-819,Requires manual review
,Emerald Mechanical Solutions,,-74.0021582,40.7169077,70 Lafayette Street,https://emeraldmechanicalsolutions.com,OpenStreetMap,node/9684346706,Requires manual review
,"Emerge 125, Inc.",,-73.942384,40.80734,"8 W. 126th St., New York, 10027",,NYC DCLA,dcla-row-820,Requires manual review
,Emerging Artists Theatre Company,,-73.987639,40.768738,"475 West 57th Street, New York, 10019",,NYC DCLA,dcla-row-821,Requires manual review
,Emily Kaser Photography,,-74.137802,40.6116277,,,OpenStreetMap,node/13072901966,OpenStreetMap craft/workshop tag
,"Emit Theatre, Inc.",,-73.962743,40.672485,"856 Washington Avenue, Brooklyn, 11238",,NYC DCLA,dcla-row-822,Requires manual review
,Emmanuel Baptist Church in Brooklyn,,-73.965287,40.688279,"279 Lafayette Avenue, Brooklyn, 11238",,NYC DCLA,dcla-row-823,Requires manual review
,Empire City Iron Works,,-73.9510737,40.7467945,,,OpenStreetMap,node/4995779512,Requires manual review
,Empirical Nonsense,,-73.9889614,40.7201441,87 Rivington Street,https://empiricalnonsense.today,OpenStreetMap,node/6417061185,Requires manual review
,empowerment zone,,-74.082129,40.614572,"180 Parkhill Ave, Staten Island, 10304",,NYC DCLA,dcla-row-824,Requires manual review
,"En Foco, Inc.",,-73.927427,40.813409,"15 Canal Pl., Bronx, 10451",,NYC DCLA,dcla-row-827,Requires manual review
,"En Garde Arts, Inc.",,-73.974421,40.685488,"80 Hanson Pl., Brooklyn, 11217",,NYC DCLA,dcla-row-828,Requires manual review
,Endangered Language Alliance,,-73.992321,40.738736,"3 W 18th St, New York, 10011",,NYC DCLA,dcla-row-826,Requires manual review
,English-Speaking Union of the U.S.,,-73.976999,40.749351,"144 East 39th Street, New York, 10016",,NYC DCLA,dcla-row-829,Requires manual review
,Engravings & More,,-73.956913,40.7028479,,,OpenStreetMap,node/2837959341,Requires manual review
,"Enrichment Through the Arts, Inc.",,-74.154176,40.592473,"11 Borman Avenue, Staten Island, 10314",,NYC DCLA,dcla-row-830,Requires manual review
,"Ensemble 212, Inc.",,-73.988814,40.759351,"301 W 45th St, New York, 10036",,NYC DCLA,dcla-row-831,Requires manual review
,Ensemble Ipse Inc,,-73.931799,40.689137,"671A Quincy Street, Brooklyn, 11221",,NYC DCLA,dcla-row-833,Requires manual review
,"ENSEMBLE MISE-EN, Inc.",,-73.952489,40.800206,"45 Saint Nicholas Avenue, New York, 10026",,NYC DCLA,dcla-row-834,Requires manual review
,"Ensemble Studio Theatre, Inc.",,-73.99257,40.766658,"545 West 52nd Street, 2nd Floor, New York, 10019",,NYC DCLA,dcla-row-835,Requires manual review
,"Entertainers For Education Alliance, Inc.",,-73.94593,40.680186,"1360 Fulton Street, New York, 11216",,NYC DCLA,dcla-row-836,Requires manual review
,EPIC Players Inc,,-73.973221,40.685073,"138 South Oxford Street, Brooklyn, 11217",,NYC DCLA,dcla-row-837,Requires manual review
,"Epic Theatre Center, Inc.",,-73.935298,40.769448,"31-01 Vernon Blvd, Astoria, 11106",,NYC DCLA,dcla-row-838,Requires manual review
,Epiphany Library,,-73.9820526,40.738081,228 East 23rd Street,https://www.nypl.org/locations/epiphany,OpenStreetMap,way/264758365,Requires manual review
,"Epiphany Magazine, Inc.",,-74.00481,40.731298,"71 Bedford St., New York, 10014",,NYC DCLA,dcla-row-839,Requires manual review
,"Episcopal Actors' Guild of America, Inc.",,-73.9866,40.745208,"1 East 29th Street, New York, 10016",,NYC DCLA,dcla-row-841,Requires manual review
,"Equus Projects, Inc.",,-73.996384,40.739675,"121 West 17th Street, New York, 10011",,NYC DCLA,dcla-row-842,Requires manual review
,Erasmus Hall Museum,,-73.9575,40.6494444,,https://6tocelebrate.org/site/erasmus-hall-museum-erasmus-hall-high-school/,OpenStreetMap,node/368061667,Design-related museum or gallery
,Eric Firestone Gallery,,-73.9926816,40.7269555,40 Great Jones Street,https://www.ericfirestonegallery.com,OpenStreetMap,node/5919906699,Requires manual review
,Errol Grimes Dance Group,,-73.960854,40.697358,"50 Taaffe Place, Brooklyn, 11205",,NYC DCLA,dcla-row-843,Requires manual review
,Erwin C. and Isabelle Ziegelman Foundation,,-73.985936,40.763847,"318 West 52nd Street, New York, 10019",,NYC DCLA,dcla-row-844,Requires manual review
,"Eryc Taylor Dance, Inc.",,-73.994448,40.759184,"450 West 42nd Street, New York, 10036",,NYC DCLA,dcla-row-845,Requires manual review
,"Esopus Foundation, Ltd.",,-73.992218,40.691131,"41 Schermerhorn Street, #143, New York, 11201",,NYC DCLA,dcla-row-846,Requires manual review
,"Esperanza del Barrio, Inc.",,-73.937025,40.798014,"2290 Second Avenue, New York, 10035",,NYC DCLA,dcla-row-847,Requires manual review
,"Essence Theatre-Studio, Inc.",,-73.957304,40.591254,"1183 Sheepshead Bay Rd, Brooklyn, 11235",,NYC DCLA,dcla-row-849,Requires manual review
,Essex Flowers Gallery,,-73.9956636,40.7117466,19 Monroe Street,https://essexflowers.us,OpenStreetMap,node/6231307189,Requires manual review
,Established Gallery,,-73.9744918,40.680379,75 6th Avenue,,OpenStreetMap,node/2573098489,Requires manual review
,Ethan Cohen Gallery,,-73.9991606,40.742528,251 West 19th Street,https://www.ecfa.com,OpenStreetMap,node/10873303790,Requires manual review
,Ethel's Foundation for the Arts,,-73.991156,40.761954,"420 W. 47 St., New York, 10036",,NYC DCLA,dcla-row-850,Requires manual review
,"Ether Sea Projects, Inc.",,-73.956557,40.676979,"925 Bergen Street, Brooklyn, 11238",,NYC DCLA,dcla-row-851,Requires manual review
,"Eugenio Maria de Hostos Community College Foundation, Inc.",,-73.927859,40.817315,"450 Grand Concourse, Bronx, 10451",,NYC DCLA,dcla-row-852,Requires manual review
,EURO Windows and Doors MFG,,-73.9827385,40.5858714,2545 Stillwell Avenue,https://www.eurowindowsmfg.com,OpenStreetMap,node/6825833696,Requires manual review
,European Meat Boutique,,-73.9216696,40.7451572,42-12 43rd Avenue,,OpenStreetMap,node/11679064156,Requires manual review
,"Eva Dean Dance Company, Inc.",,-73.981102,40.676667,"725 Union Street, Ste. B, Brooklyn, 11215",,NYC DCLA,dcla-row-853,Requires manual review
,Evangelical Lutheran Church of the Advent,,-73.973084,40.792848,"2504 Broadway, New York, 10025",,NYC DCLA,dcla-row-854,Requires manual review
,Every Voice Choirs,,-73.947855,40.823657,"465 West 143rd Street, New York, 10031",,NYC DCLA,dcla-row-855,Requires manual review
,Everybody Eats,,-73.9866497,40.6769344,,https://everybodyeats-inc.com/,OpenStreetMap,node/6286959725,Requires manual review
,"Evidence, Inc.",,-73.945717,40.680175,"1368 Fulton Street, Brooklyn, 11216",,NYC DCLA,dcla-row-856,Requires manual review
,Evil Twin Brewery,,-73.9040269,40.6962173,1616 George Street,https://eviltwin.nyc,OpenStreetMap,node/6854261485,Requires manual review
,Evro Aluminum,,-73.9989351,40.6604011,183 26th Street,,OpenStreetMap,way/249606606,Requires manual review
,"Ex.Pgirl, Inc.",,-74.002988,40.731227,"259 Bleecker Street, New York, 10014",,NYC DCLA,dcla-row-857,Requires manual review
,Excalibur Bronze Sculpture Foundry,,-73.9207813,40.7077514,309 Starr Street,https://exnyfoundry.com/,OpenStreetMap,node/5633535325,OpenStreetMap craft/workshop tag
,Excalibur Bronze Studio,,-73.999718,40.6558266,218 31st Street,https://exnyfoundry.com,OpenStreetMap,way/249621942,OpenStreetMap craft/workshop tag
,Excel Installations Inc,,-73.7481274,40.6077349,1261 Central Avenue,,OpenStreetMap,node/11299666867,Requires manual review
,Exclusive Restoration,,-74.2333632,40.5378967,,,OpenStreetMap,node/12456546126,Requires manual review
,"Experiential Orchestra, Inc",,-73.967867,40.80449,"375 Riverside Drive Apt. 10E, New York, 10025",,NYC DCLA,dcla-row-858,Requires manual review
,Experimental Theater Project,,-73.990807,40.726785,"59-61 E. 4th St, New York, 10003",,NYC DCLA,dcla-row-859,Requires manual review
,Experiments in Opera,,-73.995801,40.660971,"205 23rd Street, Brooklyn, 11232",,NYC DCLA,dcla-row-860,Requires manual review
,Exploring the Arts,,-73.987433,40.730817,"232 East 11th Street, New York, 10003",,NYC DCLA,dcla-row-861,Requires manual review
,Exposure Therapy,,-73.9487535,40.6937778,615 Marcy Avenue,https://www.exposuretherapy.nyc/,OpenStreetMap,node/11596294852,Requires manual review
,Express Tailor Shop,,-73.9886872,40.7202983,,,OpenStreetMap,node/10784512908,Requires manual review
,"Extreme Kids and Crew, Inc.",,-74.011558,40.677343,"71 Sullivan Street, Brooklyn, 11231",,NYC DCLA,dcla-row-862,Requires manual review
,Eyebeam,,-73.9349344,40.7033113,199 Cook Street,https://eyebeam.org/,OpenStreetMap,node/5804360682,OpenStreetMap arts-centre tag
,"Eyebeam Atelier, Inc.",,-73.997121,40.725004,"596 Broadway, New York City, 10012",,NYC DCLA,dcla-row-863,Requires manual review
,eyeBLINK,,-73.990745,40.758509,"350 West 43rd St. Apt. 32G, New York, 10036",,NYC DCLA,dcla-row-864,Requires manual review
,EZ Awning Warehouse,,-74.0098085,40.6527182,,,OpenStreetMap,node/10197977629,Requires manual review
,EZ Cleaners,,-73.9264531,40.7035874,203 Knickerbocker Avenue,,OpenStreetMap,node/5695149747,Requires manual review
,FACE Foundation,,-73.964042,40.776553,"972 5th Avenue, New York, 10075",,NYC DCLA,dcla-row-865,Requires manual review
,Faction Art Projects,,-73.9446254,40.8188292,2602 Frederick Douglass Boulevard,https://factionartprojects.com/,OpenStreetMap,node/6511898056,Design-related museum or gallery
,Failte Care Corporation,,-73.953274,40.742199,"1040 Jackson Avenue, Long Island City, 11101",,NYC DCLA,dcla-row-866,Requires manual review
,Fairchild Fine Furniture,,-73.8301161,40.7095652,82-64 Austin Street,,OpenStreetMap,node/11869866437,Requires manual review
,Fairway Studios,,-73.99041,40.7477227,115 West 30th Street,http://www.studiofairway.com,OpenStreetMap,node/2825140901,Requires manual review
,Falconworks Artists Group,,-74.010351,40.677201,"135 Richards St, Brooklyn, 11231",,NYC DCLA,dcla-row-867,Requires manual review
,False Flag,,-73.9487141,40.7489713,11-22 44th Road,https://false-flag.org,OpenStreetMap,node/6402875185,Requires manual review
,Family Fruit,,-74.1046389,40.5752681,,,OpenStreetMap,node/10593165402,Requires manual review
,FAN4Kids,,-73.966667,40.68228,"538 Clinton Avenue, Unit 1, BROOKLYN, 11238",,NYC DCLA,dcla-row-868,Requires manual review
,"Fantastic Experimental Latino Theater, Inc.",,-73.986122,40.718943,"107 Suffolk Street, New York, 10002",,NYC DCLA,dcla-row-869,Requires manual review
,"Fashion Center District Management Association, Inc.",,-73.98937,40.753769,"209 West 38th Street, 2nd Fl., New York, 10018",,NYC DCLA,dcla-row-870,Requires manual review
,Fashion Institute of Technology,,-73.994979,40.7472091,,https://www.fitnyc.edu,OpenStreetMap,way/108159980,Design-related college or university
,Fastsigns,,-74.1827299,40.5971581,,,OpenStreetMap,node/11735005125,Requires manual review
,Fatherhood Matters,,-74.086817,40.6324252,400C Victory Boulevard,,OpenStreetMap,node/11882575260,Requires manual review
,"Fault Line Theatre, Inc.",,-73.993254,40.758682,"412 West 42nd Street, New York, 10036",,NYC DCLA,dcla-row-871,Requires manual review
,FCBC Community Development Corporation,,-73.951406,40.805289,"205 W. 119th Street, New York, 10026",,NYC DCLA,dcla-row-872,Requires manual review
,"Feath3r Theory, Inc.",,-73.983222,40.659708,"440 Prospect Avenue, #2F, Brooklyn, 11215",,NYC DCLA,dcla-row-873,Requires manual review
,"Federation Employment & Guidance Service, Inc.",,-74.00749,40.72631,"315 Hudson Street, New York, 10013",,NYC DCLA,dcla-row-874,Requires manual review
,Federation of Italian American Organizations,,-73.9953603,40.6137996,7403 18th Avenue,http://www.fiaobrooklyn.com,OpenStreetMap,node/5986834988,Requires manual review
,"Federation of Italian American Organizations of Brooklyn, LTD.",,-74.004851,40.605142,"8711 18th Avenue, Brooklyn, NY 11214, Brooklyn, 11214",,NYC DCLA,dcla-row-875,Requires manual review
,Feed Your Mind Music,,-73.982532,40.692648,"147 Prince Street, New York, 11201",,NYC DCLA,dcla-row-876,Requires manual review
,Felix Tailor Shop,,-73.9903311,40.7198811,125 Allen Street,,OpenStreetMap,node/6236928053,Requires manual review
,"Feminist Press, Inc.",,-73.984268,40.748822,"365 Fifth Avenue, New York, 10016",,NYC DCLA,dcla-row-877,Requires manual review
,Fergus McCaffrey Gallery,,-74.0037006,40.7498115,514 West 26th Street,https://fergusmccaffrey.com,OpenStreetMap,node/10859974144,Requires manual review
,"Festival of Cinema, Inc.",,-73.855129,40.706636,"90-60 Union TPKE #8A, Glendale, 11385",,NYC DCLA,dcla-row-878,Requires manual review
,"Festival of North American Orchestras, Inc.",,-73.982515,40.745492,"470 Park Avenue South, New York, 10016",,NYC DCLA,dcla-row-880,Requires manual review
,FGP NYC INC,,-73.909287,40.702426,"1717 Gates Avenue, Ridgewood, 11385",,NYC DCLA,dcla-row-881,Requires manual review
,Fiasco Theater LTD,,-73.978549,40.689372,"181 Ashland Pl, Brooklyn, 11217",,NYC DCLA,dcla-row-882,Requires manual review
,Fiber Content Studio,,-74.0048537,40.6825266,,,OpenStreetMap,node/11519485270,OpenStreetMap arts-centre tag
,Fiberama,,-74.0831249,40.5982845,,,OpenStreetMap,node/12173774612,Requires manual review
,"Fiction, Inc.",,-73.995292,40.717563,"94 Bowery, NYC, 10013",,NYC DCLA,dcla-row-883,Requires manual review
,FIERMAN,,-73.9912954,40.713402,127 Henry Street,https://fierman.nyc,OpenStreetMap,node/6231514599,Requires manual review
,Fifth Ave BID Bay Ridge Brooklyn,,-74.0244494,40.6258356,482 80th Street,https://www.bayridgebid.com,OpenStreetMap,node/10822931534,Requires manual review
,Fifth Ave. French Cleaners,,-73.9914945,40.6634137,,,OpenStreetMap,node/6221708898,Requires manual review
,Fifth Hammer Brewing Company,,-73.9515404,40.7464921,10-28 46th Avenue,https://www.fifthhammerbrewing.com/,OpenStreetMap,node/4995779511,Requires manual review
,"Figment Project, Inc.",,-73.989428,40.734245,"111 East 14th Street #369, New York, 10003",,NYC DCLA,dcla-row-884,Requires manual review
,Figure Skating in Harlem,,-73.953005,40.810952,"361 W 125th St, New York City, 10027",,NYC DCLA,dcla-row-885,Requires manual review
,Fiji Theatre Company,,-73.992528,40.726739,"47 Great Jones Street,, New York, 10012",,NYC DCLA,dcla-row-886,Requires manual review
,Film Biz Recycling,,-73.984973,40.677354,"540 President Street, Brooklyn, 11215",,NYC DCLA,dcla-row-887,Requires manual review
,Film Fleadh Foundation,,-73.926427,40.610128,"4023 Ave T, Brooklyn, 11234",,NYC DCLA,dcla-row-888,Requires manual review
,"Film Forum, Inc.",,-74.00425,40.728493,"209 West Houston Street, New York, 10014",,NYC DCLA,dcla-row-889,Requires manual review
,Film Society of Lincoln Center,,-73.984479,40.773997,"70 Lincoln Center Plaza, New York, 10023",,NYC DCLA,dcla-row-890,Requires manual review
,Filomen M. D'Agostino Greenberg Music School,,-73.981379,40.780737,"2130 Broadway, New York, 10023",,NYC DCLA,dcla-row-891,Requires manual review
,Finback Brewery,,-73.8732574,40.7066845,78-01 77th Avenue,http://www.finbackbrewery.com/,OpenStreetMap,node/6854261685,Requires manual review
,Finback Brooklyn,,-73.9847477,40.6775159,545 President Street,https://finbackbrewery.com,OpenStreetMap,way/241860727,Requires manual review
,Finland Center Foundation,,-73.994808,40.73435,"47 Fifth Avenue, New York, 10003",,NYC DCLA,dcla-row-892,Requires manual review
,Finnish Cultural Institute in New York,,-73.986681,40.702763,"68 Jay Street, Suite 235, Brooklyn, 11201",,NYC DCLA,dcla-row-893,DCLA Architecture/Design discipline
,Fiorello H LaGuardia Community College Auxiliary Enterprises Corporation,,-73.935022,40.744902,"3110 Thomson Ave., Long Island City, 11101",,NYC DCLA,dcla-row-894,Requires manual review
,"Firelight Media, Inc.",,-73.946186,40.823248,"72 Hamilton Terrace, New York, 10031",,NYC DCLA,dcla-row-895,Requires manual review
,Firm Shoe Repair,,-73.9902379,40.7327268,,,OpenStreetMap,node/6621617748,Requires manual review
,"First Baptist Church of Crown Heights, Inc.",,-73.953728,40.670028,"450 Eastern Parkway, Brooklyn, 11225",,NYC DCLA,dcla-row-896,Requires manual review
,First Look Institute,,-73.992397,40.737696,"114 Fifth Avenue, New York, 10011",,NYC DCLA,dcla-row-897,Requires manual review
,First Technology,,-73.9916614,40.7149501,51A Canal Street,https://chinatowniphonerepairnewyork.com/,OpenStreetMap,node/5401946313,OpenStreetMap craft/workshop tag
,Fisher Parrish Gallery,,-73.9211269,40.6979206,238 Wilson Avenue,https://fisherparrish.com/,OpenStreetMap,node/6128747704,Requires manual review
,"Fist and Heel Performance Group, Inc.",,-73.974791,40.681612,"476 Dean Street, Brooklyn, 11217",,NYC DCLA,dcla-row-898,Requires manual review
,Five Borough Electric Inc.,,-74.0721624,40.5978891,,,OpenStreetMap,node/13186710883,Requires manual review
,Five Boroughs Brewing Co.,,-74.0144658,40.650623,215 47th Street,https://www.fiveboroughs.com,OpenStreetMap,way/1067735281,Requires manual review
,"Five Boroughs Music Festival, Inc.",,-73.984649,40.659447,"1706 8th Ave., Brooklyn, 11215",,NYC DCLA,dcla-row-899,Requires manual review
,Five Myles,,-73.9596059,40.6726022,558 Saint Johns Place,https://fivemyles.org,OpenStreetMap,way/250447855,Requires manual review
,"Five Myles, Inc.",,-73.959682,40.672899,"558 St. Johns Place, Brooklyn, 11238",,NYC DCLA,dcla-row-900,Requires manual review
,Five Star Iron Work,,-74.0058614,40.6521644,412 39th Street,,OpenStreetMap,way/249606733,Requires manual review
,Five Star Pest Control,,-73.9189623,40.8172344,357 East 150th Street,,OpenStreetMap,node/2799259063,Requires manual review
,Fix and Go NY,,-73.966479,40.7640693,141 East 62nd Street,https://fixandgony.com/,OpenStreetMap,node/10634947419,Requires manual review
,Fix Phone,,-73.9129894,40.7746385,,,OpenStreetMap,node/12245060296,Requires manual review
,FJC,,-73.992417,40.753612,"520 Eighth Avenue, New York, 10018",,NYC DCLA,dcla-row-901,Requires manual review
,Flagship Brewing Co.,,-74.0755547,40.637155,40 Minthorne Street,http://theflagshipbrewery.com,OpenStreetMap,node/4521531942,Requires manual review
,FLAMENCO NYC INC,,-73.992954,40.755259,"344 West 38th Street, New York, 10018",,NYC DCLA,dcla-row-903,Requires manual review
,Flanbwayan Haitian Literacy Project,,-73.947542,40.643313,"3116 Clarendon Rd, Brooklyn, 11226",,NYC DCLA,dcla-row-904,Requires manual review
,Flash Fix,,-73.8702523,40.7422213,93-28A Corona Avenue,https://flashfixpro.net/,OpenStreetMap,node/12574299131,Requires manual review
,Flat Hardware,,-73.960762,40.6596875,,,OpenStreetMap,node/10247709071,OpenStreetMap craft/workshop tag
,Flatlands Branch Brooklyn Public Library,,-73.9333333,40.6197222,,,OpenStreetMap,node/368049705,Requires manual review
,"Flea Theater, Inc.",,-74.005736,40.716095,"20 Thomas Street, NEW YORK, 10007",,NYC DCLA,dcla-row-905,Requires manual review
,Flex Program,,-73.93513,40.670821,"1303 Saint Johns Place, sdance studio 1h378 Throop Avenue, New York, 11221",,NYC DCLA,dcla-row-906,Requires manual review
,"Flight Path Dance Foundation, Inc.",,-73.976427,40.733439,"531 E 20th St, New York, 10010",,NYC DCLA,dcla-row-907,Requires manual review
,Flosco Iron Works,,-74.0044909,40.6857554,67 Sackett Street,,OpenStreetMap,way/248152523,Requires manual review
,"Fluid Motion Theater & Film, Inc.",,-73.991689,40.745735,"109 West 27th Street Suite 9A, New York, 10001",,NYC DCLA,dcla-row-908,Requires manual review
,Flushing Council on Culture and the Arts,,-73.829992,40.763478,"137-35 Northern Boulevard, Flushing, 11354",,NYC DCLA,dcla-row-909,Requires manual review
,Flushing Town Hall,,-73.8300709,40.7639046,137-35 Northern Boulevard,https://www.flushingtownhall.org/,OpenStreetMap,way/284620855,OpenStreetMap arts-centre tag
,Flux Factory,,-73.9350775,40.7527012,39-31 29th Street,https://www.fluxfactory.org/,OpenStreetMap,node/6221427856,Requires manual review
,Flux Factory,,-73.934877,40.753067,"39-31 29TH STREET, LONG ISLAND CITY, 11101",,NYC DCLA,dcla-row-910,Requires manual review
,"Flux Theatre Ensemble, Inc.",,-73.851965,40.724783,"6776 Booth Street, 5A, Forest Hills, 11375",,NYC DCLA,dcla-row-911,Requires manual review
,"Fly-by-Night Dance Theater, Inc.",,-73.998206,40.74349,"248 West 21st Street, New York, 10011",,NYC DCLA,dcla-row-912,Requires manual review
,"Flying Carpet Theater, Inc.",,-73.91756,40.74413,"43-38 47th Street #A35, Sunnyside, 11104",,NYC DCLA,dcla-row-913,Requires manual review
,"Flying Fig Theater, Inc.",,-74.003987,40.725644,"161 Sixth Avenue, 14th Floor, New York, 10013",,NYC DCLA,dcla-row-914,Requires manual review
,Focal Point Gallery,,-73.7867678,40.8475112,321 City Island Avenue,,OpenStreetMap,node/9628929594,Requires manual review
,"Focal Point Press, Ltd.",,-73.786631,40.847587,"321 City Island Avenue, Bronx, 10464",,NYC DCLA,dcla-row-915,Requires manual review
,Folksbiene Yiddish Theatre,,-74.018001,40.705806,"36 Battery Place, New York, 10280",,NYC DCLA,dcla-row-916,Requires manual review
,"Fordham Road District Management Association, Inc.",,-73.896642,40.863086,"2530 Grand Concourse, Suite 803, Bronx, 10458",,NYC DCLA,dcla-row-917,Requires manual review
,Fordham University,,-73.8856215,40.8616978,441 East Fordham Road,,OpenStreetMap,way/38839105,Requires manual review
,Fordham University Lincoln Center Campus,,-73.9851947,40.7710067,,https://www.fordham.edu/info/21454/lincoln_center_campus,OpenStreetMap,way/108199259,Requires manual review
,Forest Hills Symphony Orchestra,,-73.803558,40.774149,"160-08 25th Drive, Flushing, 11358",,NYC DCLA,dcla-row-918,Requires manual review
,Forgotten Futures Fund Inc.,,-73.966768,40.674913,"188 Underhill Avenue, Brooklyn, 11238",,NYC DCLA,dcla-row-920,Requires manual review
,"Fort Greene Park Conservancy, Inc.",,-73.97357,40.686942,"85 S Oxford Street, Brooklyn, 11217",,NYC DCLA,dcla-row-921,Requires manual review
,Fort Greene SNAP,,-73.9735126,40.6931493,,http://www.fortgreenesnap.org,OpenStreetMap,node/9503346181,Requires manual review
,Fort Schuyler,,-73.7915732,40.8052814,,,OpenStreetMap,relation/3745992,Requires manual review
,Fort Wadsworth Visitor's Center and Museum,,-74.0581688,40.6041124,207 New York Avenue,,OpenStreetMap,way/241850436,Design-related museum or gallery
,Fort Washington Library,,-73.9339131,40.8477877,535 West 179th Street,https://www.nypl.org/locations/fort-washington,OpenStreetMap,node/8151650901,Requires manual review
,Fortnight Institute,,-73.9905535,40.7259794,,https://fortnight.institute,OpenStreetMap,node/9978637392,Requires manual review
,"Fortune Society, Inc.",,-73.935284,40.750466,"29-76 Northern Blvd, Long Island City, 11101",,NYC DCLA,dcla-row-922,Requires manual review
,"Forty Greene Avenue Cultural Center, Inc.",,-73.971017,40.686104,"40 Greene Avenue, Brooklyn, 11238",,NYC DCLA,dcla-row-923,Requires manual review
,"Forum for Urban Design, Inc.",,-74.002482,40.71871,"401 Broadway, New York, 10013",,NYC DCLA,dcla-row-924,DCLA Architecture/Design discipline
,"Forum on Law, Culture & Society, Inc.",,-73.984891,40.771711,"140 West 62nd Street, New York, 10023",,NYC DCLA,dcla-row-925,Requires manual review
,"Forward Motion Theatre, Inc.",,-73.945718,40.750564,"43-01 21st Street, Ste. 230, Long Island City, 11101",,NYC DCLA,dcla-row-926,Requires manual review
,"Found Sound Nation, Inc.",,-73.911054,40.708065,"467 Woodward Ave., Ridgewood, 11385",,NYC DCLA,dcla-row-935,Requires manual review
,Foundation,,-73.932987,40.798371,"413 East 120 St, New York, 10035",,NYC DCLA,dcla-row-927,Requires manual review
,Foundation Center,,-74.0080991,40.7038078,,,OpenStreetMap,node/4357768193,Requires manual review
,Foundation for City College,,-73.950221,40.819196,"160 Convent Avenue, New York, 10031",,NYC DCLA,dcla-row-928,Requires manual review
,"Foundation for Contemporary Arts, Inc.",,-74.006477,40.738354,"820 Greenwich Street, New York, 10014",,NYC DCLA,dcla-row-929,Requires manual review
,"Foundation for Independent Artists, Inc.",,-73.990154,40.754079,"246 West 38th Street, 4th Floor, New York, 10018",,NYC DCLA,dcla-row-931,Requires manual review
,Foundation For New American Art Inc,,-73.985434,40.729184,"224 East 10th St., New York City, 10003",,NYC DCLA,dcla-row-932,Requires manual review
,Foundation for the Advance of Dance,,-74.008494,40.736955,"55 Bethune St, Apt. 630A, New York, 10014",,NYC DCLA,dcla-row-933,Requires manual review
,"Foundry Theatre, Inc.",,-73.987401,40.728956,"140-142 Second Avenue #405, New York, 10003",,NYC DCLA,dcla-row-934,Requires manual review
,Fountain Gallery,,-73.989593,40.7622461,,,OpenStreetMap,node/10422361409,Requires manual review
,"Fountain House, Inc.",,-73.991225,40.762,"425 West 47th Street, New York, 10036",,NYC DCLA,dcla-row-936,Requires manual review
,Four Borough Neighborhood Preservation Alliance Foundation,,-73.988673,40.697545,"215 Adams Street, #12H, Brooklyn, 11201",,NYC DCLA,dcla-row-937,DCLA Architecture/Design discipline
,"Fourth Arts Block, Inc.",,-73.990331,40.726563,"70 E 4th St, New York, 10003",,NYC DCLA,dcla-row-939,Requires manual review
,Fox Floors,,-74.1663013,40.5894169,,,OpenStreetMap,node/8265230610,Requires manual review
,"Fractured Atlas Productions, Inc.",,-73.988366,40.737481,"228 Park Ave S #56651, New York, 10003",,NYC DCLA,dcla-row-940,Requires manual review
,Francis Martin Library,,-73.909268,40.8574291,2150 University Avenue / Doctor Martin Luther King Junior Boulevard,https://www.nypl.org/locations/francis-martin,OpenStreetMap,way/276281617,Requires manual review
,Franco Belli Plumbing & Heating,,-73.9952292,40.6699349,165 2nd Avenue,,OpenStreetMap,way/248171325,Requires manual review
,"Frank Silvera Writers' Workshop Foundation, Inc.",,-73.943901,40.825193,"738 St. Nicholas Ave, Suite #5, New York, 10031",,NYC DCLA,dcla-row-942,Requires manual review
,Frank's Trattoria,,-73.9793659,40.73608,,https://frankstrattoriaonfirst.com,OpenStreetMap,node/10073864131,Requires manual review
,Franklin Bowles Galleries,,-74.0011056,40.7252899,,,OpenStreetMap,node/13756162807,Requires manual review
,Franklin Discount,,-73.9590278,40.6681565,888 Franklin Avenue,,OpenStreetMap,node/9290899133,Requires manual review
,Fraunces Tavern Museum,,-74.011354,40.703387,54 Pearl Street,https://www.frauncestavernmuseum.org/,OpenStreetMap,node/368052081,Design-related museum or gallery
,Frederick Douglass Creative Arts Center,,-73.972584,40.794981,"270 West 96th Street, New York, 10025",,NYC DCLA,dcla-row-943,Requires manual review
,Fredericks & Freiser,,-74.0055599,40.7490119,536 West 24th Street,https://fredericksfreisergallery.com,OpenStreetMap,node/10859974161,Requires manual review
,"Free Arts for Abused Children of New York City, Inc.",,-73.987086,40.754531,"1431 Broadway, New York, 10018",,NYC DCLA,dcla-row-945,Requires manual review
,Freedom Dabka Group,,-74.0932514,40.5722411,,,OpenStreetMap,node/13128333693,OpenStreetMap arts-centre tag
,"Freedom Electric & Data, Inc.",,-74.2185542,40.5524347,,,OpenStreetMap,node/13037677706,Requires manual review
,Freestyle Repertory Theatre,,-73.972866,40.786769,"120 West 86th Street, New York, 10024",,NYC DCLA,dcla-row-946,Requires manual review
,Fremin Gallery,,-74.0049853,40.7478552,520 West 23rd Street,https://fremingallery.com,OpenStreetMap,node/10859974173,Requires manual review
,French Institute-Alliance Francaise,,-73.970684,40.764091,"22 East 60th Street, New York, 10022",,NYC DCLA,dcla-row-947,Requires manual review
,Frere Independent,,-73.99371,40.744165,"149 West 24th Street, #3A, New York, 10011",,NYC DCLA,dcla-row-948,Requires manual review
,Fresh Squeezed Opera Company,,-73.932851,40.858346,"245 Bennett Avenue, New York, 10040",,NYC DCLA,dcla-row-950,Requires manual review
,Freshkills Park Alliance,,-74.164792,40.591454,"2240 Richmond Avenue, Staten Island, 10314",,NYC DCLA,dcla-row-949,Requires manual review
,"FreshStart-Cultural Theatre Arts Productions, Inc.",,-73.922888,40.851607,"10 Richman Plaza, New York, 10453",,NYC DCLA,dcla-row-951,Requires manual review
,Frick Collection,,-73.967146,40.7712772,1 East 70th Street,http://www.frick.org/,OpenStreetMap,way/266894185,Requires manual review
,Frick Collection,,-73.967749,40.771054,"1 East 70th Street, New York, 10021",,NYC DCLA,dcla-row-952,Requires manual review
,Frieda and Roy Furman Gallery,,-73.9842783,40.7740811,165 West 65th Street,,OpenStreetMap,node/13036463545,Design-related museum or gallery
,Friedman Benda Gallery,,-74.0035148,40.7501029,515 West 26th Street,https://friedmanbenda.com,OpenStreetMap,node/10861434356,Requires manual review
,"Friends of Alice Austen House, Inc.",,-74.06322,40.615561,"2 Hylan Boulevard, Staten Island, 10305",,NYC DCLA,dcla-row-953,Requires manual review
,Friends of City Reliquary Incorporated,,-73.955711,40.714077,"370 Metropolitan Avenue, New York, 11211",,NYC DCLA,dcla-row-954,Requires manual review
,Friends of Historic New Utrecht,,-74.000551,40.607896,"1831 84th Street, Brookyn, 11214",,NYC DCLA,dcla-row-955,Requires manual review
,"Friends of Hudson River Park, Inc.",,-74.011867,40.729381,"Pier 40, 353 West Street, New York, 10014",,NYC DCLA,dcla-row-956,Requires manual review
,Friends of PS 163 Inc,,-73.969139,40.794442,"163 West 97th Street, New York, 10025",,NYC DCLA,dcla-row-958,Requires manual review
,Friends of the High Line,,-74.008036,40.739587,"820 Washington St, New York, 10014",,NYC DCLA,dcla-row-960,Requires manual review
,Friends of the New York Transit Museum,,-73.988753,40.690782,"130 Livingston Street, 10th Floor, Brooklyn, 11201",,NYC DCLA,dcla-row-961,Design-related name in DCLA Museum discipline
,"Friends of the Nubian Conservatory of Music, Inc.",,-73.938578,40.669195,"892 Eastern Parkway 1st Floor, Brooklyn, 11213",,NYC DCLA,dcla-row-962,Requires manual review
,Friends of the Upper East Side Historic Districts,,-73.962966,40.769397,"966 Lexington Ave, New York, 10021",,NYC DCLA,dcla-row-963,DCLA Architecture/Design discipline
,"Friends of Wingate Park, Inc.",,-73.94522,40.658513,"636 Brooklyn Ave, New York, 11203",,NYC DCLA,dcla-row-964,Requires manual review
,Friends Shoe Repair & Tailor,,-73.9812178,40.7420087,166 East 28th Street,,OpenStreetMap,node/6525036188,Requires manual review
,"FRIGID New York, Inc.",,-73.984912,40.727424,"94 St. Marks Place, New York, 10009",,NYC DCLA,dcla-row-965,Requires manual review
,Fritsch Custom Upolstering,,-74.0238822,40.6259944,,,OpenStreetMap,node/10822837598,Requires manual review
,"Frog & Peach Theatre Company, Inc.",,-73.926367,40.866573,"19 Cumming St, New York, 10034",,NYC DCLA,dcla-row-966,Requires manual review
,"Fruta Extrana, Inc.",,-73.879906,40.81963,"820 Colgate Avenue, Bronx, 10473",,NYC DCLA,dcla-row-967,Requires manual review
,"Fulton Art Fair, Inc.",,-73.92385,40.674667,"1766 Bergen St, Brooklyn, 11233",,NYC DCLA,dcla-row-968,Design-related name in DCLA Visual Arts discipline
,Fulton Cobbler,,-73.9405654,40.6800281,1519B Fulton Street,,OpenStreetMap,node/2547633197,Requires manual review
,Fund for the City of New York,,-74.00469,40.723903,"121 6th Ave, New York, 10013",,NYC DCLA,dcla-row-970,Requires manual review
,FUNDACION YOLANDA LAPREA INC,,-73.938749,40.824026,"231 West 148th St., Apt. 1-L, New York, 10039",,NYC DCLA,dcla-row-969,Requires manual review
,"Futurepoem, Inc.",,-73.998333,40.746043,"311 W 24th St, New York, 10011",,NYC DCLA,dcla-row-971,Requires manual review
,Futuro Media Group,,-73.953005,40.810952,"361 W. 125th Street, New York, 10027",,NYC DCLA,dcla-row-972,Requires manual review
,G.D. Watch & Jewelry Repairs,,-74.0092282,40.7095226,15 Maiden Lane,,OpenStreetMap,node/11119844598,Requires manual review
,G.O. Hussey Fashion Designs,,-73.9630447,40.6731653,,,OpenStreetMap,node/6154104343,OpenStreetMap craft/workshop tag
,Gabriel's Iron Works,,-73.9912506,40.6718292,177 9th Street,,OpenStreetMap,way/248167215,Requires manual review
,Gadget Revive,,-73.9647374,40.8010231,175 West 107th Street,,OpenStreetMap,node/11418529920,Requires manual review
,Gagosian,,-74.0059445,40.7494423,555 West 24th Street,https://gagosian.com,OpenStreetMap,node/4470030189,Requires manual review
,Gagosian,,-74.0054902,40.7492448,541 West 24th Street,https://gagosian.com,OpenStreetMap,node/10859974159,Requires manual review
,Gagosian,,-74.0063973,40.7468093,522 West 21st Street,https://gagosian.com,OpenStreetMap,node/10873196741,Requires manual review
,Gaia Nomaya,,-73.9616738,40.6616885,,https://www.gaianomaya.com,OpenStreetMap,node/10247709069,OpenStreetMap arts-centre tag
,Gala Woodworking,,-73.9937837,40.6701484,114 12th Street,https://www.galaww.com/,OpenStreetMap,node/11064002908,OpenStreetMap craft/workshop tag
,Galerie Lelong & Co.,,-74.0043727,40.7500805,528 West 26th Street,https://www.galerielelong.com,OpenStreetMap,node/10859974141,Requires manual review
,Galerie St. George,,-74.0847534,40.6461476,11 Phelps Place,,OpenStreetMap,way/241853878,Requires manual review
,Galerie Templon,,-74.0026414,40.7501683,293 10th Avenue,https://www.templon.com,OpenStreetMap,node/10860703834,Requires manual review
,Galleria Ca' d'Oro,,-74.0054234,40.7462737,179 10th Avenue,https://www.galleriacadoro.com,OpenStreetMap,node/10873196742,Requires manual review
,Gallery,,-73.9720521,40.7673846,,,OpenStreetMap,node/2710141162,Requires manual review
,Gallery El Dorado,,-73.9768318,40.7657632,108 Central Park South,,OpenStreetMap,node/12570555185,Requires manual review
,Gallery Henoch,,-74.0054024,40.7500313,555 West 25th Street,https://www.galleryhenoch.com,OpenStreetMap,node/10859974148,Requires manual review
,Gallery One Twenty Eight,,-73.9869763,40.7197493,128 Rivington Street,,OpenStreetMap,node/11892588830,Requires manual review
,"Gallery Players, Inc.",,-73.990448,40.666966,"199 14th Street, Brooklyn, 11215",,NYC DCLA,dcla-row-973,Requires manual review
,"Gallim Dance Company, Inc.",,-73.966739,40.682648,"520 Clinton Ave, Brooklyn, 11238",,NYC DCLA,dcla-row-974,Requires manual review
,GAMBA Forest,,-73.94493,40.7234078,630 Humboldt Street,https://gambazine.com/,OpenStreetMap,node/6590113931,OpenStreetMap arts-centre tag
,"Game Devs of Color, Inc.",,-73.959205,40.716444,"223 Bedford Avenue, New York City, 11211",,NYC DCLA,dcla-row-975,Requires manual review
,"Games for Change, Inc.",,-73.979997,40.753979,"6 East 43rd Street, New York, 10017",,NYC DCLA,dcla-row-976,Requires manual review
,Games Workshop,,-73.9935227,40.7311771,55 East 8th Street,https://www.games-workshop.com/,OpenStreetMap,node/12995861405,OpenStreetMap arts-centre tag
,Garbage museum,,-73.9439308,40.7856582,,,OpenStreetMap,node/4822836222,Design-related museum or gallery
,Garibaldi-Meucci Museum,,-74.0738103,40.6151893,,http://www.garibaldimeuccimuseum.org/,OpenStreetMap,way/35017727,Design-related museum or gallery
,Garibaldi-Meucci Museum,,-74.073334,40.615239,"420 Tompkins Ave., Staten Island, NY 10305, Staten Island, 10305",,NYC DCLA,dcla-row-977,Requires manual review
,Gasworks,,-73.9927929,40.6617547,673 5th Avenue,https://gasworksnyc.com,OpenStreetMap,node/5821144854,OpenStreetMap craft/workshop tag
,Gateway Plumbing & Heating,,-74.128585,40.636909,,,OpenStreetMap,node/13191522650,Requires manual review
,GB Electrical Corp.,,-74.088432,40.6069465,,,OpenStreetMap,node/13184510059,Requires manual review
,GCM Steel Products,,-73.9241596,40.705485,349 Troutman Street,http://www.gcmsteel.com/,OpenStreetMap,node/13750116703,Requires manual review
,Gelsey Kirkland Academy of Classical Ballet,,-73.98658,40.704058,"29 Jay Street, Brooklyn, 11201",,NYC DCLA,dcla-row-978,Requires manual review
,Gemelli Jewelers,,-73.8984299,40.7086952,66-10 Fresh Pond Road,,OpenStreetMap,node/5342875949,Requires manual review
,Gemological Institute of America,,-73.9808385,40.7574915,50 West 47th Street,,OpenStreetMap,node/2717578856,Requires manual review
,General Grant National Memorial,,-73.9630506,40.8134537,501 Riverside Drive,,OpenStreetMap,way/271922197,Requires manual review
,General Mischief Dance Theatre,,-73.923684,40.866818,"4867 Broadway, Suite #838, New York, 10034",,NYC DCLA,dcla-row-979,Requires manual review
,General Society of Mechanics and Tradesmen of the City,,-73.980848,40.755156,"20 West 44th Street, New York, 10036",,NYC DCLA,dcla-row-980,Requires manual review
,"Generations Project, Inc.",,-73.937095,40.698031,"889 Broadway 4C, Brooklyn, 11206",,NYC DCLA,dcla-row-981,Requires manual review
,Genet Plumbing & Heating,,-73.7538162,40.7140856,,,OpenStreetMap,node/6977837302,Requires manual review
,Genspace,,-74.003215,40.657217,"132 32nd St, Brooklyn, 11232",,NYC DCLA,dcla-row-982,Requires manual review
,Genuine Plumbing & Heating,,-74.2377558,40.5349188,,,OpenStreetMap,node/12456546166,Requires manual review
,George Bruce Library,,-73.9570752,40.8137797,518 West 125th Street,https://www.nypl.org/locations/george-bruce,OpenStreetMap,way/271912753,Requires manual review
,"George London Foundation for Singers, Inc.",,-73.981038,40.774318,"157 Columbus Ave, New York, 10023",,NYC DCLA,dcla-row-983,Requires manual review
,"George Walker Jr. Community Coalition, Inc.",,-73.894624,40.678591,"29 Wyona Street, Brooklyn, 11207",,NYC DCLA,dcla-row-984,Requires manual review
,Georges Bergès Gallery,,-74.0006603,40.7263278,462 West Broadway,,OpenStreetMap,node/10695291115,Requires manual review
,Gerben Fine Art,,-74.008036,40.7173575,,,OpenStreetMap,node/11329804755,Design-related museum or gallery
,"Ghetto Film School, Inc.",,-73.927915,40.806267,"79 Alexander Ave, New York, 10454",,NYC DCLA,dcla-row-985,Requires manual review
,"Gina Gibney Dance, Inc.",,-73.989911,40.738604,"890 Broadway, New York, 10003",,NYC DCLA,dcla-row-987,Requires manual review
,Girl Be Heard Institute,,-73.983301,40.677016,"225 4th Avenue, PMB 40, Brooklyn, 11215",,NYC DCLA,dcla-row-989,Requires manual review
,Girl Scouts of America,,-73.9834808,40.7507147,,,OpenStreetMap,node/6424147871,Requires manual review
,"Girls Write Now, Inc.",,-73.990594,40.753475,"247 West 37 Street, New York, 10018",,NYC DCLA,dcla-row-990,Requires manual review
,"Giulio Gari Foundation, Inc",,-73.980889,40.778306,"175 West 72nd Street, New York, 10023",,NYC DCLA,dcla-row-991,Requires manual review
,GKF Electric,,-73.9942981,40.6698014,113A 13th Street,https://gkfelectric.com,OpenStreetMap,node/8303699009,Requires manual review
,Gladstone Gallery,,-74.004588,40.7489761,515 West 24th Street,https://gladstonegallery.com,OpenStreetMap,node/4389122972,Requires manual review
,Gladstone Gallery,,-74.0066777,40.7469471,530 West 21st Street,https://www.gladstonegallery.com,OpenStreetMap,node/10873196740,Requires manual review
,"Glass Farm Ensemble, Inc.",,-73.991689,40.745735,"109 W 27 St #5D, New York, 10018",,NYC DCLA,dcla-row-992,Requires manual review
,"Glass Menagerie A Downtown Community Chorus, Inc.",,-73.996226,40.732407,"11 Fifth Avenue Ste. 8R, New York, 10003",,NYC DCLA,dcla-row-993,Requires manual review
,Glendale Branch Queens Borough Public Library,,-73.8757971,40.702577,73-60 73rd Place,,OpenStreetMap,node/2956617550,Requires manual review
,Glendale Lumbar’s,,-73.8763502,40.7054128,,,OpenStreetMap,node/12356598199,Requires manual review
,Global Artists Coalition Incorporated,,-73.946103,40.81884,"323 W. 138TH Street, New York, 10030",,NYC DCLA,dcla-row-994,Requires manual review
,Global Tuidang Center,,-73.8297839,40.7583211,40-46 Main Street,https://www.tuidang.org/,OpenStreetMap,node/11113817720,Requires manual review
,Global Vision Art Gallery,,-73.9764731,40.6874391,87 Fort Greene Place,,OpenStreetMap,node/2572920441,Design-related museum or gallery
,"globalFEST, Inc.",,-73.978939,40.662114,"179 Prospect Park W, Brooklyn, 11215",,NYC DCLA,dcla-row-995,Requires manual review
,Gloria's Project Space,,-73.913545,40.7060783,454 Seneca Avenue,https://gloriasprojectspace.com/,OpenStreetMap,node/6037663037,Requires manual review
,Glyndor Gallery,,-73.9123918,40.8977381,,,OpenStreetMap,way/277070523,Requires manual review
,GMD Industries,,-73.7618534,40.7136114,,,OpenStreetMap,node/12505169928,Requires manual review
,"Go Africa Network, Inc.",,-73.949101,40.78148,"1760 2nd ave, New York, 10128",,NYC DCLA,dcla-row-996,Requires manual review
,Go Green HVAC Inc,,-73.7588961,40.6096272,2336 Enright Road,http://www.gogreenhvacinc.com,OpenStreetMap,node/2887256205,Requires manual review
,Go Greene Hardware,,-73.9741715,40.6863393,,,OpenStreetMap,node/3154231940,OpenStreetMap craft/workshop tag
,Goboxad,,-73.9420559,40.7138997,26 Bushwick Avenue,https://www.goboxad.net,OpenStreetMap,node/2838733591,Requires manual review
,Goddard Riverside Community Center,,-73.970904,40.788212,"593 Columbus Avenue, New York, 10024",,NYC DCLA,dcla-row-997,Requires manual review
,Goddard Riverside Older Adult Center,,-73.9871901,40.7749341,250 West 65th Street,https://goddard.org/programs/older-adults/seniorcenter/,OpenStreetMap,node/2744863949,Requires manual review
,Godwin Ternbach Museum,,-73.815946,40.736237,"Queens College, 405 Klapper Hall, Flushing, 11367",,NYC DCLA,dcla-row-998,Design-related name in DCLA Museum discipline
,Godwin-Ternbach Museum,,-73.8168948,40.7363746,,https://gtmuseum.org/,OpenStreetMap,node/7237418930,Design-related museum or gallery
,Golden Anvil,,-74.0131073,40.6766706,102 Dikeman Street,,OpenStreetMap,node/10736173270,Requires manual review
,"Golden Fleece Theatre Company, Ltd.",,-74.000985,40.736395,"70A Greenwich Avenue, # 256, New York, 10011",,NYC DCLA,dcla-row-999,Requires manual review
,Golden Sand Laundromat,,-74.0117201,40.643555,,,OpenStreetMap,node/10712959087,Requires manual review
,Golden Star Super Discount,,-73.955729,40.618609,,,OpenStreetMap,node/10653350276,Requires manual review
,Goldteeth Fashion Remix,,-73.9585534,40.6508855,,,OpenStreetMap,node/10599908837,OpenStreetMap craft/workshop tag
,"Goliard Concerts, Inc.",,-73.911956,40.759453,"30-87 46th Street, Astoria, 11103",,NYC DCLA,dcla-row-1000,Requires manual review
,GoPro,,-73.9025423,40.7755591,20-35 Steinway Street,http://thegoprogroup.com/,OpenStreetMap,node/13451735148,Requires manual review
,"Gotham Arts Exchange, Inc.",,-73.948215,40.807214,"168 West 123rd Street, New York, 10027",,NYC DCLA,dcla-row-1002,Requires manual review
,"Gotham Dance, Inc.",,-73.987401,40.728956,"140 Second Avenue, New York, 10003",,NYC DCLA,dcla-row-1003,Requires manual review
,"Gotham Early Music Scene, Inc.",,-73.969728,40.8023,"340 Riverside Drive, Suite 1A, New York, 10025",,NYC DCLA,dcla-row-1004,Requires manual review
,Gotham Metalworks,,-74.0085758,40.6812859,,https://www.gothammetals.com/,OpenStreetMap,node/2827505145,Requires manual review
,"Gotham Performing Arts, Inc.",,-74.007156,40.705,"99 Wall St #2650, New York, 10005",,NYC DCLA,dcla-row-1005,Requires manual review
,"Gotham Stage Company, Inc.",,-73.974738,40.792544,"288 W. 92nd Street, New York, 10025",,NYC DCLA,dcla-row-1006,Requires manual review
,Gotham Yardbird Sanctuary Inc,,-73.918805,40.696779,"309 Wilson Ave, Brooklyn, 11237",,NYC DCLA,dcla-row-1007,Requires manual review
,Gottscheer Hall,,-73.9056815,40.7068011,657 Fairview Avenue,https://www.gottscheerhall.com/,OpenStreetMap,node/2568876406,Requires manual review
,Gowanus Alliance,,-73.9933341,40.6694336,,,OpenStreetMap,node/6384030608,Requires manual review
,Gowanus Canal Conservancy,,-73.9874383,40.6746248,,https://gowanuscanalconservancy.org,OpenStreetMap,node/5642678603,Requires manual review
,"Gowanus Canal Conservancy, Inc.",,-73.987511,40.679158,"543 Union Street, New York, 11215",,NYC DCLA,dcla-row-1008,DCLA Architecture/Design discipline
,Gowanus Creative Studios,,-73.9934191,40.6734072,,https://gowanuscreativestudios.com,OpenStreetMap,way/1159044550,OpenStreetMap arts-centre tag
,Grace Chorale of Brooklyn,,-73.993787,40.694661,"137 Montague St, #202, Brooklyn, 11201",,NYC DCLA,dcla-row-1009,Requires manual review
,Grace Cleaners,,-73.9787723,40.6657309,,,OpenStreetMap,node/5869731859,Requires manual review
,Grace Exhibition Space for International Performance Art Inc,,-73.976942,40.726651,"182 Ave C, New York, 10003",,NYC DCLA,dcla-row-1010,Requires manual review
,Gracie Mansion Conservancy,,-73.943758,40.776309,"181 East End Ave., New York, 10028",,NYC DCLA,dcla-row-1011,Requires manual review
,Graffiti Hall of Fame,,-73.9480796,40.7932038,,,OpenStreetMap,node/5941231085,Requires manual review
,"Gramercy Brass of New York, Inc.",,-73.990095,40.732423,"111 Fourth Avenue, Suite 1-C, New York, 10003",,NYC DCLA,dcla-row-1012,Requires manual review
,Grand Avenue Workshop,,-73.9629055,40.6881239,,,OpenStreetMap,node/2568133688,OpenStreetMap arts-centre tag
,Grand Central Atelier,,-73.9505609,40.7463401,,,OpenStreetMap,node/4995779510,OpenStreetMap arts-centre tag
,Grand Concourse Library,,-73.9100916,40.8440006,155 East 173rd Street,https://www.nypl.org/locations/grand-concourse,OpenStreetMap,way/276025333,Requires manual review
,Grand Kitchen Design,,-74.0047823,40.6551611,164 35th Street,https://grand-kitchen-design-inc.business.site,OpenStreetMap,way/249604029,OpenStreetMap craft/workshop tag
,Granite A.C.,,-74.1430045,40.6258846,,,OpenStreetMap,node/10759848859,Requires manual review
,"Grassroots Artists MovEment, Inc.",,-73.920186,40.6785298,1958 Fulton Street,https://gamenyc.org/,OpenStreetMap,node/6164899885,Design-related community or association
,Gravesend Branch Brooklyn Public Library,,-73.9718086,40.5905911,303 Avenue X,https://www.bklynlibrary.org/locations/gravesend,OpenStreetMap,way/248835717,Requires manual review
,Great Jones Distilling Co,,-73.9942311,40.72791,686 Broadway,https://greatjonesdistillingco.com,OpenStreetMap,way/247842935,Requires manual review
,Great Kills Library,,-74.1511209,40.5524271,56 Giffords Lane,https://www.nypl.org/locations/great-kills,OpenStreetMap,way/248309828,Requires manual review
,"Great Small Works, Inc.",,-73.99748,40.672027,"1 12th Street, Brooklyn, 11215",,NYC DCLA,dcla-row-1019,Requires manual review
,Greater Astoria Historical Society,,-73.912954,40.755531,"32-63 48 Street, Long Island City, 11103",,NYC DCLA,dcla-row-1013,Requires manual review
,Greater Bethel Community Development Corporation,,-73.792163,40.703553,"94-15 Merrick Boulevard, Jamaica, 11433",,NYC DCLA,dcla-row-1014,Requires manual review
,Greater Chinatown Community Association,,-73.999347,40.714459,"105 Mosco Street, New York, 10013",,NYC DCLA,dcla-row-1015,Requires manual review
,"Greater New York Coalition for Soviet Jewry, Inc.",,-73.980516,40.755854,"25 West 45th Street, Suite 1405, New York, 10036",,NYC DCLA,dcla-row-1016,Requires manual review
,Greater Ridgewood Historical Society,,-73.9200168,40.7109086,Flushing Avenue,https://onderdonkhouse.org/,OpenStreetMap,node/5394515623,Requires manual review
,Greater Ridgewood Historical Society,,-73.920356,40.710926,"1820 Flushing Avenue, Ridgewood, 11385",,NYC DCLA,dcla-row-1017,Requires manual review
,"Greater Ridgewood Youth Council, Inc.",,-73.897855,40.699463,"59-03 Summerfield St, Ridgewood, 11385",,NYC DCLA,dcla-row-1018,Requires manual review
,"Greek American Educational Public Information System, Inc.",,-73.914381,40.774644,"23-18 29th Street, Astoria, 11105",,NYC DCLA,dcla-row-1021,Requires manual review
,"Greek Cultural Center, Inc.",,-73.919901,40.771931,"27-18 Hoyt Avenue South, Astoria, 11102",,NYC DCLA,dcla-row-1022,Requires manual review
,Greek Orthodox Ladies Philoptochos Society,,-73.9786657,40.7483257,,https://www.philoptochos.org,OpenStreetMap,node/7040832634,Requires manual review
,Greek-American Broadcasting Information & Cultural Activities Corporation,,-73.913668,40.784151,"20-12 20th Street, Apt. 2C, Astoria, 11105",,NYC DCLA,dcla-row-1020,Requires manual review
,Green Earth Organic Ms Bubble,,-73.989745,40.683907,,https://www.msbubblegreen.com,OpenStreetMap,node/6341782739,Requires manual review
,"Green Earth Poets Cafe, Inc.",,-73.956789,40.676087,"521 St. Marks Ave, Brooklyn, 11238",,NYC DCLA,dcla-row-1023,Requires manual review
,"Green Earth Urban Gardens, Inc.",,-73.81899,40.779227,"147-14 22nd Avenue, Whitestone, 11357",,NYC DCLA,dcla-row-1024,Requires manual review
,"Green Tree Construction, Inc",,-73.725605,40.7659494,54-40 Little Neck Parkway,http://www.greentreenyc.com,OpenStreetMap,node/5491662042,Requires manual review
,Greene Naftali Gallery,,-74.0035852,40.7497696,508 West 26th Street,https://greenenaftaligallery.com,OpenStreetMap,node/10859974145,Requires manual review
,Greenhook Ginsmiths,,-73.9510901,40.7361079,,https://greenhookgin.com/,OpenStreetMap,node/4665844147,Requires manual review
,Greenpoint Gallery,,-73.95243,40.7363545,390 Mc Guinness Boulevard,https://greenpointgallery.com,OpenStreetMap,node/2843018177,Requires manual review
,Greenpoint Library and Environmental Education Center,,-73.9506926,40.7260594,107 Norman Avenue,https://www.bklynlibrary.org/locations/greenpoint,OpenStreetMap,way/1180777608,Requires manual review
,Greenwich House Music School,,-74.0045238,40.7321589,46 Barrow Street,,OpenStreetMap,way/249665940,OpenStreetMap arts-centre tag
,"Greenwich House, Inc.",,-74.00311,40.732486,"27 Barrow Street, New York, 10014",,NYC DCLA,dcla-row-1025,Requires manual review
,Greenwich Village Society for Historic Preservation,,-73.987433,40.730817,"232 East 11th Street, New York, 10003",,NYC DCLA,dcla-row-1027,Requires manual review
,Greenwich Village Youth Council,,-73.983031,40.732447,"345 East 15th Street, New York, 10003",,NYC DCLA,dcla-row-1028,Requires manual review
,"GRENCAP United, Inc.",,-73.928625,40.61885,"4809 Avenue N, Brooklyn, 11234",,NYC DCLA,dcla-row-1030,Requires manual review
,Grey Art Gallery,,-73.996123,40.7299471,,,OpenStreetMap,node/368045910,OpenStreetMap arts-centre tag
,Grey Art Gallery,,-73.9957606,40.7303986,100 Washington Square East,https://greyartgallery.nyu.edu/,OpenStreetMap,node/11079651705,Design-related museum or gallery
,Grey Art Museum,,-73.9915408,40.7278101,18 Cooper Square,https://greyartgallery.nyu.edu/,OpenStreetMap,node/12997486602,Design-related museum or gallery
,Grimm Artisanal Ales,,-73.9365208,40.7143825,,https://grimmales.com/,OpenStreetMap,node/5978866585,Requires manual review
,Grolier Club,,-73.9698587,40.7640002,47 East 60th Street,https://www.grolierclub.org/,OpenStreetMap,node/9007964737,Requires manual review
,"Groove With Me, Inc.",,-73.939834,40.803941,"1785 Park Ave., New York, 10035",,NYC DCLA,dcla-row-1031,Requires manual review
,Ground UP Productions,,-74.005975,40.731619,"72 Barrow St. #2N, New York, 10014",,NYC DCLA,dcla-row-1033,Requires manual review
,Ground Zero Museum Workshop,,-74.0067195,40.74121,,https://groundzeromuseumworkshop.org/,OpenStreetMap,node/5166579821,Design-related museum or gallery
,Groundswell Community Mural Project,,-73.984973,40.677354,"540 President Street Ste 1A, Brooklyn, 11215",,NYC DCLA,dcla-row-1032,Requires manual review
,"Group 1 Acting Company, Inc.",,-73.991449,40.760038,"630 Ninth Avenue, New York, 10036",,NYC DCLA,dcla-row-1034,Requires manual review
,Group BR Limited,,-73.98769,40.744162,"234 5th Ave, New York, 10001",,NYC DCLA,dcla-row-1035,Requires manual review
,Groupmuse Foundation Inc.,,-74.001053,40.720393,"447 Broadway, New York, 10013",,NYC DCLA,dcla-row-1036,Requires manual review
,Grupo de AA,,-74.124582,40.6316473,,,OpenStreetMap,node/13023118441,Requires manual review
,Guadalupe,,-73.9207651,40.8674262,597 West 207th Street,https://guadalupebargrill.com/,OpenStreetMap,node/5709614591,Requires manual review
,Guggenheim Museum,,-73.9588842,40.7829919,1071 5th Avenue,https://www.guggenheim.org/new-york,OpenStreetMap,way/170149134,Design-related museum or gallery
,Guild Gallery,,-74.0027872,40.7202528,,https://rwguildgalleryny.com/,OpenStreetMap,node/10090538376,Requires manual review
,Gumbo Creative Space,,-73.9813713,40.6857506,,http://gumbobrooklyn.com,OpenStreetMap,node/6343579445,OpenStreetMap arts-centre tag
,Gureje,,-73.9645967,40.6801946,,https://gureje.com,OpenStreetMap,node/2713484777,Requires manual review
,"Guyana Cultural Association of New York, Inc.",,-73.909025,40.648562,"844 East 95th Street, New York, 11236",,NYC DCLA,dcla-row-1038,Requires manual review
,H & L Iron and Steel,,-73.9967229,40.6636211,141 21st Street,,OpenStreetMap,way/248240988,Requires manual review
,"H.T. Dance Company, Inc.",,-73.999203,40.716092,"70 Mulberry Street, NYC, NY 10013, New York, 10108",,NYC DCLA,dcla-row-1039,Requires manual review
,HABNET SERVICES CORP,,-73.951539,40.636511,"1401 Flatbush Avenue, NYC, 11210",,NYC DCLA,dcla-row-1040,Requires manual review
,Hainan Association,,-73.9904663,40.6904764,,,OpenStreetMap,node/7884615044,Requires manual review
,"Haiti Cultural Exchange, Inc.",,-73.959682,40.672899,"558 St Johns Pl, New York, 11238",,NYC DCLA,dcla-row-1042,Requires manual review
,Haitian American Cultural and Educational Foundation,,-73.874066,40.744146,"91-40 Lamont Avenue, #4M, New York, 11373",,NYC DCLA,dcla-row-1041,Requires manual review
,"Haleakala, Inc.",,-74.009508,40.736062,"163B Bank Street, 4th Floor Loft, New York, 10014",,NYC DCLA,dcla-row-1044,Requires manual review
,Hales Gallery,,-74.0076175,40.746867,547 West 20th Street,https://halesgallery.com,OpenStreetMap,node/10873196738,Requires manual review
,Hall des Lumières,,-74.005072,40.713744,49 Chambers Street,https://www.halldeslumieres.com/,OpenStreetMap,node/2825233330,Requires manual review
,Hamilton Fish Park Library,,-73.9793368,40.7197787,415 East Houston Street,https://www.nypl.org/locations/hamilton-fish-park,OpenStreetMap,node/368050625,Requires manual review
,Hamilton Grange Library,,-73.9479975,40.8257117,503 West 145th Street,https://www.nypl.org/locations/hamilton-grange,OpenStreetMap,way/271901800,Requires manual review
,Hamilton Grange National Memorial,,-73.9473012,40.82136,414 West 141st Street,https://www.nps.gov/hagr/index.htm,OpenStreetMap,way/271885447,Design-related museum or gallery
,Hana Makgeoli,,-73.9514989,40.7363383,201 Dupont Street,https://www.hanamakgeolli.com/,OpenStreetMap,node/9690650989,Requires manual review
,"Hands On Sign Interpreted Performances, Inc.",,-73.947996,40.837414,"159-00 Riverside Drive West, New York, 10032",,NYC DCLA,dcla-row-1045,Requires manual review
,Hao Lai Discount,,-74.0040233,40.6410407,5006 8th Avenue,,OpenStreetMap,node/12629233266,Requires manual review
,Happy Cleaners,,-73.9797165,40.6827217,,https://happycleaners.com,OpenStreetMap,node/2550063515,Requires manual review
,Happy Cleaners,,-73.9799903,40.6773401,,https://happycleaners.com/,OpenStreetMap,node/5549150579,Requires manual review
,Happy Cleaners,,-73.9632719,40.6742938,,https://happycleaners.com,OpenStreetMap,node/6088650328,Requires manual review
,Happy Cleaners,,-73.994212,40.6773583,,https://happycleaners.com/,OpenStreetMap,node/6432875812,Requires manual review
,Harbor Defense Museum,,-74.0320508,40.6089145,230 Sheridan Loop,https://www.harbordefensemuseum.com,OpenStreetMap,way/249053508,Design-related museum or gallery
,"Harbor Lights Theater Company, Inc.",,-74.086738,40.646724,"38 Westervelt Avenue, Staten Island, 10301",,NYC DCLA,dcla-row-1046,Requires manual review
,Harkawik,,-73.9913906,40.7156401,,https://www.harkawik.com,OpenStreetMap,node/11515450682,Requires manual review
,Harlem Artists' Development League Especially For You,,-73.944766,40.814867,"204 W. 134th Street, New York, 10030",,NYC DCLA,dcla-row-1048,Requires manual review
,Harlem Arts Alliance,,-73.945094,40.815902,"229 West 135th Street, New York, 10030",,NYC DCLA,dcla-row-1049,Requires manual review
,Harlem Arts Festival,,-73.941342,40.810159,"42 West 130th Street, New York, 10037",,NYC DCLA,dcla-row-1050,Requires manual review
,"Harlem Chamber Players, Inc.",,-73.954205,40.804826,"279 West 117th Street, NEW YORK, 10026",,NYC DCLA,dcla-row-1051,Requires manual review
,"Harlem Children's Zone, Inc.",,-73.941096,40.805934,"35 East 125th Street, New York, 10035",,NYC DCLA,dcla-row-1052,Requires manual review
,Harlem Educational Activities Fund,,-73.948582,40.808639,"2090 Adam Clayton Powell Jr. Blvd., 10th Fl., New York, 10027",,NYC DCLA,dcla-row-1053,Requires manual review
,Harlem Late Night Jazz Inc.,,-73.944463,40.827043,"435 Convent Ave, New York, 10031",,NYC DCLA,dcla-row-1056,Requires manual review
,Harlem Library,,-73.9433009,40.8061906,9 West 124th Street,https://www.nypl.org/locations/harlem,OpenStreetMap,way/271798673,Requires manual review
,"Harlem Needle Arts, Inc.",,-73.936058,40.812376,"2160 Madison Avenue, New York, 10037",,NYC DCLA,dcla-row-1057,Requires manual review
,"Harlem Opera Theater, Inc.",,-73.94633,40.823821,"425 West 144 St., NYC, New York, 10031",,NYC DCLA,dcla-row-1058,Requires manual review
,"Harlem Presents, Inc.",,-73.943234,40.827525,"418 West 150th Street, New York, 10031",,NYC DCLA,dcla-row-1059,Requires manual review
,"Harlem School of the Arts, Inc.",,-73.945652,40.82218,"645 Saint Nicholas Avenue, New York City, 10030",,NYC DCLA,dcla-row-1060,Requires manual review
,"Harlem Stage, Inc.",,-73.95102,40.818329,"150 Convent Avenue, New York, 10031",,NYC DCLA,dcla-row-1061,Requires manual review
,"Harlem Textile Works, Inc.",,-73.946309,40.823075,"62 Hamilton Terrace, New York, 10031",,NYC DCLA,dcla-row-1062,Requires manual review
,"HARLEM WEEK, INC.",,-73.943706,40.816176,"200A West 136th Street, New York, 10030",,NYC DCLA,dcla-row-1063,Requires manual review
,Harlem Wellness Center Inc.,,-73.961679,40.797852,"44 W 105th St., New York, 10025",,NYC DCLA,dcla-row-1064,Requires manual review
,"Harlem9, Inc.",,-73.945308,40.810221,"141 West 128th Street, New York, 10027",,NYC DCLA,dcla-row-1047,Requires manual review
,"Harmonia Opera Company, Inc.",,-73.982076,40.780408,"2109 Broadway, New York, 10023",,NYC DCLA,dcla-row-1065,Requires manual review
,"Harmonie Ensemble, Inc.",,-73.971438,40.797662,"820 West End Avenue, Ste. 13B, New York, 10025",,NYC DCLA,dcla-row-1066,Requires manual review
,"Harmony Program, Inc.",,-73.983037,40.764261,"244 West 54th Street, Suite 300, New York, 10019",,NYC DCLA,dcla-row-1067,Requires manual review
,Harper's Chelsea,,-74.0064084,40.747657,534 West 22nd Street,https://www.harpersgallery.com,OpenStreetMap,node/10861543612,Requires manual review
,Harper's Chelsea,,-74.0054315,40.7472321,512 West 22nd Street,https://www.harpersgallery.com,OpenStreetMap,node/10861543616,Requires manual review
,Harpsichord Unlimited,,-73.970146,40.79568,"215 W 98th St., Suite 2A, New York, 10025",,NYC DCLA,dcla-row-1068,Requires manual review
,Harrison Dry Cleaners,,-73.9471479,40.7003455,,,OpenStreetMap,node/5949303611,Requires manual review
,Harry Belafonte Library,,-73.9535305,40.8029767,203 West 115th Street,https://www.nypl.org/locations/115th-street,OpenStreetMap,way/271290752,Requires manual review
,"Harvestworks, Inc.",,-73.997121,40.725004,"596 Broadway, New York, 10012",,NYC DCLA,dcla-row-1069,Requires manual review
,Hashimoto Contemporary,,-73.9826995,40.7184451,210 Rivington Street,https://www.hashimotocontemporary.com/,OpenStreetMap,node/2826801779,Requires manual review
,Hauser & Wirth,,-74.0066657,40.7477523,542 West 22nd Street,https://www.hauserwirth.com/locations/10073-hauser-wirth-new-york-22nd-street/,OpenStreetMap,node/10861543611,Requires manual review
,Hauser & Wirth,,-73.9996082,40.7255943,134 Wooster Street,,OpenStreetMap,way/247850404,Requires manual review
,Haven Arts Inc.,,-73.926842,40.80656,"50 bruckner blvd, bronx, 10454",,NYC DCLA,dcla-row-1070,Requires manual review
,Hayden Planetarium,,-73.9733215,40.7813974,200 Central Park West,https://haydenplanetarium.org/,OpenStreetMap,node/4778356621,Requires manual review
,Hazel Incorporated,,-73.936842,40.85049,"720 West 181st Street, #31, New York, 10033",,NYC DCLA,dcla-row-1072,Requires manual review
,"HB Playwrights Foundation, Inc.",,-74.007556,40.73629,"122 Bank Street, New York, 10014",,NYC DCLA,dcla-row-1073,Requires manual review
,HB381,,-74.0031452,40.7181813,381 Broadway,https://hb381gallery.com,OpenStreetMap,node/8907715020,Requires manual review
,Headquarters Mechanical,,-73.9959213,40.6711711,62 12th Street,,OpenStreetMap,node/2550073133,Requires manual review
,Headshot Specialist,,-73.9830492,40.755694,1120 6th Avenue,https://www.headshotspecialist.com/,OpenStreetMap,node/13703645670,Requires manual review
,Healix Smartphone Repair,,-74.1161449,40.5737309,,,OpenStreetMap,node/10195939258,Requires manual review
,Heart of Brooklyn Cultural Institutions,,-73.962829,40.673023,"789 Washington Avenue, Brooklyn, 11238",,NYC DCLA,dcla-row-1075,Requires manual review
,"HEARTBEAT OPERA, LTD",,-73.973009,40.675123,"225 Lincoln Place, Apt 4A Brooklyn, NY 11217, Brooklyn, 11217",,NYC DCLA,dcla-row-1074,Requires manual review
,Heavenly Harvst Foundation,,-73.9871489,40.7431387,19 East 26th Street,https://heavenlyharvst.org/,OpenStreetMap,node/8255733883,Requires manual review
,Hebrew Home for the Aged at Riverdale,,-73.90897,40.908233,"5901 Palisade Ave, Bronx, 10471",,NYC DCLA,dcla-row-1076,Requires manual review
,Heights Cleaners & Tailors,,-73.9934324,40.6927828,150 Joralemon Street,https://heightscleanersandtailorsinc.com,OpenStreetMap,node/5788282987,Requires manual review
,Heights Woodworking,,-73.995324,40.6747424,55B 9th Street,https://heightswood.com,OpenStreetMap,node/6433148356,Requires manual review
,Helene Fuld College of Nursing,,-73.9434476,40.8023478,24 East 120th Street,https://www.helenefuld.edu/contact-us/,OpenStreetMap,way/1155884492,Requires manual review
,Hendrick I Lott House Preservation Association,,-73.932379,40.610664,"1940 East 36th Street, Brooklyn, 11234",,NYC DCLA,dcla-row-1078,Requires manual review
,Henick-Lane Service Corporation,,-73.936336,40.7419363,30-30 47th Avenue,https://henick-lane.com/,OpenStreetMap,node/13991865176,Requires manual review
,Henick-Lane Service Corporation,,-73.9361818,40.7427126,30-30 47th Avenue,https://henick-lane.com/,OpenStreetMap,node/13991865177,Requires manual review
,Henry Bookbinding Co.,,-73.9909487,40.7134429,135 Henry Street,,OpenStreetMap,node/6231514600,Requires manual review
,Henry Luce Nature Observatory,,-73.9688404,40.7792698,,https://www.centralpark.com/things-to-do/attractions/henry-luce-nature-observatory/,OpenStreetMap,node/12188861257,Requires manual review
,Henry Quentzel Plumbing Supply Co.,,-73.9421078,40.6903899,377 Throop Avenue,,OpenStreetMap,node/13912863401,Requires manual review
,Henry Street Settlement,,-73.984532,40.713857,"265 Henry Street, New York, 10002",,NYC DCLA,dcla-row-1079,Requires manual review
,Herbert Berghof Studio,,-74.007495,40.736299,"120 Bank Street, New York, 10014",,NYC DCLA,dcla-row-1080,Requires manual review
,"here there and EVERYwhere, Inc.",,-74.00189,40.715447,"80 Centre Street, New York, 10013",,NYC DCLA,dcla-row-1081,Requires manual review
,Heritage Art Galleries,,-74.1209013,40.6322896,,,OpenStreetMap,node/13023118448,Design-related museum or gallery
,Heritage Radio Network,,-73.933796,40.707133,"100 Bogart Street, Brooklyn, 11206",,NYC DCLA,dcla-row-1082,Requires manual review
,Hesse Flatow Gallery,,-74.0036085,40.7497344,508 West 26th Street,https://hesseflatow.com,OpenStreetMap,node/10861434361,Requires manual review
,Hetrick-Martin Institute,,-73.9925616,40.7298931,2 Astor Place,https://hmi.org,OpenStreetMap,node/9552593823,Requires manual review
,"Hetrick-Martin Institute, Inc.",,-73.992632,40.730038,"2 Astor Place, New York, 10003",,NYC DCLA,dcla-row-1083,Requires manual review
,Hey Clay,,-73.9884812,40.6773022,430 Carroll Street,https://heyclay.studio,OpenStreetMap,node/13942790049,Requires manual review
,Heyam 99¢ Plus,,-73.987335,40.6829044,209 Bond Street,,OpenStreetMap,way/248166481,Requires manual review
,HG Contemporary,,-74.0052494,40.748353,527 West 23rd Street,http://www.hgcontemporary.com,OpenStreetMap,node/6285350420,Requires manual review
,Hidden City,,-73.9845758,40.7401799,136 East 24th Street,https://www.hiddencitynyc.com,OpenStreetMap,node/2704048073,Requires manual review
,High Beam,,-74.0136702,40.6765314,,https://highbeam.nyc,OpenStreetMap,node/13468405520,Requires manual review
,High Bridge Library,,-73.9235479,40.8379548,78 West 168th Street,https://www.nypl.org/locations/high-bridge,OpenStreetMap,way/275351094,Requires manual review
,High Speed Electric,,-73.9813277,40.6424198,25 Story Street,,OpenStreetMap,node/9738560320,Requires manual review
,"High Tide Dance, Inc.",,-74.008051,40.710385,"139 Fulton Street, New York, 10038",,NYC DCLA,dcla-row-1088,Requires manual review
,Highbridge Voices Corporation,,-73.925346,40.84195,"1360 Merriam Ave, Bronx, 10452",,NYC DCLA,dcla-row-1084,Requires manual review
,Highlights In Jazz,,-73.975557,40.734474,"7 Peter Cooper Road, New York, 10010",,NYC DCLA,dcla-row-1086,Requires manual review
,Highly Over Violent Records,,-73.914387,40.82319,"825 Melrose Ave, Bronx, NY Apt 7E, New York City, 10451",,NYC DCLA,dcla-row-1087,Requires manual review
,Hillside Farm to Bagel,,-74.101248,40.5893863,,,OpenStreetMap,node/12964696489,Requires manual review
,Hindu Community Outreach,,-73.817419,40.752968,"45-57 Bowne Street, Flushing, 11355",,NYC DCLA,dcla-row-1089,Requires manual review
,Hindu Temple Society of North America,,-73.817419,40.752968,"45-57 Bowne Street, Flushing, 11355",,NYC DCLA,dcla-row-1090,Requires manual review
,Hip Hop Loves Foundation,,-73.947314,40.799512,"1390 5th Avenue, New York, 10026",,NYC DCLA,dcla-row-1093,Requires manual review
,Hip Hop Theatre Festival,,-73.978661,40.686754,"10 Lafayette Ave, Brooklyn, 11217",,NYC DCLA,dcla-row-1094,Requires manual review
,Hip to Hip Theatre Company,,-73.910905,40.747142,"5240 39th Dr, Woodside, 11377",,NYC DCLA,dcla-row-1095,Requires manual review
,Hip-Hop Association,,-73.991944,40.754296,"545 8th Avenue, New York, 10018",,NYC DCLA,dcla-row-1091,Requires manual review
,Hispanic Federation Inc.,,-74.011004,40.706221,"55 Exchange Place, fl 5, New York, 10005",,NYC DCLA,dcla-row-1096,Requires manual review
,Hispanic Organization of Latin Actors,,-73.986122,40.718943,"107 Suffolk Street, Suite 302, New York, 10002",,NYC DCLA,dcla-row-1097,Requires manual review
,Hispanic Society of America,,-73.946464,40.83306,"613 W 155th St, New York, 10032",,NYC DCLA,dcla-row-1098,Requires manual review
,Historic Aircraft Restoration Project - Hangar B,,-73.8829646,40.5948724,,,OpenStreetMap,way/285107125,Requires manual review
,"Historic Districts Council, Inc.",,-73.993937,40.748299,"231 West 29th Street, New York, 10001",,NYC DCLA,dcla-row-1099,DCLA Architecture/Design discipline
,Historic House Trust of New York City,,-73.970516,40.767711,"830 5th Avenue, New York, 10065",,NYC DCLA,dcla-row-1100,Requires manual review
,Historical Museum,,-74.1459552,40.571295,,,OpenStreetMap,way/248268973,Design-related museum or gallery
,"Hivewild Dance Company, INC",,-73.92242,40.695112,"1173 Greene Avenue, Brooklyn, 11221",,NYC DCLA,dcla-row-1101,Requires manual review
,HJ Glass & Aluminum,,-73.9931473,40.6696949,136 12th Street,,OpenStreetMap,way/248171233,Requires manual review
,HMH Iron Design,,-73.9955872,40.6743998,37B 9th Street,https://hmhirondesign.com,OpenStreetMap,node/6326532957,OpenStreetMap craft/workshop tag
,Hollis Taggart Gallery,,-74.0037594,40.7501299,521 West 26th Street,https://www.hollistaggart.com,OpenStreetMap,node/10861434355,Requires manual review
,Hollywood Cleaner,,-74.0138994,40.6414574,,,OpenStreetMap,node/10676992141,Requires manual review
,Holographic Studios NYC,,-73.9846926,40.7226517,172 East 2nd Street,https://www.holostudios.nyc/,OpenStreetMap,node/13527284801,Requires manual review
,Holyrood Church,,-73.937555,40.849038,"715 West 179th Street, New York, 10033",,NYC DCLA,dcla-row-1102,Requires manual review
,"Home for Contemporary Theatre & Art, Ltd.",,-74.004477,40.724971,"145 Sixth Avenue, New York, 10013",,NYC DCLA,dcla-row-1103,Requires manual review
,HomeServe,,-74.2376232,40.5374632,,,OpenStreetMap,node/12177294673,Requires manual review
,Honey's,,-73.9227883,40.7105126,93 Scott Avenue,,OpenStreetMap,node/5678495255,Requires manual review
,"Hook Arts Media, Inc.",,-74.016345,40.674431,"480 Van Brunt St, Brooklyn, 11231",,NYC DCLA,dcla-row-1105,Requires manual review
,Hook Fabrication,,-74.0084291,40.6791956,72 Verona Street,,OpenStreetMap,node/2827518427,Requires manual review
,Hootenanny,,-73.9819835,40.6583426,,https://hootenannybrooklyn.com,OpenStreetMap,node/11004254517,OpenStreetMap arts-centre tag
,"Horizon Concerts, Inc.",,-73.975464,40.752262,"420 Lexington Ave., Suite 300, New York, 10170",,NYC DCLA,dcla-row-1106,Requires manual review
,Horizon Theatre Rep,,-73.979053,40.748615,"117 East 37th St, New York, 10016",,NYC DCLA,dcla-row-1107,Requires manual review
,Horrmann Library,,-74.0939218,40.6154793,,,OpenStreetMap,way/247518038,Requires manual review
,Horsepower,,-74.0138141,40.6550969,4101 1st Avenue,https://www.horsepowernyc.com/,OpenStreetMap,way/249591590,Requires manual review
,Horticultural Society of New York,,-73.988237,40.752465,"148 West 37th Street, New York, 10018",,NYC DCLA,dcla-row-1108,Requires manual review
,Hostos Center for the Arts and Culture,,-73.9274623,40.8175297,450 Grand Concourse,,OpenStreetMap,node/4455068893,OpenStreetMap arts-centre tag
,"Hotel Savant Theatre Company, Inc.",,-73.976747,40.788007,"2350 Broadway, New York, 10024",,NYC DCLA,dcla-row-1109,Requires manual review
,"Hourglass Group, Ltd.",,-73.992417,40.753612,"520 Eighth Avenue, Suite 317a, New York, 10018",,NYC DCLA,dcla-row-1110,Requires manual review
,"House Foundation for the Arts, Inc.",,-74.00544,40.720404,"260 West Broadway, Suite #2, New York, 10013",,NYC DCLA,dcla-row-1111,Requires manual review
,House of SpeakEasy,,-73.986937,40.737229,"117 E 19th St, New York, 10010",,NYC DCLA,dcla-row-1112,Requires manual review
,Houses on the Moon Theater Company,,-73.971265,40.747985,"2 Tudor City Place, New York, 10017",,NYC DCLA,dcla-row-1114,Requires manual review
,"Housing Works Used Book Cafe, Inc.",,-73.996454,40.724496,"126 Crosby Street, New York, 10012",,NYC DCLA,dcla-row-1115,Requires manual review
,Howard Beach Branch Queens Borough Public Library,,-73.8418007,40.6638102,92-06 156th Avenue,https://www.queenslibrary.org/about-us/locations/howard-beach,OpenStreetMap,way/285147485,Requires manual review
,"Howard Otway and Florence Otway Opportunity Project, Inc.",,-73.985922,40.72785,"80 St. Marks Place, New York, 10003",,NYC DCLA,dcla-row-1116,Requires manual review
,"Howl Arts, Inc.",,-73.991947,40.724757,"6 East First Street, New York, 10003",,NYC DCLA,dcla-row-1117,Requires manual review
,Howl! Happening,,-73.9916906,40.7247539,,https://www.howlarts.org,OpenStreetMap,node/11760991013,Design-related museum or gallery
,"Hudson Guild, Inc.",,-74.001815,40.749196,"441 West 26th Street, New York, 10001",,NYC DCLA,dcla-row-1118,Requires manual review
,Hudson Park Library,,-74.0053034,40.7299292,66 Leroy Street,https://www.nypl.org/locations/hudson-park,OpenStreetMap,way/249665559,Requires manual review
,"Hudson Review, Inc.",,-73.979348,40.773491,"33 West 67th Street, New York, 10023",,NYC DCLA,dcla-row-1119,Requires manual review
,Hues Cell,,-73.8697515,40.7500735,,,OpenStreetMap,node/13387059731,Requires manual review
,Huguenot Park Library,,-74.1932327,40.5340574,830 Huguenot Avenue,https://www.nypl.org/locations/huguenot-park,OpenStreetMap,way/248258644,Requires manual review
,human future dance corps,,-73.987401,40.728956,"140 Second Avenue, New York, 10003",,NYC DCLA,dcla-row-1121,Requires manual review
,Human Impacts Institute,,-73.954819,40.709693,"312 South 3rd Street, Apt7, BROOKLYN, 11211",,NYC DCLA,dcla-row-1122,Requires manual review
,Hunt's Point Library,,-73.894132,40.818685,877 Southern Boulevard,https://www.nypl.org/locations/hunts-point,OpenStreetMap,way/275979611,Requires manual review
,Hunter College,,-73.9645226,40.7681753,695 Park Avenue,https://hunter.cuny.edu,OpenStreetMap,way/108156814,Requires manual review
,Hunter Dunbar Projects,,-74.0049963,40.748787,524 West 24th Street,https://www.hunterdunbarprojects.com,OpenStreetMap,node/10859974165,Requires manual review
,Hunters Point Library,,-73.9580332,40.7452891,47-40 Center Boulevard,https://www.queenslibrary.org/about-us/locations/hunters-point,OpenStreetMap,way/707016713,Requires manual review
,Huntington Free Library and Reading Room,,-73.8436811,40.839935,,,OpenStreetMap,node/368049415,Requires manual review
,Hunts Point Alliance for Children,,-73.890277,40.816486,"1231 Lafayette Avenue, SB, New York, 10474",,NYC DCLA,dcla-row-1126,Requires manual review
,HVAC Premium,,-73.9543315,40.6959898,101 Walworth Street,https://hvacpremium.com/,OpenStreetMap,node/9756564144,Requires manual review
,Hydraulics Mechanical Inc,,-73.7478161,40.735396,222-24 Union Turnpike,,OpenStreetMap,node/2871357630,Requires manual review
,Hylan Boulevard Building Material Supply,,-74.0731851,40.5976656,,,OpenStreetMap,node/13186710898,Requires manual review
,"Hypercube Ensemble, Inc.",,-73.920997,40.736461,"50-50 45th St, Basement, Woodside, 11377",,NYC DCLA,dcla-row-1127,Requires manual review
,I Cantori di New York,,-74.009869,40.709932,"176 Broadway APT 15D, New York, 10038",,NYC DCLA,dcla-row-1130,Requires manual review
,"I Giullari di Piazza, Inc",,-73.963074,40.804033,"1047 Amsterdam Avenue, New York, 10025",,NYC DCLA,dcla-row-1136,Requires manual review
,I'm From Driftwood,,-73.958424,40.718261,"144 North 7th Street, Brooklyn, 11249",,NYC DCLA,dcla-row-1128,Requires manual review
,I'RAISE Girls & Boys International Corporation,,-73.864749,40.880178,"3640 White Plains Road, Bronx, 10467",,NYC DCLA,dcla-row-1129,Requires manual review
,Ice Age Mechanical,,-74.0099276,40.6529474,274 41st Street,,OpenStreetMap,node/10238973159,Requires manual review
,"Ice Theatre of New York, Inc.",,-74.008496,40.747999,"62 CHELSEA PIERS, SUITE 308, NEW YORK, 10011",,NYC DCLA,dcla-row-1131,Requires manual review
,"Iconos Kids, Inc.",,-73.837717,40.866024,"1660E Gun Hill Rd., Bronx, 10469",,NYC DCLA,dcla-row-1132,Requires manual review
,ID Studio Theater Performance and Research Center,,-73.924654,40.81156,"311  E 140 ST, Bronx, 10454",,NYC DCLA,dcla-row-1133,Requires manual review
,id Theatre Inc,,-73.991384,40.730169,"143 E. 8th Street, Brooklyn, 11218",,NYC DCLA,dcla-row-1134,Requires manual review
,"Ifetayo Cultural Arts Academy, Inc.",,-73.955683,40.668945,"1561 BEDFORD AVE 2ND FLOOR, Brooklyn, 11225",,NYC DCLA,dcla-row-1135,Requires manual review
,iFix NYC,,-73.9226627,40.6896937,,,OpenStreetMap,node/11085570808,Requires manual review
,iFix Tech Service Center,,-73.9630599,40.5770921,402 Brighton Beach Avenue,https://ifixtechllc.com,OpenStreetMap,node/11987928034,Requires manual review
,"iLAND, Inc.",,-73.987401,40.728956,"140 Second Avenue, New York, 10003",,NYC DCLA,dcla-row-1138,Requires manual review
,Illesteva,,-73.9958556,40.7235155,49 Prince Street,,OpenStreetMap,node/12488376105,Requires manual review
,IlluminArt Productions,,-74.104753,40.645075,"1000 Richmond Ter, Staten Island, 10301",,NYC DCLA,dcla-row-1139,Requires manual review
,iLook Eyewear,,-73.9981113,40.7160337,64 A Mott Street,,OpenStreetMap,node/11738977653,Requires manual review
,ImageNation Film Festival,,-73.939759,40.821938,"211 W. 145th St., #4F, New York, 10039",,NYC DCLA,dcla-row-1140,Requires manual review
,Imani Winds Foundation,,-73.944961,40.810073,"123 W 128th Street Apt. 1, New York, 10027",,NYC DCLA,dcla-row-1143,Requires manual review
,Immaterial Incorporated,,-73.987128,40.68462,"181 Wyckoff Street, Brooklyn, 11217",,NYC DCLA,dcla-row-1144,Requires manual review
,Immediate Medium,,-73.950183,40.711053,"525 Grand St, Brooklyn, 11211",,NYC DCLA,dcla-row-1145,Requires manual review
,Immigrant Adult Support Center,,-73.964022,40.653695,"10 St. Paul Place, Brooklyn, 11226",,NYC DCLA,dcla-row-1146,Requires manual review
,"Immigrant Social Services, Inc.",,-73.990827,40.71333,"137 Henry Street, New York, 10002",,NYC DCLA,dcla-row-1148,Requires manual review
,"Impact Theatre, Inc.",,-73.968755,40.797538,"210 W. 101st St. #2B, NYC, 10025",,NYC DCLA,dcla-row-1149,Requires manual review
,Imperial Dec. Inc. Upholstering,,-73.8579059,40.6924807,86-06 Jamaica Avenue,,OpenStreetMap,node/5465542615,Requires manual review
,"InCollaboration, Inc.",,-73.93663,40.749915,"29-27 Queens Plaza North, Long Island City, 11101",,NYC DCLA,dcla-row-1150,Requires manual review
,"Incorporation of Artists on the Move, Inc.",,-73.951759,40.801185,"118 West 114th Street, 1E, New York, 10026",,NYC DCLA,dcla-row-1151,Requires manual review
,Independent Curators International,,-74.002482,40.71871,"401 Broadway, New York, 10013",,NYC DCLA,dcla-row-1152,Requires manual review
,"Independent Feature Project, Inc.",,-73.989602,40.70273,"55 Washington St., Brooklyn, 11201",,NYC DCLA,dcla-row-1153,Requires manual review
,India Center,,-73.987427,40.744521,"244 5th Avenue, New York, 10001",,NYC DCLA,dcla-row-1155,Requires manual review
,"IndieSpace, Inc.",,-73.907105,40.7624,"48-15 28th Avenue, Astoria, 11103",,NYC DCLA,dcla-row-1157,Requires manual review
,Indigo2Ash,,-73.986952,40.6822662,,https://indigo2ash.com,OpenStreetMap,node/6374870788,Requires manual review
,"Indo-American Arts Council, Inc.",,-73.985835,40.746679,"303 5th Avenue, New York, 10016",,NYC DCLA,dcla-row-1158,Requires manual review
,"Indochina Sino-American Senior Citizen Center, Inc.",,-73.991385,40.721238,"170 Forsyth St, 2nd Fl, New York, 10002",,NYC DCLA,dcla-row-1159,Requires manual review
,Indochino,,-73.9926429,40.6887416,,https://www.indochino.com/showroom/brooklyn,OpenStreetMap,node/6374724266,Requires manual review
,Industrial Glass Laminating,,-73.9936793,40.6699512,120 12th Street,https://www.iglaminating.net,OpenStreetMap,way/248171216,OpenStreetMap craft/workshop tag
,Industrial Tempered Glass,,-73.983851,40.6811818,170 3rd Avenue,,OpenStreetMap,way/248156980,OpenStreetMap craft/workshop tag
,IndyKids,,-73.968726,40.629262,"811 Avenue H, Brooklyn, 11230",,NYC DCLA,dcla-row-1160,Requires manual review
,"Infinity Dance Theater Company, Ltd.",,-73.972622,40.792475,"220 West 93rd Street, Apt. 6C, New York, 10025",,NYC DCLA,dcla-row-1161,Requires manual review
,Infopower International Inc.,,-73.75108,40.600262,"18-17 Gateway Blvd, Far Rockaway, 11691",,NYC DCLA,dcla-row-1162,Requires manual review
,Inner City Electrical Contractors,,-73.9963614,40.6629738,,,OpenStreetMap,node/8322376653,Requires manual review
,"Innovative Charitable Initiative, Inc.",,-73.95564,40.814216,"1361 Amsterdam Avenue, New York, 10027",,NYC DCLA,dcla-row-1163,Requires manual review
,"Inoue Chamber Ensemble, Inc.",,-73.965686,40.808999,"440 Riverside Drive, Suite 126, New York, 10027",,NYC DCLA,dcla-row-1165,Requires manual review
,Inquiring Minds Institute,,-73.970804,40.687886,"321 Adelphi Street, Brooklyn, 11205",,NYC DCLA,dcla-row-1167,Requires manual review
,"Inside Change from Within, Inc.",,-73.994343,40.721153,"8 Spring Street, New York City, 10012",,NYC DCLA,dcla-row-1168,Requires manual review
,Inspiring Minds of New York City Inc.,,-73.956383,40.684631,"410 Franklin Avenue, Brooklyn, 11238",,NYC DCLA,dcla-row-1169,Requires manual review
,Institute for Multicultural Communication Coop & Development,,-73.980932,40.754371,"4 West 43rd St, New York, 10036",,NYC DCLA,dcla-row-1170,Requires manual review
,Institute for Public Architecture,,-73.989773,40.739109,"900 Broadway, New York, 10003",,NYC DCLA,dcla-row-1171,DCLA Architecture/Design discipline
,Institute for the Study of the Ancient World,,-73.9602334,40.7799803,15 East 85th Street,https://isaw.nyu.edu/,OpenStreetMap,way/266934250,Requires manual review
,Institute of Audio Research,,-73.9937706,40.7330264,64 University Place,,OpenStreetMap,node/3497534430,Requires manual review
,"Instituto Arte Teatral Internacional, Inc.",,-73.99058,40.72667,"64 E 4th St, New York, 10003",,NYC DCLA,dcla-row-1172,Requires manual review
,Insulation Builders,,-73.9486285,40.6120469,3701 Bedford Avenue,https://insulation.builders/,OpenStreetMap,node/11403985550,Requires manual review
,"Inta, Inc.",,-73.949932,40.77119,"505 East 79th Street, New York, 10075",,NYC DCLA,dcla-row-1173,Requires manual review
,Inter Connection Electric,,-74.1486668,40.6318023,,,OpenStreetMap,node/13129749457,Requires manual review
,INTER IAM,,-74.002133,40.7193369,415 Broadway,https://interiam.co/,OpenStreetMap,node/12613104101,OpenStreetMap arts-centre tag
,"Interactive Drama for Education and Awareness in Schools, Inc.",,-73.992966,40.676625,"98 4th Street, Ste. 305, Brooklyn, 11231",,NYC DCLA,dcla-row-1174,Requires manual review
,Intercomm,,-73.9082817,40.7062622,584 Woodward Avenue,,OpenStreetMap,node/9886306365,Requires manual review
,"Intercultural Alliance of Artists & Scholars, Inc.",,-73.827623,40.770685,"140-21 31st Road, 4G, Flushing, 11354",,NYC DCLA,dcla-row-1175,Requires manual review
,Interfaith League of Devotees,,-73.988163,40.723661,"25 First Avenue, New York, 10003",,NYC DCLA,dcla-row-1176,Requires manual review
,Interference Archive,,-73.9857817,40.6704879,314 7th Street,https://interferencearchive.org,OpenStreetMap,node/5939543363,Design-related library
,International African Arts Festival,,-73.94593,40.680186,"1360 Fulton Street, Brooklyn, 11216",,NYC DCLA,dcla-row-1178,Requires manual review
,"International Arts Relations, Inc.",,-73.990971,40.765964,"500 West 52nd Street, New York, 10019",,NYC DCLA,dcla-row-1181,Requires manual review
,International Association of Art Critics American Section,,-73.961245,40.762565,"330 East 63rd Street, New York, 10065",,NYC DCLA,dcla-row-1182,Requires manual review
,International Brazilian Opera Company,,-73.955379,40.800262,"203 W 111 St 4A, New York, 10026",,NYC DCLA,dcla-row-1184,Requires manual review
,International Caterers,,-73.8190308,40.8463135,3243 Ampere Avenue,,OpenStreetMap,node/5209311655,Requires manual review
,International Caterers,,-73.8190918,40.8463135,3243 Ampere Avenue,,OpenStreetMap,node/5566441643,Requires manual review
,International Center of Photography,,-73.9891854,40.7182002,84 Ludlow Street,https://www.icp.org,OpenStreetMap,node/9371206934,Design-related museum or gallery
,International Center of Photography,,-73.989336,40.718142,"84 Ludlow Street, New York, 10002",,NYC DCLA,dcla-row-1185,Design-related name in DCLA Museum discipline
,"International Contemporary Ensemble Foundation, Inc.",,-73.974421,40.685488,"80 Hanson Pl, Brooklyn, 11217",,NYC DCLA,dcla-row-1186,Requires manual review
,International Evangelistic Women Workers,,-73.9646101,40.683976,481 Washington Avenue,,OpenStreetMap,way/250331116,Requires manual review
,"International Film Seminars, Inc.",,-73.983247,40.731648,"335 East 14th Street, New York, 10009",,NYC DCLA,dcla-row-1187,Requires manual review
,International Girls Ensemble,,-73.940073,40.818727,"174 West 141st Street 4R, New York, 10030",,NYC DCLA,dcla-row-1188,Requires manual review
,International Human Rights Art Festival,,-73.891836,40.744153,"4142 73rd Street, Woodside, 11377",,NYC DCLA,dcla-row-1189,Requires manual review
,International Masonry Institute,,-73.9477177,40.7498348,12-07 44th Avenue,,OpenStreetMap,node/10679430704,Requires manual review
,International Print Center New York,,-74.005042,40.748936,"535 W 24th St, New York, 10011",,NYC DCLA,dcla-row-1190,Requires manual review
,International Society for the Performing Arts Foundation,,-73.991449,40.760038,"630 9th Avenue, New York, 10036",,NYC DCLA,dcla-row-1191,Requires manual review
,International Studio & Curatorial Program,,-73.9347032,40.714248,1040 Metropolitan Avenue,https://iscp-nyc.org,OpenStreetMap,node/6343168219,Design-related museum or gallery
,International Studio and Curatorial Program,,-73.934803,40.714429,"1040 Metropolitan Avenue, Brooklyn, 11211",,NYC DCLA,dcla-row-1192,Design-related name in DCLA Visual Arts discipline
,International Welding Corp,,-73.9843214,40.6458221,,,OpenStreetMap,node/9448468468,Requires manual review
,International Youth Leadership Institute,,-73.945496,40.809488,"127 West 127 Street, New York, 10027",,NYC DCLA,dcla-row-1193,Requires manual review
,Intrepid Museum,,-73.9995256,40.7645198,86 West 46th Street,https://www.intrepidmuseum.org/,OpenStreetMap,way/265357846,Design-related museum or gallery
,Invisible Dog Arts & Events Space,,-73.991245,40.6871816,,https://www.theinvisibledog.org,OpenStreetMap,node/3613543981,OpenStreetMap arts-centre tag
,Inwood Art Works Inc,,-73.916447,40.872003,"97 Park Ter W, New York City, 10034",,NYC DCLA,dcla-row-1195,Requires manual review
,Inwood Library,,-73.9258248,40.8657116,4790 Broadway,https://www.nypl.org/locations/inwood,OpenStreetMap,way/275118436,Requires manual review
,Ira's Golden Nugget,,-73.9154177,40.7636121,30-14 Steinway Street,,OpenStreetMap,node/5395610881,Requires manual review
,IRepair Xpert,,-74.1656162,40.5821095,,,OpenStreetMap,way/904169931,Requires manual review
,Irish Arts Center,,-73.9937765,40.7666672,,,OpenStreetMap,node/368045862,OpenStreetMap arts-centre tag
,"Irish Repertory Theatre Company, Inc.",,-73.99437,40.74268,"132 West 22nd Street, New York, 10011",,NYC DCLA,dcla-row-1196,Requires manual review
,IRL Gallery,,-74.0013332,40.7182733,86 Walker Street,https://www.irl-nyc.com/,OpenStreetMap,node/12559432405,OpenStreetMap arts-centre tag
,Iron Works Pilatasig,,-74.0044007,40.6857304,71 Sackett Street,http://ironworkspilatasig.com,OpenStreetMap,way/248152689,Requires manual review
,"Irondale Productions, Inc.",,-73.97357,40.686942,"85 S. Oxford St., New York, 11217",,NYC DCLA,dcla-row-1197,Requires manual review
,"IRT Theater, Inc.",,-74.008129,40.73273,"154 Christopher Street, New York, 10014",,NYC DCLA,dcla-row-1198,Requires manual review
,Isadora Duncan Dance Foundation,,-73.992674,40.745343,"141 West 26th Street, 3rd Floor, New York, 10001",,NYC DCLA,dcla-row-1199,Requires manual review
,Isamu Noguchi Foundation and Garden Museum,,-73.937405,40.767243,"32-37 Vernon Boulevard, Long Island City, 11106",,NYC DCLA,dcla-row-1200,Design-related name in DCLA Museum discipline
,Island Entertainment,,-74.1007598,40.5913345,,,OpenStreetMap,node/12964696507,Requires manual review
,island nyc,,-73.9954421,40.7167915,83 Bowery,https://island83.gallery/,OpenStreetMap,node/12228581278,Requires manual review
,"Issue Project Room, Inc.",,-73.989384,40.690903,"22 Boerum Place, Brooklyn, 11201",,NYC DCLA,dcla-row-1203,Requires manual review
,Italian American Museum,,-73.997523,40.719105,151 Mulberry Street,https://italianamericanmuseum.org/,OpenStreetMap,node/4332192139,Design-related museum or gallery
,Italian American Museum,,-73.997457,40.719021,"151 Mulberry Street, New York, 10013",,NYC DCLA,dcla-row-1204,Design-related name in DCLA Museum discipline
,Italo,,-74.1132189,40.6295576,,,OpenStreetMap,node/11667208436,Requires manual review
,J & A Iron Work,,-74.0025116,40.6569746,,,OpenStreetMap,node/8303908032,Requires manual review
,J & L Stainless & Iron Work,,-73.9986941,40.6482679,725 39th Street,,OpenStreetMap,node/9750252961,Requires manual review
,J & M Construction and HVAC,,-73.8988052,40.7016683,60-01 70th Avenue,https://www.jmconstructionac.com,OpenStreetMap,node/11882900964,Requires manual review
,J & T Upholstery,,-73.9101652,40.7055814,560 Onderdonk Avenue,,OpenStreetMap,node/5759360698,Requires manual review
,"J CHEN PROJECT, Inc",,-73.990871,40.760858,"661 9th Ave, Apt D, New York, 10036",,NYC DCLA,dcla-row-1229,Requires manual review
,J R Cellphone Repairs,,-73.9124991,40.7001246,264 Wyckoff Avenue,,OpenStreetMap,node/5567736812,Requires manual review
,J&A Fabrics,,-74.028264,40.6188891,,https://jafabrics.com/,OpenStreetMap,node/10874803319,Requires manual review
,J&D Iron Works,,-74.0073069,40.6800762,55 Commerce Street,,OpenStreetMap,node/2827518418,Requires manual review
,"J'Ouvert City International, Inc.",,-73.972702,40.684186,"13 Atlantic Commons, Brooklyn, 11217",,NYC DCLA,dcla-row-1206,Requires manual review
,J-Collabo,,-73.9863455,40.6706406,300-302 7th Street,https://www.j-collabo.org,OpenStreetMap,way/629237094,Design-related community or association
,Jack,,-73.9610769,40.6826381,,https://www.jackny.org,OpenStreetMap,node/9962140858,OpenStreetMap arts-centre tag
,"Jack Arts, Inc.",,-73.961125,40.682745,"20 Putnam Avenue, Brooklyn, 11238",,NYC DCLA,dcla-row-1207,Requires manual review
,JACK Music Inc,,-73.939899,40.84689,"350 Fort Washington Ave, New York, 10033",,NYC DCLA,dcla-row-1210,Requires manual review
,Jack Shainman Gallery,,-74.0062412,40.7462478,513 West 20th Street,https://jackshainman.com,OpenStreetMap,node/10873196745,Requires manual review
,Jack Shainman Gallery,,-74.0029281,40.7161164,46 Lafayette,https://jackshainman.com/,OpenStreetMap,node/13414765843,Requires manual review
,Jackie Robinson Museum,,-74.0068809,40.7231769,75 Varick Street,https://www.jackierobinsonmuseum.org,OpenStreetMap,node/9960173554,Design-related museum or gallery
,Jackie Robinson Park Conservancy,,-73.942229,40.824198,"85-89 Bradhurst Avenue, New York, 10039",,NYC DCLA,dcla-row-1209,Requires manual review
,"Jackson Heights Art Club, Inc.",,-73.885213,40.754645,"33-50 82nd Street, Jackson Heights, NY 11372, 11372",,NYC DCLA,dcla-row-1211,Design-related name in DCLA Visual Arts discipline
,Jackson Heights Branch Queens Library,,-73.885056,40.7501935,35-51 81st Street,https://www.queenslibrary.org/about-us/locations/jackson-heights,OpenStreetMap,way/250586259,Requires manual review
,"Jacques Marchais Center of Tibetan Arts, Inc.",,-74.138645,40.576285,"338 Lighthouse Avenue, Staten Island, 10306",,NYC DCLA,dcla-row-1213,Design-related name in DCLA Museum discipline
,Jacques Marchais Museum of Tibetan Art,,-74.1381567,40.5763101,338 Lighthouse Avenue,https://www.tibetanmuseum.org/,OpenStreetMap,way/246244299,Design-related museum or gallery
,Jamaica Bay Branch Brooklyn Public Library,,-73.8893001,40.6344911,9727 Seaview Avenue,,OpenStreetMap,way/249961526,Requires manual review
,Jamaica Center for Arts & Learning,,-73.7981728,40.7039215,161-04 Jamaica Avenue,https://www.jcal.org,OpenStreetMap,node/368045830,OpenStreetMap arts-centre tag
,"Jamaica Center for Arts & Learning, Inc.",,-73.798437,40.704025,"161-04 Jamaica Avenue, Jamaica, 11432",,NYC DCLA,dcla-row-1214,Requires manual review
,Jamel Gaines Creative Outlet Inc,,-73.973221,40.685073,"138 South Oxford Street, Brooklyn, 11217",,NYC DCLA,dcla-row-1215,Requires manual review
,"JAMES BALDWIN OUTDOOR LEARNING CENTER, INC.",,-73.910207,40.892614,"600 West 246th St., Bronx, 10471",,NYC DCLA,dcla-row-1216,Requires manual review
,James Beard Foundation,,-73.994667,40.737333,"34 West 15th Street, New York, 10011",,NYC DCLA,dcla-row-1217,Requires manual review
,James Fuentes LLC,,-73.9911739,40.7191881,55 Delancey Street,https://jamesfuentes.com/,OpenStreetMap,node/6256784609,Requires manual review
,James Lewis Electrical,,-73.9266848,40.6626419,995 Rutland Road;Rutland Rd,https://www.jameslewiselectrical.com/,OpenStreetMap,node/2566737246,Requires manual review
,Janet Borden,,-73.9909792,40.7033514,91 Water Street,https://janetbordeninc.com/,OpenStreetMap,node/419361418,Requires manual review
,"Japan Society, Inc.",,-73.968404,40.75236,"333 E 47th St, New York, 10017",,NYC DCLA,dcla-row-1220,Requires manual review
,"Japanese Folk Dance Institute of New York, Inc.",,-73.979161,40.713732,"568 Grand St. Apt. J1206, New York, 10002",,NYC DCLA,dcla-row-1218,Requires manual review
,Jay & Jay Sheet Metal Co.,,-74.150949,40.63687,,,OpenStreetMap,node/13188809580,Requires manual review
,"Jazz at Lincoln Center, Inc.",,-73.981968,40.766835,"3 Columbus Circle, New York, 10019",,NYC DCLA,dcla-row-1221,Requires manual review
,"Jazz Bytes, Inc.",,-73.949765,40.78745,"1539 Lexington Avenue, Apt. 5E, New York, 10029",,NYC DCLA,dcla-row-1222,Requires manual review
,Jazz Drama Program,,-73.917383,40.868979,"5030 Broadway, New York, 10034",,NYC DCLA,dcla-row-1223,Requires manual review
,"Jazz Foundation of America, Inc.",,-73.990594,40.753475,"247 West 37th Street, Suite 201, New York, 10018",,NYC DCLA,dcla-row-1224,Requires manual review
,Jazz Gallery,,-73.988513,40.744489,"1158 Broadway, New York, 10001",,NYC DCLA,dcla-row-1225,Requires manual review
,"Jazz Passengers Music Projects, Inc",,-73.963494,40.636353,"559 Marlborough Rd, Brooklyn, 11226",,NYC DCLA,dcla-row-1227,Requires manual review
,"Jazzmobile, Inc.",,-73.947524,40.808644,"163 W 125th St, New York, 10027",,NYC DCLA,dcla-row-1226,Requires manual review
,JazzReach Performing Arts and Education Association,,-73.990702,40.702659,"42 Main St, Brooklyn, 11201",,NYC DCLA,dcla-row-1228,Requires manual review
,Jefferson Market Library,,-73.9991474,40.7345783,425 Avenue Of The Americas,https://www.nypl.org/locations/jefferson-market,OpenStreetMap,way/249664014,Requires manual review
,Jeffrey Deitch,,-74.002655,40.7219434,76 Grand Street,https://www.deitch.com/new-york/exhibitions,OpenStreetMap,node/11066047179,Requires manual review
,Jem Woodwork,,-73.9543979,40.6932743,407 Willoughby Avenue,,OpenStreetMap,node/6876268362,Requires manual review
,Jerome Park Library,,-73.9012146,40.8690366,118 Eames Place,https://www.nypl.org/locations/jerome-park,OpenStreetMap,way/276327215,Requires manual review
,Jewish Children's Learning Lab,,-74.006456,40.746215,"515 West 20th Street, New York, 10011",,NYC DCLA,dcla-row-1230,Requires manual review
,Jewish Children's Museum,,-73.941736,40.669369,"792 Eastern Pkwy, Brooklyn, 11213",,NYC DCLA,dcla-row-1231,Design-related name in DCLA Museum discipline
,Jewish Childrens Museum,,-73.9419611,40.6688925,792 Eastern Parkway,https://www.jcm.museum/,OpenStreetMap,way/250220500,Design-related museum or gallery
,"Jewish Community Center in Manhattan, Inc.",,-73.979891,40.781014,"334 Amsterdam Avenue, New York, 10023",,NYC DCLA,dcla-row-1232,Requires manual review
,Jewish Community Center of Staten Island,,-74.0887846,40.630704,,,OpenStreetMap,node/13190912787,Requires manual review
,"Jewish Community Center of Staten Island, Inc.",,-74.125393,40.594916,"1466 Manor Road, Staten Island, 10314",,NYC DCLA,dcla-row-1233,Requires manual review
,Jewish Community Council of Greater Coney Island,,-74.002509,40.573177,"3001 West 37th Street, New York, 11224",,NYC DCLA,dcla-row-1234,Requires manual review
,"Jewish Community Council of Pelham Parkway, Inc.",,-73.86574,40.855218,"2157 Holland Avenue, Bronx, 10462",,NYC DCLA,dcla-row-1235,Requires manual review
,Jewish Community Council of the RockawayPeninsula,,-73.751391,40.605645,"1525 Central Avenue, Far Rockaway, 11691",,NYC DCLA,dcla-row-1236,Requires manual review
,Jewish Museum,,-73.957263,40.785298,"1109 Fifth Avenue, New York, 10128",,NYC DCLA,dcla-row-1238,Design-related name in DCLA Museum discipline
,Jewish Plays Project,,-73.959281,40.661834,"53 Lefferts Ave, Brooklyn, 11225",,NYC DCLA,dcla-row-1239,Requires manual review
,Jewish Theological Seminary,,-73.9602623,40.8119076,,,OpenStreetMap,way/137339450,Requires manual review
,Jin's Cleaners,,-73.958905,40.6690737,999 President Street,,OpenStreetMap,node/9429324278,Requires manual review
,"Jiva Performing Arts, Inc.",,-73.94609,40.74564,"22-44 Jackson Avenue, Long Island City, 11101",,NYC DCLA,dcla-row-1241,Requires manual review
,JJ Murphy Gallery,,-73.9903883,40.7219332,53 Stanton Street,https://jjmurphygallery.com/,OpenStreetMap,node/12022102856,Requires manual review
,JK Cleaners,,-73.9960197,40.7228775,,,OpenStreetMap,node/2547243340,Requires manual review
,Jo-Vin,,-73.8505814,40.6943284,94-23 Jamaica Avenue,https://www.jo-vin.com/,OpenStreetMap,node/5406251862,Requires manual review
,"Joan Miller and the Chamber Arts Dance Players, Inc.",,-73.941359,40.852295,"1380 Riverside Drive, #10B, New York, 10033",,NYC DCLA,dcla-row-1242,Requires manual review
,Joanne Trattoria,,-73.9802971,40.7745302,70 West 68th Street,https://joannenyc.com/,OpenStreetMap,node/5939542595,Requires manual review
,"Jody Sperling Time Lapse Dance, Inc.",,-73.971196,40.798027,"825 West End Avenue #13G, New York, 10025",,NYC DCLA,dcla-row-1243,Requires manual review
,Joe's Italian Restaurant,,-73.9032378,40.7074864,6611 Forest Avenue,https://joesrestaurantny.com/,OpenStreetMap,node/5418888909,Requires manual review
,Joel Customs Auto Upholstery,,-73.8337874,40.6926584,,,OpenStreetMap,node/11905152247,Requires manual review
,John Bowne House,,-73.8248834,40.7628819,37-01 Bowne Street,https://www.bownehouse.org,OpenStreetMap,way/284556746,Requires manual review
,John Hlad Plumbling & Heating,,-74.0002676,40.660645,154 26th Street,https://johnhladplumbingandheating.godaddysites.com,OpenStreetMap,way/249606302,Requires manual review
,John Jay College Foundation,,-73.990657,40.770009,"555 W 57th Street, New York, 10019",,NYC DCLA,dcla-row-1244,Requires manual review
,John Jay College of Criminal Justice,,-73.9892568,40.7707051,,https://www.jjay.cuny.edu/,OpenStreetMap,way/330742285,Requires manual review
,John's Bros Liquor Store,,-73.9633766,40.6491947,1718 Church Avenue,,OpenStreetMap,node/10294003836,Requires manual review
,Johnathan Metal & Glass,,-73.7799944,40.704628,178-16 104th Avenue,https://www.jmg-nyc.com,OpenStreetMap,node/11872240294,Requires manual review
,"Jon Lehrer Dance, Inc.",,-73.914155,40.759172,"44-14 Newtown Road, Astoria, 11103",,NYC DCLA,dcla-row-1246,Requires manual review
,"Jonah Bokaer Arts Foundation, Inc.",,-73.93542,40.70675,"304 Boerum Street, Brooklyn, 11206",,NYC DCLA,dcla-row-1245,Requires manual review
,Jonathan Services,,-73.9809323,40.7471936,7 Park Avenue,,OpenStreetMap,node/9807086555,Requires manual review
,"Jose Limon Dance Foundation, Inc.",,-73.943644,40.829329,"466 West 152nd Street, 2nd Fl, New York City, 10031",,NYC DCLA,dcla-row-1247,Requires manual review
,Joseph Gheraldi Playwright's Theatre,,-74.087239,40.594306,"252 Reid Avenue, New York, 10305",,NYC DCLA,dcla-row-1248,Requires manual review
,Joseph Hall & Son Monuments,,-74.2139074,40.5239241,,,OpenStreetMap,node/7799768765,Requires manual review
,Joseph O'Grady,,-73.8371166,40.5793145,181 Beach 116th Street,,OpenStreetMap,node/7194158066,Requires manual review
,"Josephine Herrick Project, Inc.",,-74.005136,40.708769,"64 Fulton St, New York, 10038",,NYC DCLA,dcla-row-1249,Requires manual review
,"Joyce Theater Foundation, Inc.",,-74.000346,40.742757,"175 Eighth Avenue, New York, 10011",,NYC DCLA,dcla-row-1250,Requires manual review
,"Jozef Pilsudski Institute of America for Research in Modern History of Poland, Inc.",,-73.95535,40.730084,"138 Greenpoint Ave, New York, 11222",,NYC DCLA,dcla-row-1251,Requires manual review
,JPS Marble Granite,,-74.1223725,40.6384442,,,OpenStreetMap,node/12990558334,Requires manual review
,JR&S Ironworks Corp.,,-73.78832,40.7036229,,,OpenStreetMap,node/11948498570,Requires manual review
,JS Noble Cleaners,,-73.9950574,40.684471,,,OpenStreetMap,node/8492099516,Requires manual review
,JSK Cleaners,,-73.9555633,40.6813861,507 Franklin Avenue,,OpenStreetMap,node/2550149676,Requires manual review
,Judah International Christian Center,,-73.9528329,40.6727999,141 Rogers Avenue,,OpenStreetMap,node/2494088573,Requires manual review
,Judd Foundation,,-73.9994085,40.7235189,101 Spring Street,,OpenStreetMap,node/8149922758,Requires manual review
,Judd Foundation,,-73.999405,40.72333,"101 Spring Street, New York, 10012",,NYC DCLA,dcla-row-1252,DCLA Architecture/Design discipline
,Judson Memorial Church Inc,,-73.998409,40.729923,"239 Thompson St, New York, 10012",,NYC DCLA,dcla-row-1253,Requires manual review
,Julia Custom Tailor and Alterations,,-73.953881,40.7777689,212 East 85th Street,,OpenStreetMap,node/7097515428,Requires manual review
,Julia de Burgos Latino Cultural Center,,-73.946197,40.792342,"1689 Lexington Avenue, New York, 10029",,NYC DCLA,dcla-row-1255,Requires manual review
,Julio De Burgos Latino Cultural Center,,-73.9466667,40.7919444,,,OpenStreetMap,node/368045872,OpenStreetMap arts-centre tag
,July's Photo & Video,,-74.0785549,40.6381952,,,OpenStreetMap,node/13049118609,Requires manual review
,June 4th Memorial Exhibit,,-73.9886674,40.748289,894 6th Avenue,https://jinian64.org/,OpenStreetMap,node/11113367836,Requires manual review
,"Juneteenth Festival, Inc.",,-73.98445,40.711249,"605 Water Street, Apt. 21B, New York, 10002",,NYC DCLA,dcla-row-1256,Requires manual review
,"Jupiter Symphony of New York, Inc.",,-73.982659,40.775704,"155 West 68th Street, New York, 10023",,NYC DCLA,dcla-row-1257,Requires manual review
,"Jurukan, Inc.",,-73.834609,40.712636,"118-17 Union Tpke, Forest Hills, 11375",,NYC DCLA,dcla-row-1258,Requires manual review
,JYP Technical Inc.,,-74.0001828,40.6296888,1222 60th Street,https://www.jyptech.com/,OpenStreetMap,node/2943813392,OpenStreetMap craft/workshop tag
,K&G Electric,,-73.9150235,40.8008162,747 East 132nd Street,https://www.kgelectric.co,OpenStreetMap,node/12243872579,Requires manual review
,K. Feist Sons,,-74.1152502,40.5783799,,,OpenStreetMap,node/12986703258,Requires manual review
,"K.S. J.A.M.M. Dance Troupe, Inc.",,-73.95076,40.686378,"347 Nostrand Avenue, Brooklyn, 11216",,NYC DCLA,dcla-row-1259,Requires manual review
,Kabir's Bakery,,-73.9956624,40.6772252,19 5th Street,,OpenStreetMap,node/2549988766,Requires manual review
,Kaiser's Room Inc,,-73.993226,40.743097,"101 w.23rd street, New York, 10011",,NYC DCLA,dcla-row-1260,Requires manual review
,Kalavant Center for Music and Dance,,-73.985063,40.729812,"326 East 11th Street, Ste. 2, New York, 10003",,NYC DCLA,dcla-row-1261,Requires manual review
,"Kan Cobra Tiger Alliance, Inc.",,-73.946817,40.679602,"20 New York Avenue Suite 100, Brookyn, 11206",,NYC DCLA,dcla-row-1262,Requires manual review
,Karma,,-73.9909058,40.7253876,22 East 2nd Street,https://karmakarma.org/,OpenStreetMap,node/12022143321,Requires manual review
,Karma Gallery,,-73.9841422,40.7224202,188 East 2nd Street,https://karmakarma.org,OpenStreetMap,node/6478419609,Requires manual review
,Kashmir 9,,-73.9948837,40.7549873,478 9th Avenue,,OpenStreetMap,node/2351558462,Requires manual review
,Kasmin Gallery,,-74.0029311,40.750597,509 West 27th Street,https://www.kasmingallery.com,OpenStreetMap,node/10860703829,Requires manual review
,Kasmin Gallery,,-74.0024698,40.750406,297 10th Avenue,https://www.kasmingallery.com,OpenStreetMap,node/10860703833,Requires manual review
,"Kathak Ensemble & Friends Caravan, Inc.",,-73.985602,40.723793,"141 East 3rd Street, Apt. 12-H, New York, 10009",,NYC DCLA,dcla-row-1263,Requires manual review
,Kathryn Markel Fine Arts,,-74.0068303,40.7465678,529 West 20th Street,https://www.markelfinearts.com,OpenStreetMap,node/10873196748,Design-related museum or gallery
,Kathryn Posin Dance Foundation,,-73.993762,40.726472,"20 Bond Street, New York, 10012",,NYC DCLA,dcla-row-1264,Requires manual review
,Katlan Boutique,,-73.9928466,40.6829997,,,OpenStreetMap,node/5987486726,Requires manual review
,Katz Library,,-73.8988968,40.8929431,,,OpenStreetMap,node/9533652777,Requires manual review
,Kaufman Arts District Foundation,,-73.923921,40.757447,"c/o Kaufman Astoria Studios, Astoria, 11106",,NYC DCLA,dcla-row-1265,Requires manual review
,Kaufman Music Center,,-73.9829864,40.7752527,129 West 67th Street,https://www.kaufmanmusiccenter.org/,OpenStreetMap,way/241826159,OpenStreetMap arts-centre tag
,KDNY Incorporated,,-73.947768,40.810455,"213 West 127th Street, New York, 10027",,NYC DCLA,dcla-row-1266,Requires manual review
,Keep Empowering Youth Achievement,,-73.765039,40.692025,"187 19 Linden blvd, Saint Albans, 11434",,NYC DCLA,dcla-row-1268,Requires manual review
,"Keep Rising to the Top, Inc.",,-73.948885,40.790008,"119 East 102 Street, Apt. 5B, New York, 10029",,NYC DCLA,dcla-row-1269,Requires manual review
,Keepsake,,-73.9540482,40.6849455,1127 Bedford Avenue,,OpenStreetMap,node/2565302935,Requires manual review
,Keg & Lantern Brewery,,-74.0157843,40.6757372,158 Beard Street,https://www.kegandlanternbrooklyn.com/redhook,OpenStreetMap,way/248167942,Requires manual review
,Kehila Kedosha Janina Synagogue and Museum,,-73.991328,40.718466,"280 Broome Street, New York, 10002",,NYC DCLA,dcla-row-1270,Design-related name in DCLA Museum discipline
,"Keigwin and Company, Inc.",,-73.974854,40.753102,"450 Lexington Avenue, #2361, New York, 10163",,NYC DCLA,dcla-row-1271,Requires manual review
,Kendi Iron Works,,-73.9392997,40.7068642,,https://www.kendimfg.com,OpenStreetMap,node/12960288288,Requires manual review
,"Kenkeleba House, New York",,-73.982889,40.721794,"214 East Second Street, New York, 10009",,NYC DCLA,dcla-row-1272,Requires manual review
,Kentler International Drawing Space,,-74.0130914,40.6770075,,https://kentlergallery.org,OpenStreetMap,node/10876530574,Design-related museum or gallery
,"Kentler International Drawing Space, Inc.",,-74.013177,40.677105,"353 Van Brunt St, Brooklyn, 11231",,NYC DCLA,dcla-row-1273,Design-related name in DCLA Visual Arts discipline
,"Kerri Edge Children's Dance Ensemble, Inc.",,-73.752087,40.679923,"217-12 Merrick Boulevard, Laurelton, 11413",,NYC DCLA,dcla-row-1274,Requires manual review
,Ketchup Gallery,,-73.9191589,40.7062014,89 Saint Nicholas Avenue,,OpenStreetMap,node/2568824900,Requires manual review
,Kettle Corn New Music INC,,-73.989872,40.733916,"145 4th Avenue, New York, 10003",,NYC DCLA,dcla-row-1275,Requires manual review
,Keuka Kafe,,-73.8367605,40.717869,Queens Boulevard,,OpenStreetMap,node/11620034271,Requires manual review
,KeyMe,,-73.9810201,40.6895243,,https://www.key.me/kiosks/new-york/brooklyn/fort-greene/fort-greene-locksmith,OpenStreetMap,node/5538367716,Requires manual review
,KeyMe,,-73.9944031,40.6812456,,https://www.key.me/kiosks/new-york/brooklyn/carroll-gardens/copy-keys-carroll-gardens-ny,OpenStreetMap,node/5970930719,Requires manual review
,KeyMe,,-74.0044615,40.6593329,,https://www.key.me/kiosks/new-york/brooklyn/3rd-avenue/copy-keys-3rd-avenue-ny,OpenStreetMap,node/8343358091,Requires manual review
,"Keys to the Future Festival, Inc.",,-73.997196,40.742299,"200 West 20th Street, Ste. 502, New York, 10011",,NYC DCLA,dcla-row-1276,Requires manual review
,KF Kitchen Cabinets,,-73.9854076,40.6779288,259 3rd Avenue,http://kfkitchencabinets.com,OpenStreetMap,way/241860769,OpenStreetMap craft/workshop tag
,Ki Smith Gallery,,-73.9912165,40.7212881,170 Forsyth Street,https://www.kismithgallery.com,OpenStreetMap,node/12852178435,Requires manual review
,KillsBoro Brewing Co.,,-74.0774219,40.6364011,,,OpenStreetMap,node/13040315380,Requires manual review
,Kim's Shoe Repair,,-73.9525498,40.7272642,115 Meserole Avenue,,OpenStreetMap,node/5065184721,Requires manual review
,Kimberly Klark,,-73.9037854,40.7036328,788 Woodward Avenue,https://kimberly-klark.com/,OpenStreetMap,node/6389096486,Requires manual review
,Kimberly Klark Gallery,,-73.9039542,40.7037363,788 Woodward Avenue,https://kimberly-klark.com/,OpenStreetMap,node/5557068977,Requires manual review
,"Kinding Sindaw Heritage Foundation, Inc.",,-73.892577,40.748037,"37-30 73rd St., Jackson Heights, 11372",,NYC DCLA,dcla-row-1277,Requires manual review
,Kindred Arts,,-73.981247,40.750131,"244 Madison Ave, Ste 172, Ste 172, New York, 10016",,NYC DCLA,dcla-row-1278,Design-related name in DCLA New Media discipline
,King David Gallery,,-74.2211716,40.5494751,,,OpenStreetMap,node/10767181158,Requires manual review
,"King Manor Association of Long Island, Inc.",,-73.803607,40.702376,"150-03 Jamaica Avenue, Jamaica, 11432",,NYC DCLA,dcla-row-1279,Requires manual review
,King Manor Museum,,-73.803768,40.7031161,150-05 Jamaica Avenue,https://www.kingmanor.org/,OpenStreetMap,way/283167850,Design-related museum or gallery
,Kingdom Contracting,,-73.9060739,40.7052598,677 Woodward Avenue,https://kingdomcontracting.net/,OpenStreetMap,node/5927673303,Requires manual review
,Kings Bay Library,,-73.9411684,40.5948703,3650 Nostrand Avenue,https://www.bklynlibrary.org/locations/kings-bay,OpenStreetMap,way/249730311,Requires manual review
,"Kings Bay YM-YWHA, Inc.",,-73.94157,40.598817,"3495 Nostrand Ave, Brooklyn, 11229",,NYC DCLA,dcla-row-1280,Requires manual review
,Kings Country Distillery,,-73.9785745,40.6994185,,https://www.kingscountydistillery.com,OpenStreetMap,node/7711107024,Requires manual review
,Kings County Brewers Collective,,-73.9236202,40.7060306,381 Troutman Street,https://kcbcbeer.com/,OpenStreetMap,node/4837696323,Requires manual review
,"Kings County Shakespeare Company, Inc.",,-73.973221,40.685073,"138 South Oxford Street, #1C, Brooklyn, 11217",,NYC DCLA,dcla-row-1283,Requires manual review
,Kings Highway Library,,-73.9531079,40.6102451,2115 Ocean Avenue,https://www.bklynlibrary.org/locations/kings-highway,OpenStreetMap,way/249726742,Requires manual review
,Kings Highway Mall,,-73.9570641,40.6095223,1613 Kings Highway,,OpenStreetMap,node/2562969384,Requires manual review
,Kings Majestic Corporation,,-73.978661,40.686754,"10 Lafayette Ave., 4th Floor, Brooklyn, 11217",,NYC DCLA,dcla-row-1284,Requires manual review
,Kingsborough Community College,,-73.9351733,40.5784226,,https://www.kbcc.cuny.edu/,OpenStreetMap,way/510227834,Requires manual review
,Kingsborough Community College Auxiliary Enterprises Corp.,,-73.93535,40.577904,"Kingsborough Community College Auxiliary Enterprises, Brooklyn, 11235",,NYC DCLA,dcla-row-1281,Requires manual review
,"Kingsbridge Heights Community Center, Inc.",,-73.90033,40.877505,"3101 Kingsbridge Terrace, Bronx, 10463",,NYC DCLA,dcla-row-1282,Requires manual review
,Kingsbridge Library,,-73.9077054,40.8806993,291 West 231st Street,https://www.nypl.org/locations/kingsbridge,OpenStreetMap,way/276418310,Requires manual review
,Kingsland Homestead,,-73.8241605,40.7636236,143-35 37th Avenue,https://queenshistoricalsociety.org/visit/kingsland-homestead/,OpenStreetMap,way/284620987,Requires manual review
,Kips Bay Shoe Repair,,-73.9747224,40.7441178,,,OpenStreetMap,node/6445338455,Requires manual review
,Kismat Indian Restaurant,,-73.9370234,40.8552442,603 Fort Washington Avenue,https://kismatny.com/,OpenStreetMap,node/5415839909,Requires manual review
,Kitchen Bath Tile,,-74.1286855,40.638124,,,OpenStreetMap,node/12990558304,Requires manual review
,KJ Quick Shot Inc,,-73.9909123,40.6182076,6609 18th Avenue,,OpenStreetMap,node/5589228329,Requires manual review
,Kleinman Holocaust Education Center Inc,,-73.915358,40.607938,"5923 Strickland Avenue, Brooklyn, 11234",,NYC DCLA,dcla-row-1285,Requires manual review
,Klompching Gallery,,-73.9910512,40.703354,89 Water Street,https://www.klompching.com,OpenStreetMap,node/6719106991,Requires manual review
,KMC Orthopedic Shoes,,-73.857396,40.6925156,86-20 Jamaica Avenue,,OpenStreetMap,node/5397494179,Requires manual review
,Knapp Street Pizza,,-73.9336777,40.6000248,2157 Knapp Street,https://www.knappstreetbk.com,OpenStreetMap,node/5537012523,Requires manual review
,Knockdown center,,-73.9136706,40.7152788,52-19 Flushing Avenue,https://knockdown.center/,OpenStreetMap,node/4482025489,OpenStreetMap arts-centre tag
,Knowledge Project,,-74.005764,40.707671,"111 John Street, Suite 1070, New York, 10038",,NYC DCLA,dcla-row-1287,Requires manual review
,Ko Art Studio,,-73.9913645,40.6855972,180 Smith Street,https://www.koartstudiofoundation.com,OpenStreetMap,node/2549983053,OpenStreetMap arts-centre tag
,KODA Arts Inc.,,-73.954722,40.67742,"1062 Dean St Apt 3, Brooklyn, 11216",,NYC DCLA,dcla-row-1288,Requires manual review
,Korea Society,,-73.978145,40.754374,"350 Madison Avenue, 24th Floor, New York, 10017",,NYC DCLA,dcla-row-1294,Requires manual review
,Korean Art Forum,,-73.9213,40.86781,"616 W 207th St., New York City, 10034",,NYC DCLA,dcla-row-1290,Design-related name in DCLA Visual Arts discipline
,Korean Community Service of Metropolitan New York,,-73.786535,40.770539,"203-05 32nd Avenue, Bayside, 11361",,NYC DCLA,dcla-row-1291,Requires manual review
,Korean Cultural Center NY,,-73.9813353,40.7451459,122 East 32nd Street,https://www.koreanculture.org,OpenStreetMap,way/615618932,OpenStreetMap arts-centre tag
,"Korean Traditional Marching Band, Inc.",,-73.804616,40.755665,"45-19 162 Street, Flushing, 11358",,NYC DCLA,dcla-row-1292,Requires manual review
,"Korean Traditional Performing Arts Association, Inc.",,-73.982172,40.759798,"142 West 49th Street, New York, 10019",,NYC DCLA,dcla-row-1293,Requires manual review
,Koreana Art and Antiques,,-73.9602652,40.7795413,20 East 84th Street,koreanaartandantiques.com,OpenStreetMap,way/266932853,OpenStreetMap arts-centre tag
,Koreana Art and Antiques,,-73.9603547,40.7795792,18 East 84th Street,koreanaartandantiques.com,OpenStreetMap,way/266932854,OpenStreetMap arts-centre tag
,"Kota Alliance, Inc.",,-73.941459,40.828581,"43 St Nicholas Pl, New York, 10031",,NYC DCLA,dcla-row-1295,Requires manual review
,KowTeff School of African Dance,,-73.944476,40.681665,"168 Macon St, Brooklyn, 11216",,NYC DCLA,dcla-row-1296,Requires manual review
,Krause Gallery,,-73.9892808,40.720719,149 Allen Street,https://krausegallery.com,OpenStreetMap,node/2555126629,Requires manual review
,Krave It,,-73.9875349,40.7291102,141 2nd Avenue,https://www.kraveitny.com,OpenStreetMap,node/4664799789,Requires manual review
,Kravets Wehby Gallery,,-74.006111,40.7469617,521 West 21st Street,https://www.kravetswehbygallery.com,OpenStreetMap,node/10873196736,Requires manual review
,Kreuzer-Pelton House,,-74.1110769,40.6380173,214,,OpenStreetMap,node/10289644810,Requires manual review
,Kris Krohn Art Gallery,,-73.9604959,40.687423,281 Greene Avenue,https://kriskrohnart.com/,OpenStreetMap,node/13902133795,Design-related museum or gallery
,KRVC Development Corporation,,-73.907206,40.886562,"505 West 236th Street, Bronx, 10463",,NYC DCLA,dcla-row-1297,Requires manual review
,KSD Wine & Spirits,,-73.7614171,40.6964677,,,OpenStreetMap,node/12113319895,Requires manual review
,KT Cleaners,,-73.9996459,40.6843219,205 Sackett Street,,OpenStreetMap,node/2549972119,Requires manual review
,KT Laundromat,,-73.9994698,40.684281,500 Henry Street,,OpenStreetMap,node/2549972135,Requires manual review
,Kubus Photo Service,,-73.949493,40.7240138,106A Nassau Avenue,https://www.kubusphoto.com/,OpenStreetMap,way/280081131,Requires manual review
,Kumo Supplies,,-73.9135886,40.6995211,343 Linden Street,,OpenStreetMap,node/5543454348,OpenStreetMap craft/workshop tag
,"Kundiman, Inc.",,-74.007156,40.705,"99 Wall St, New York, 10005",,NYC DCLA,dcla-row-1298,Requires manual review
,Kupferberg Center Performances,,-73.814703,40.736707,"65-30 Kissena Boulevard, Queens, 11367",,NYC DCLA,dcla-row-1300,Requires manual review
,Kurimanzutto Gallery,,-74.0069444,40.7462706,520 West 20th Street,,OpenStreetMap,node/10873196752,Requires manual review
,Kurt R Schmeller Library,,-73.7565431,40.7559512,222-05 56th Avenue,,OpenStreetMap,way/250023693,Requires manual review
,"Kweli Journal, Inc.",,-73.956941,40.769085,"334 East 73rd Street, New York, 10021",,NYC DCLA,dcla-row-1301,Requires manual review
,L & T Cabinet & Granite,,-74.0187315,40.6476559,181 53rd Street,,OpenStreetMap,node/9773486828,OpenStreetMap craft/workshop tag
,L'Amore della Musica Inc.,,-73.935262,40.854672,"736 W 187 St, New York, 10033",,NYC DCLA,dcla-row-1304,Requires manual review
,L'estis Desserts,,-73.9999433,40.6595349,180 27th Street,https://www.lestisdesserts.com,OpenStreetMap,way/249606347,Requires manual review
,"L'Opera Francais de New York, Inc.",,-73.977368,40.758323,"620 Fifth Avenue, 6th Floor, New York, 10020",,NYC DCLA,dcla-row-1305,Requires manual review
,L'Space Gallery,,-74.0072974,40.7456759,524 West 19th Street,https://www.lspacegallery.com,OpenStreetMap,node/8062848586,Requires manual review
,L10,,-73.9784363,40.6863335,10 Lafayette Avenue,,OpenStreetMap,node/13695739583,OpenStreetMap arts-centre tag
,"La Asociacion Benefica Cultural Padre Billini, Inc.",,-73.863206,40.754876,"35-34 105th Street, Corona, 11368",,NYC DCLA,dcla-row-1306,Requires manual review
,La Casa de la Herencia Cultural Puertorriquena,,-73.951992,40.793072,"1230 Fifth Avenue, New York City, 10029",,NYC DCLA,dcla-row-1308,Requires manual review
,"La Donna Dance, Inc.",,-73.987401,40.728956,"140 2nd Ave, New York, 10003",,NYC DCLA,dcla-row-1310,Requires manual review
,La Finca Garden,,-73.9296336,40.7042095,1036 Flushing Avenue,,OpenStreetMap,node/5741659925,Requires manual review
,La Flor de Santa Ines,,-73.9722458,40.6459261,731 Church Avenue,,OpenStreetMap,node/8307422437,Requires manual review
,La Fortaleza Community Development Corporation,,-73.947537,40.786963,"215 East 99th Street, El Barrio/NY,, 10029",,NYC DCLA,dcla-row-1311,Requires manual review
,La Maison du Chocolat,,-73.9365771,40.7416193,30-30 47th Avenue,,OpenStreetMap,node/13991865191,Requires manual review
,"La Mama Experimental Theater Club, Inc.",,-73.990169,40.726494,"74A East 4th Street, New York, 10003",,NYC DCLA,dcla-row-1314,Requires manual review
,La MaMa Galleria,,-73.992545,40.7265986,47 Great Jones Street,https://lamama.org,OpenStreetMap,node/6724492682,Requires manual review
,La Sala de Pepe,,-73.9797591,40.7230918,73 Avenue C,https://www.lasaladepepe.org,OpenStreetMap,node/2567538735,Requires manual review
,"La Troupe Makandal, Inc.",,-73.940118,40.660056,"621 Rutland Rd Apt 4C, Brooklyn, 11203",,NYC DCLA,dcla-row-1326,Requires manual review
,"LAByrinth, Inc.",,-73.979273,40.77169,"50 Central Park W, New York, 10023",,NYC DCLA,dcla-row-1307,Requires manual review
,Lafayette Grand Café & Bakery,,-73.993705,40.7275742,380 Lafayette,https://www.lafayetteny.com/,OpenStreetMap,node/5792284140,Requires manual review
,LaGuardia and Wagner Archives,,-73.935022,40.744902,"31-10 Thomson Avenue, Long Island City, 11101",,NYC DCLA,dcla-row-1312,Requires manual review
,Laguardia Community College,,-73.9924307,40.7514362,31-10 Thomson Ave,,OpenStreetMap,way/283101840,Requires manual review
,LaGuardia Community College,,-73.9365406,40.7440653,31-10 Thomson Avenue,https://www.laguardia.edu,OpenStreetMap,relation/12979959,Requires manual review
,LaGuardia Community College Library Media Resources Center,,-73.9339644,40.7440823,,,OpenStreetMap,node/11737350713,Design-related library
,LaGuardia Performing Arts Center,,-73.9341401,40.743414,45-50 Van Dam St,https://lpac.nyc/,OpenStreetMap,node/13772755109,Design-related college or university
,LaGuardia Performing Arts Center,,-73.935022,40.744902,"31-10 Thomson Avenue, Room E413, Long Island City, 11101",,NYC DCLA,dcla-row-1313,Requires manual review
,Land Gallery & Studio,,-73.9542756,40.6861638,1101 Bedford Avenue,,OpenStreetMap,node/9208777701,Design-related museum or gallery
,Lander College for Men,,-73.8143324,40.724294,75-31 150th Street,https://lcm.touro.edu/,OpenStreetMap,way/251950844,Requires manual review
,Lander College for Women,,-73.9884539,40.7717276,227 West 60th Street,https://lcw.touro.edu/,OpenStreetMap,node/7590906823,Requires manual review
,"Landmark West, Inc.",,-73.979594,40.773595,"45 W 67th St, New York, 10023",,NYC DCLA,dcla-row-1316,DCLA Architecture/Design discipline
,Langston Hughes Community Library and Cultural Center,,-73.8681731,40.7576476,100-01 Northern Boulevard,https://www.queenslibrary.org/about-us/locations/langston-hughes,OpenStreetMap,way/284721150,Requires manual review
,Lark Theatre Company,,-73.989922,40.75818,"311 West 43rd Street, New York, 10036",,NYC DCLA,dcla-row-1317,Requires manual review
,Lassen & Hennigs,,-73.9871223,40.703191,,https://www.lassencatering.com,OpenStreetMap,node/9797307325,Requires manual review
,"Latin American Film Center, Inc.",,-73.998557,40.727881,"3 Washington Square Village, New York, 10012",,NYC DCLA,dcla-row-1318,Requires manual review
,Latin American Intercultural Alliance,,-73.838573,40.697707,"86-28 110th Street, Richmond Hill, 11418",,NYC DCLA,dcla-row-1319,Requires manual review
,Latin American Theater Experiment & Associates,,-73.986122,40.718943,"107 Suffolk St, New York, 10002",,NYC DCLA,dcla-row-1320,Requires manual review
,Latin American Theatre Ensemble Inc.,,-73.987632,40.76374,"350 West 51st Street,  Apt. 13-D, New York, 10019",,NYC DCLA,dcla-row-1321,Requires manual review
,"Latin American Workshop, Inc.",,-73.96461,40.801931,"985 Amsterdam Avenue, New York, 10025",,NYC DCLA,dcla-row-1322,Requires manual review
,Latin Jazz Coalition,,-73.725037,40.740198,"80-15 Cross Island Parkway, Bellerose, 11426",,NYC DCLA,dcla-row-1323,Requires manual review
,Latino Film Market Inc,,-73.945583,40.835489,"812 Riverside drive, NY, 10032",,NYC DCLA,dcla-row-1324,Requires manual review
,"Latino International Theater Festival of New York, Inc.",,-73.982458,40.741825,"142 East 27th Street, Ste. 1A, New York, 10016",,NYC DCLA,dcla-row-1325,Requires manual review
,"Latsky Dance, Inc.",,-73.992636,40.759302,"400 West 43rd Street, Suite 21S, New York, 10036",,NYC DCLA,dcla-row-1327,Requires manual review
,"Laundromat Project, Inc.",,-73.941903,40.67997,"1476 Fulton St, Brooklyn, 11216",,NYC DCLA,dcla-row-1328,Requires manual review
,Laundry to You,,-73.9890864,40.7282743,,,OpenStreetMap,node/9036389129,Requires manual review
,Laurelton Branch Queens Borough Public Library,,-73.7456747,40.6769453,134-26 225th Street,https://www.queenslibrary.org/about-us/locations/laurelton,OpenStreetMap,way/282974894,Requires manual review
,"Laurie Foundation for the Performing Arts, Inc.",,-74.004345,40.750259,"547 West 26th Street, New York, 10001",,NYC DCLA,dcla-row-1329,Requires manual review
,Lawrence Custom Upholstery & Drapery,,-73.7483578,40.7353147,222-08 Union Turnpike,,OpenStreetMap,node/2871357625,Requires manual review
,Lawrence Glass,,-73.9813436,40.6424479,27 Story Street,,OpenStreetMap,node/2561966428,Requires manual review
,"LayeRhythm Productions, Inc.",,-73.979283,40.738869,"320 E 25th Street, Apt 4BB, New York, 10010",,NYC DCLA,dcla-row-1330,Requires manual review
,Lazy Susans Cleaning,,-73.9658911,40.687045,396 Washington Ave,https://www.lazysusanscleaning.com/,OpenStreetMap,node/13335685187,Requires manual review
,Le Studio NYC,,-73.9902216,40.7380125,873 Broadway,https://www.lestudionyc.com,OpenStreetMap,node/2555136013,OpenStreetMap craft/workshop tag
,Le Studio NYC,,-74.0085518,40.6792795,74 Verona Street,https://www.lestudionyc.com/,OpenStreetMap,node/2827514065,OpenStreetMap craft/workshop tag
,LEA,,-73.930757,40.855572,"341 Wadsworth Avenue, Suite B, New York, 10040",,NYC DCLA,dcla-row-1331,Requires manual review
,Leader Electric,,-73.9539006,40.8127365,410 West 127th Street,http://leaderelectric.com/,OpenStreetMap,node/5607932396,Requires manual review
,"League of American Theatres and Producers, Inc.",,-73.983973,40.760103,"729 Seventh Avenue, New York, 10019",,NYC DCLA,dcla-row-1332,Requires manual review
,League of Composers,,-73.994938,40.730398,"24 Waverly Place RM 268, New York, 10003",,NYC DCLA,dcla-row-1333,Requires manual review
,League of Professional Theatre Women,,-73.985229,40.745419,"22 East 30th Street, New York, 10016",,NYC DCLA,dcla-row-1334,Requires manual review
,Leanly,,-73.9913742,40.5757557,2406 Mermaid Avenue,,OpenStreetMap,node/12871054972,Requires manual review
,"Learning Leaders, Inc.",,-74.007758,40.707657,"75 Maiden Lane, New York, 10038",,NYC DCLA,dcla-row-1335,Requires manual review
,"Learning Through an Expanded Arts Program, Inc.",,-73.992193,40.75395,"535 Eighth Avenue, New York, 10018",,NYC DCLA,dcla-row-1336,Requires manual review
,LEATHER SPA,,-73.97699,40.7626593,55 West 55th Street,https://leatherspa.com,OpenStreetMap,node/13016450501,Requires manual review
,LED Neon Signs by Lightlab,,-74.1654766,40.5825825,,,OpenStreetMap,way/904169989,Requires manual review
,Lee's Kitchen Cabinet & Stone,,-73.993359,40.6710374,121 11th Street,,OpenStreetMap,node/7004941397,OpenStreetMap craft/workshop tag
,Lefferts Branch Queens Borough Public Library,,-73.8248334,40.6869009,103-34 Lefferts Boulevard,https://www.queenslibrary.org/about-us/locations/lefferts,OpenStreetMap,way/282253922,Requires manual review
,Lefferts Cleaners,,-73.9426163,40.663007,559 Lefferts Avenue,,OpenStreetMap,node/2566968411,Requires manual review
,Lefferts Historic House,,-73.9637979,40.664375,452 Flatbush Avenue,https://www.prospectpark.org/visit-the-park/places-to-go/lefferts-historic-house/,OpenStreetMap,way/241846626,Requires manual review
,Legacy Center,,-73.854205,40.827044,"2069 Bruckner Boulevard, Bronx, 10472",,NYC DCLA,dcla-row-1337,Requires manual review
,Lehman College,,-73.8945827,40.8728423,250 Bedford Park Boulevard West,https://www.lehman.cuny.edu/,OpenStreetMap,way/76090444,Requires manual review
,Lehman College Art Gallery,,-73.89286,40.875028,"250 Bedford Park Boulevard West, Bronx, 10468",,NYC DCLA,dcla-row-1339,Design-related name in DCLA Visual Arts discipline
,"Lehman College Center for the Performing Arts, Inc.",,-73.89286,40.875028,"250 Bedford Park Blvd W, The Bronx, 10468",,NYC DCLA,dcla-row-1340,Requires manual review
,Lehmann Maupin,,-74.0038445,40.7485353,501 West 24th Street,https://www.lehmannmaupin.com,OpenStreetMap,node/10859974153,Requires manual review
,Lemofet Glass & Mirror,,-73.9531836,40.6946189,740 Myrtle Avenue,,OpenStreetMap,node/2568163559,Requires manual review
,LEMUR,,-73.991193,40.671239,"461 Third Avenue, Brooklyn, 11215",,NYC DCLA,dcla-row-1341,Requires manual review
,Lenfest Center for the Arts,,-73.9586965,40.8172335,615 West 130th Street;West 129th Street,,OpenStreetMap,way/664903764,Design-related museum or gallery
,Lenny Repair,,-74.164558,40.5908899,,,OpenStreetMap,node/8262422499,Requires manual review
,Leonard Lief Library,,-73.8938577,40.871947,2853 Paul Avenue,,OpenStreetMap,way/276363527,Requires manual review
,"LES Film Festival, Inc",,-73.988085,40.718509,"115 Delancey St, New York, 10002",,NYC DCLA,dcla-row-1344,Requires manual review
,"Lesbian and Gay Community Services Center, Inc.",,-74.000603,40.738034,"208 W 13 St, New York, 10011",,NYC DCLA,dcla-row-1343,Requires manual review
,Lesbian Herstory Archives,,-73.980323,40.6619156,,https://lesbianherstoryarchives.org/,OpenStreetMap,node/4975837317,Requires manual review
,Leslie-Lohman Museum of Art,,-74.0030317,40.7217683,26 Wooster Street,https://www.leslielohman.org/,OpenStreetMap,node/9136326361,Design-related museum or gallery
,Leslie-Lohman Museum of Gay and Lesbian Art,,-74.003204,40.721705,"26 Wooster Street, New York, 10013",,NYC DCLA,dcla-row-1345,Design-related name in DCLA Museum discipline
,Lester Kehoe Machinery Corp.,,-74.1467152,40.638068,,,OpenStreetMap,node/13188809596,Requires manual review
,"Letter of Marque Theater, Incorporated",,-73.979731,40.677501,"172 5th Ave No. 191, Brooklyn, 11217",,NYC DCLA,dcla-row-1346,Requires manual review
,"Leviathan Lab, Inc.",,-74.004735,40.743962,"425 West 18th Street, New York, 10011",,NYC DCLA,dcla-row-1347,Requires manual review
,"Lewis Howard Latimer Fund, Inc.",,-73.829621,40.765923,"3441 137th St., Flushing, 11354",,NYC DCLA,dcla-row-1348,Requires manual review
,Lewis Howard Latimer House Museum,,-73.829377,40.7660962,34-41 137th Street,https://historichousetrust.org/,OpenStreetMap,way/284617356,Design-related museum or gallery
,"Liberata Dance Theatre, Inc.",,-73.997834,40.754019,"440 West 34th Street, New York, 10001",,NYC DCLA,dcla-row-1349,Requires manual review
,"Liberated Movement, Inc.",,-74.002958,40.718112,"380 Broadway, New York, 10013",,NYC DCLA,dcla-row-1350,Requires manual review
,"Liberian Cultural Association, Inc.",,-74.079373,40.629308,"361 Van Duzer Street, Staten Island, 10304",,NYC DCLA,dcla-row-1351,Requires manual review
,Liberty Warehouse,,-74.0195664,40.6768344,260 Conover Street,https://www.thelibertywarehouse.com/,OpenStreetMap,node/4275872432,Requires manual review
,"Library Action Committee of Corona-East Elmhurst, Inc.",,-73.868331,40.757361,"100-01 Northern Boulevard, Corona, 11368",,NYC DCLA,dcla-row-1352,Requires manual review
,Library for Arts and Culture,,-73.9783914,40.6864615,10 Lafayette Avenue,https://www.bklynlibrary.org/locations/library-for-arts-and-culture,OpenStreetMap,node/13695739584,Design-related library
,Library Study Hall,,-74.016474,40.655201,"1 43rd St, Brooklyn, 10960",,NYC DCLA,dcla-row-1353,Requires manual review
,Library Tech Lab at Queensbridge,,-73.9441644,40.7550134,10-43 41st Avenue,,OpenStreetMap,node/2847168443,Requires manual review
,LIC Contemporary Art Gallery,,-73.9419583,40.7483656,,,OpenStreetMap,node/4995839504,OpenStreetMap arts-centre tag
,LIFE Camp Inc.,,-73.795409,40.688355,"111-12 Sutphin Blvd., Jamaica, 11435",,NYC DCLA,dcla-row-1354,Requires manual review
,"Life Force Arts, Inc.",,-73.974016,40.689124,"10 South Oxford St, BROOKLYN, 11217",,NYC DCLA,dcla-row-1355,Requires manual review
,Life Jacket Theatre Company,,-74.005131,40.738146,"51 Jane Street, Suite #10, New York, 10014",,NYC DCLA,dcla-row-1356,Requires manual review
,"Life of Hope, Inc.",,-73.941625,40.6398,"710 E. 37 Street, New York City, 11203",,NYC DCLA,dcla-row-1357,Requires manual review
,"Life Through Dance, Inc.",,-73.969464,40.802794,"345 Riverside Drive, #5A, New York, 10025",,NYC DCLA,dcla-row-1358,Requires manual review
,"Light & Love Productions, Inc.",,-73.801509,40.705537,"8915 Parsons Boulevard, Ste. 9L, Jamaica, 11432",,NYC DCLA,dcla-row-1359,Requires manual review
,"Light Industry Cinema Projects, Ltd.",,-73.934421,40.710477,"361 Stagg Street, Brooklyn, 11206",,NYC DCLA,dcla-row-1361,Requires manual review
,Lighthouse International,,-73.987266,40.774338,"250 West 64th Street, New York, 10023",,NYC DCLA,dcla-row-1360,Requires manual review
,Lila Acheson Wallace Library,,-73.982941,40.7737406,60 Lincoln Center Plaza,,OpenStreetMap,node/368049383,Requires manual review
,Lillian Grolitzer Community Room,,-74.0035556,40.7093837,,,OpenStreetMap,node/12352274251,Requires manual review
,Lily Glass Design,,-73.9934419,40.6625541,217 20th Street,https://www.lilyglassdesign.com,OpenStreetMap,way/247928866,OpenStreetMap craft/workshop tag
,Lincoln Center for the Performing Arts,,-73.9842234,40.7726126,10 Lincoln Center Plaza,,OpenStreetMap,way/86216911,OpenStreetMap arts-centre tag
,"Lincoln Center for the Performing Arts, Inc.",,-73.984284,40.773915,"165 West 65th Street, New York, 10023",,NYC DCLA,dcla-row-1363,Requires manual review
,"Lincoln Square District Management Association, Inc.",,-73.982111,40.769169,"1841 Broadway, New York, 10023",,NYC DCLA,dcla-row-1364,Requires manual review
,Linda Tool,,-74.0111203,40.6738901,,https://www.lindatool.com,OpenStreetMap,way/248168843,Requires manual review
,Lindsay's Theatre,,-74.003987,40.725644,"161 Sixth Avenue, 14th Floor, New York, 10013",,NYC DCLA,dcla-row-1365,Requires manual review
,Lion Die-Cutting Co. Inc.,,-73.9547011,40.7250594,,,OpenStreetMap,node/10074094106,Requires manual review
,Lisson Gallery,,-74.0059742,40.7448683,138 10th Avenue,https://www.lissongallery.com,OpenStreetMap,node/7679342652,OpenStreetMap arts-centre tag
,Lisson Gallery,,-74.0044742,40.7485502,508 West 24th Street,https://www.lissongallery.com,OpenStreetMap,node/10859974168,Requires manual review
,Lisson Gallery,,-74.0043407,40.7485172,504 West 24th Street,https://www.lissongallery.com,OpenStreetMap,node/10859974169,Requires manual review
,Literary Arts & Film Foundation Inc.,,-73.955687,40.820348,"608 West 135th Street, Suite 5a, New York, 10031",,NYC DCLA,dcla-row-1366,Requires manual review
,Literary Freedom Project,,-73.889991,40.884706,"80 Van Cortlandt Park South, The Bronx, 10463",,NYC DCLA,dcla-row-1367,Requires manual review
,"Little Branches of Borinquen, Inc.",,-73.908741,40.853537,"2038 Davidson Avenue, Bronx, 10453",,NYC DCLA,dcla-row-1368,Requires manual review
,Little Italy Gourmet,,-74.1161684,40.5747037,,,OpenStreetMap,node/13128789543,Requires manual review
,Little J Cleaners,,-73.9788044,40.7461881,,,OpenStreetMap,node/7206434601,Requires manual review
,Little Opera Theatre of NY,,-73.992175,40.754946,"307 West 38th Street, Suite 1614, New York, 10018",,NYC DCLA,dcla-row-1369,Requires manual review
,"Little Orchestra Society/Orpheon, Inc.",,-73.991449,40.760038,"630 Ninth Avenue, New York, 10036",,NYC DCLA,dcla-row-1370,Requires manual review
,Living Arts Productions,,-73.937224,40.851994,"731 West 183rd Street #3-l, New York, 10033",,NYC DCLA,dcla-row-1371,Requires manual review
,"Living Image Arts, Inc.",,-73.953851,40.727372,"1072 Lorimer Street, Brooklyn, 11222",,NYC DCLA,dcla-row-1372,Requires manual review
,"Living Room for Artists, Inc.",,-73.986193,40.757103,"1501 Broadway, New York, 10036",,NYC DCLA,dcla-row-1373,Requires manual review
,"Living Theatre, Inc.",,-73.984253,40.720683,"21 Clinton Street, New York, 10002",,NYC DCLA,dcla-row-1374,Requires manual review
,Living Torah Museum,,-73.9806247,40.6355153,1601 41st Street,https://www.livingtorahmuseum.com/,OpenStreetMap,node/5747114437,Design-related museum or gallery
,"Living Traditions, Inc.",,-74.004388,40.681502,"315 Columbia Street, Brooklyn, 11231",,NYC DCLA,dcla-row-1375,Requires manual review
,LMCC’s Arts Center at Governors Island,,-74.0167245,40.6927949,,,OpenStreetMap,node/4991344751,OpenStreetMap arts-centre tag
,LMS Electrical,,-74.2338224,40.5385858,,,OpenStreetMap,node/12456546112,Requires manual review
,LNC Tailor Shop,,-73.9997257,40.7166818,83 Baxter Street,,OpenStreetMap,node/2563990323,Requires manual review
,Loadbang Inc.,,-73.935542,40.852657,"69 Bennett Ave, New York, 10033",,NYC DCLA,dcla-row-1376,Requires manual review
,Local 802 Senior Musicians Association,,-73.988167,40.761511,"322 West 48th Street, New York, NY, 10036",,NYC DCLA,dcla-row-1377,Requires manual review
,Local Project,,-73.949061,40.749237,"11-27 44th Road, New York, 11101",,NYC DCLA,dcla-row-1378,Requires manual review
,"Location One, Inc.",,-74.002576,40.721172,"26 Greene Street, New York, 10013",,NYC DCLA,dcla-row-1379,Requires manual review
,Lock & Roll,,-73.781362,40.694081,111-12 Merrick Boulevard,,OpenStreetMap,node/6150276822,Requires manual review
,Locksmith Queens Inc,,-73.785462,40.7237651,8115 Surrey Place,https://locksmithqueensinc.com/,OpenStreetMap,node/4538991535,Requires manual review
,"Loco-Motion Dance Theatre for Children, Inc.",,-73.988432,40.730471,"131 East 10th Street, New York, 10003",,NYC DCLA,dcla-row-1381,Requires manual review
,Loco7 Dance Puppet Theatre Company Incorporated,,-73.99045,40.726634,"69 East 4th Street, apt 4c, New York, 10003",,NYC DCLA,dcla-row-1380,Requires manual review
,"Lodyjensky Immigration Archive Center of Russian & Ukrainian Culture, Inc.",,-73.971004,40.609684,"1679 East 3 street, Apt 601, Brooklyn, 11230",,NYC DCLA,dcla-row-1382,Requires manual review
,"Loft Practice Organization, Inc.",,-73.987591,40.714285,"212 E Broadway 1103g, New York, 10002",,NYC DCLA,dcla-row-1383,Requires manual review
,Lofty Art Gallery,,-74.012895,40.6775827,,,OpenStreetMap,node/11230956631,Design-related museum or gallery
,"Loisaida, Inc.",,-73.977534,40.725093,"710 E 9th St, New York, 10009",,NYC DCLA,dcla-row-1384,Requires manual review
,Lomex,,-74.0013511,40.7182486,Walker Street,https://www.lomex.gallery/,OpenStreetMap,node/12559442639,OpenStreetMap arts-centre tag
,Long Island City Artists,,-73.936568,40.743168,"30-30 47th Ave, Long Island City, 11101",,NYC DCLA,dcla-row-1386,Requires manual review
,Long Island String Quartet,,-73.806795,40.788512,"1434 155th St., Whitestone, 11557",,NYC DCLA,dcla-row-1388,Requires manual review
,Long Island University Brooklyn Campus,,-73.9803692,40.6909368,1 University Plaza,https://www.liu.edu/Brooklyn.aspx,OpenStreetMap,way/562256745,Requires manual review
,"LonGar Ebony Ensemble, Ltd.",,-73.949087,40.80431,"119 West 119 Street, New York, 10026",,NYC DCLA,dcla-row-1385,Requires manual review
,"Looking Glass Productions of New York, Inc.",,-73.991203,40.732741,"812 Broadway, New York, 10003",,NYC DCLA,dcla-row-1389,Requires manual review
,"Looking Glass Theatre, Inc.",,-73.986592,40.768277,"422 West 57 Street, NY, 10019",,NYC DCLA,dcla-row-1390,Requires manual review
,Loop of the Loom,,-73.9853038,40.7037822,,https://loopoftheloom.com,OpenStreetMap,node/9797307321,OpenStreetMap arts-centre tag
,Lopopolo Ornamental Iron Works,,-73.9740347,40.5873196,2495 McDonald Avenue,,OpenStreetMap,node/9809720014,Requires manual review
,Loretto Memorial Library,,-74.0896302,40.6209566,332 Howard Avenue,,OpenStreetMap,way/245490246,Requires manual review
,Lorimoto,,-73.9063408,40.6978978,16-23 Hancock Street,https://www.lorimoto.com/,OpenStreetMap,node/6389090010,Requires manual review
,Lorimoto Gallery,,-73.9063618,40.6979253,16-23 Hancock Street,,OpenStreetMap,node/5364870798,Requires manual review
,"Lot Radio, Inc.",,-73.953966,40.722722,"17 Nassau Ave., Brooklyn, 11222",,NYC DCLA,dcla-row-1392,Requires manual review
,"Lotus Fine Arts Productions, Inc.",,-73.971383,40.800423,"310 Riverside Drive, Suite 210, New York, 10025",,NYC DCLA,dcla-row-1393,Requires manual review
,Louis Armstrong House,,-73.861398,40.754932,"34-56 107 Street, Corona, 11368",,NYC DCLA,dcla-row-1395,Requires manual review
,Louis Armstrong House Museum,,-73.8615384,40.75457,34-56 107th Street,https://www.louisarmstronghouse.org,OpenStreetMap,way/284714245,Design-related museum or gallery
,Louis K.Meisel Gallery,,-74.0005096,40.7256775,141 Prince Street,https://www.meiselgallery.com/,OpenStreetMap,node/10830960867,Requires manual review
,"Love Fellowship Tabernacle, Inc.",,-73.892629,40.674969,"464 Liberty Avenue, Brooklyn, 11207",,NYC DCLA,dcla-row-1396,Requires manual review
,Lover Photo Studio,,-73.8677114,40.7418128,49-06 Junction Boulevard,,OpenStreetMap,node/12520853135,OpenStreetMap craft/workshop tag
,Lovitt NYC,,-73.9086872,40.7067893,563 Woodward Avenue,https://www.lucypullen.com/lovitt-nyc,OpenStreetMap,node/6736932065,Requires manual review
,"Lower East Side Community Music Workshop, Inc.",,-73.981525,40.724627,"95 Avenue B, New York, 10009",,NYC DCLA,dcla-row-1397,Requires manual review
,Lower East Side Conservancy,,-73.988244,40.716402,"383 Grand Street, New York, 10002",,NYC DCLA,dcla-row-1398,Requires manual review
,Lower East Side District Management Association,,-73.99096,40.716679,"54 Orchard Street, New York, 10002",,NYC DCLA,dcla-row-1399,Requires manual review
,Lower East Side Girls Club,,-73.976323,40.723308,"101 Avenue D, New York, 10009",,NYC DCLA,dcla-row-1400,Requires manual review
,"Lower East Side Performing Arts, Inc.",,-73.95895,40.708789,"268 East Broadway, New York, 10002",,NYC DCLA,dcla-row-1401,Requires manual review
,"Lower East Side Printshop, Inc.",,-73.99263,40.754318,"306 West 37th Street, 6th floor, New York, 10018",,NYC DCLA,dcla-row-1402,Requires manual review
,Lower East Side Tenement Museum,,-73.9900266,40.7187837,103 Orchard Street,https://www.tenement.org/,OpenStreetMap,node/368061660,Design-related museum or gallery
,Lower East Side Tenement Museum,,-73.990007,40.718592,"103 Orchard St, New York, 10002",,NYC DCLA,dcla-row-1403,Design-related name in DCLA Museum discipline
,Lower Manhattan Cultural Council,,-74.006341,40.706397,"125 Maiden Lane, 2nd Floor, New York, 10038",,NYC DCLA,dcla-row-1404,Requires manual review
,Lower Manhattan Cultural Council - Regrant,,-74.006341,40.706397,"125 Maiden Lane, 2nd Floor, New York, 10038",,NYC DCLA,dcla-row-1405,Requires manual review
,"Lubovitch Dance Foundation, Inc.",,-73.991882,40.755638,"315 West 39th Street, Studio #1500, New York, 10018",,NYC DCLA,dcla-row-1406,Requires manual review
,Lucid Body House,,-73.9801056,40.7461254,230 Lexington Avenue,https://lucidbody.com,OpenStreetMap,node/2709415086,OpenStreetMap arts-centre tag
,Lucille Lortel Theatre Foundation Inc.,,-73.996139,40.740323,"134 W 18th St, New York, 10011",,NYC DCLA,dcla-row-1407,Requires manual review
,Lucky L&W Laundromat,,-73.976195,40.6748889,,,OpenStreetMap,node/5191768761,Requires manual review
,Lucky U Cleaners,,-73.9848549,40.6627276,455 7th Avenue,,OpenStreetMap,node/2562118654,Requires manual review
,Ludwig & Larsen,,-73.9216437,40.7140041,46-55 Metropolitan Avenue,https://www.ludwigandlarsen.com/,OpenStreetMap,node/13927018859,Requires manual review
,Luhring Augustine Gallery,,-74.0050793,40.7491116,531 West 24th Street,https://luhringaugustine.com,OpenStreetMap,node/10859974157,Requires manual review
,Lunch Runners,,-73.7029568,40.7521525,271-11 Union Turnpike,http://lunchrunners.org/,OpenStreetMap,node/11786190335,Requires manual review
,Luxeye,,-73.9979454,40.7163122,72 Mott Street,,OpenStreetMap,node/11738964029,Requires manual review
,"Lyfeline Community Development Corporation CDC, Inc.",,-73.781509,40.678287,"122-22 Long Street, Jamaica, 11434",,NYC DCLA,dcla-row-1408,Requires manual review
,"Lyric Chamber Music Society of New York, Inc.",,-73.981038,40.774318,"157 Columbus Ave, New York, 10023",,NYC DCLA,dcla-row-1409,Requires manual review
,"M&M Control Wiring and Electrical, Inc.",,-74.1585145,40.6367072,,,OpenStreetMap,node/13050292768,Requires manual review
,M&M Deli and Catering,,-74.0225857,40.6286016,507 76th Street,,OpenStreetMap,node/10822527407,Requires manual review
,M&S Nice Bakery and Restaurant,,-73.9047883,40.7012367,819 Seneca Avenue,,OpenStreetMap,node/6476902282,Requires manual review
,"MA-YI Filipino Theatre Ensemble, Inc.",,-73.992669,40.755139,"330 West 38th St, New York City, 10018",,NYC DCLA,dcla-row-1454,Requires manual review
,"Mabou Mines Development Foundation, Inc.",,-73.984785,40.728261,"150 First Avenue, New York, 10009",,NYC DCLA,dcla-row-1410,Requires manual review
,Mac & PC Wireless,,-73.9096882,40.7038209,608 Seneca Avenue,https://macpcwireless.com/,OpenStreetMap,node/5531232622,Requires manual review
,Macomb's Bridge Branch,,-73.9358448,40.8265379,2650 Adam Clayton Powell Jr. Boulevard,https://www.nypl.org/locations/macombs-bridge,OpenStreetMap,node/368050602,Requires manual review
,Macomb's Bridge Library,,-73.9359625,40.8254056,2633 Adam Clayton Powell Boulevard,https://www.nypl.org/locations/macombs-bridge,OpenStreetMap,node/12574419549,Requires manual review
,Macomb's Bridge Library,,-73.935961,40.8254056,2623 Adam Clayton Powell Boulevard,https://www.nypl.org/locations/macombs-bridge,OpenStreetMap,node/12636363656,Requires manual review
,Macon Branch Brooklyn Public Library,,-73.9347846,40.6830155,361 Lewis Avenue,,OpenStreetMap,way/247916112,Requires manual review
,Madame Tussauds New York,,-73.9884505,40.7562117,234 West 42nd Street,https://www.madametussauds.com/new-york/,OpenStreetMap,way/586476446,Requires manual review
,Madison Roofing,,-74.1124145,40.6292066,,,OpenStreetMap,node/13191522498,Requires manual review
,Madison Square Park Conservancy,,-73.987449,40.741617,"11 Madison Avenue, New York, 10010",,NYC DCLA,dcla-row-1412,Requires manual review
,"Maestra Music, Inc",,-73.992417,40.753612,"520 8th Ave, New York, 10018",,NYC DCLA,dcla-row-1413,Requires manual review
,"Mafata Dance Company, Inc.",,-73.854206,40.807073,"301 Admiral Lane, Bronx, 10473",,NYC DCLA,dcla-row-1414,Requires manual review
,Magenta Plains,,-73.995463,40.7164341,149 Canal Street,https://magentaplains.com/,OpenStreetMap,node/2567557185,Requires manual review
,"Magic Box Productions, Inc.",,-73.971766,40.748773,"325 East 41st Street, New York, 10017",,NYC DCLA,dcla-row-1415,Requires manual review
,Magic Joe's Shoes,,-73.9559304,40.681645,,,OpenStreetMap,node/9017912438,Requires manual review
,Magic Mechanical Inc,,-73.8517002,40.6827864,88-05 101st Avenue,https://magicmec.com,OpenStreetMap,node/9232810417,Requires manual review
,Magnum Cultural Foundation,,-73.990807,40.726785,"59 East 4th Street, New York, 10003",,NYC DCLA,dcla-row-1416,Requires manual review
,Maid Sailors Cleaning Service,,-74.0016682,40.7082989,257 Water Street,https://maidsailors.com,OpenStreetMap,node/2825125235,Requires manual review
,"Maimouna Keita School of African Dance, Inc.",,-73.949087,40.687132,"304 Quincy Street, Brooklyn, 11216",,NYC DCLA,dcla-row-1417,Requires manual review
,Main Street Theatre & Dance Alliance,,-73.949679,40.761957,"548 Main St, New York, 10044",,NYC DCLA,dcla-row-1418,Requires manual review
,Mainartery Sculpture,,-73.9884051,40.7452836,1178 Broadway,https://www.mainartery.art/,OpenStreetMap,node/12539079815,OpenStreetMap craft/workshop tag
,MainPC Computer,,-73.9584533,40.5984809,1250 Avenue U,https://mainpclab.com/,OpenStreetMap,node/11359032875,Requires manual review
,Major Glass & Metal,,-73.9723143,40.6458964,729 Church Avenue,,OpenStreetMap,node/8307422434,Requires manual review
,Major Music International Corporation,,-73.762234,40.697841,"114-04 Farmers Blvd, St. Albans, 11412",,NYC DCLA,dcla-row-1419,Requires manual review
,"Makam New York, Inc.",,-73.955209,40.799584,"1800 Adam Clayton Powell Jr Blvd apt 6D, New York, 10026",,NYC DCLA,dcla-row-1420,Requires manual review
,"Make Music New York, Inc.",,-73.922462,40.777298,"1919 24th Avenue, L210, Astoria, 11102",,NYC DCLA,dcla-row-1421,Requires manual review
,Make the Road New York,,-74.1337665,40.6372337,,,OpenStreetMap,node/12988631963,Requires manual review
,Make the Road New York,,-73.915575,40.698505,"301 Grove Street, Brooklyn, 11237",,NYC DCLA,dcla-row-1423,Requires manual review
,Maker Park Radio Incorporated,,-74.074056,40.626437,"450 Front Street Ste A, Staten Island, 10304",,NYC DCLA,dcla-row-1422,Requires manual review
,"Making Books Sing, Inc.",,-73.969339,40.751943,"340 East 46 Street, New York, 10017",,NYC DCLA,dcla-row-1424,Requires manual review
,Malcolm X & Dr. Betty Shabazz Memorial and Educational Center,,-73.9406753,40.8393577,3940 Broadway,https://theshabazzcenter.org,OpenStreetMap,node/8307408828,Requires manual review
,Malin Gallery,,-74.0022364,40.75193,515 West 29th Street,https://www.malingallery.com,OpenStreetMap,node/10860703819,Requires manual review
,Maloney Library,,-73.9855103,40.7717374,150 West 62nd Street,https://library.law.fordham.edu/,OpenStreetMap,node/9989146511,Requires manual review
,"Mama Foundation for the Arts, Inc.",,-73.946375,40.809036,"149 West 126th Street, New York, 10027",,NYC DCLA,dcla-row-1426,Requires manual review
,Maman NYC,,-74.0062313,40.7189179,211 West Broadway,https://www.mamannyc.com/,OpenStreetMap,node/4900271321,Requires manual review
,MamaSushi,,-73.9277496,40.8661804,237 Dyckman Street,https://mamasushi.com/,OpenStreetMap,node/5400494705,Requires manual review
,"Mandl School, The College of Allied Health",,-73.9837824,40.7644509,254 West 54th Street,https://mandl.edu/,OpenStreetMap,node/9951354282,Requires manual review
,Mangi Electrical,,-74.1331094,40.6375007,,,OpenStreetMap,node/13191522641,Requires manual review
,"Manhattan Art Program, Inc.",,-73.990487,40.745342,"800 6th avenue, suite 11C, New York, 10010",,NYC DCLA,dcla-row-1427,Design-related name in DCLA Visual Arts discipline
,"Manhattan Class Company, Inc.",,-73.991722,40.766299,"511 W. 52nd St., New York, 10019",,NYC DCLA,dcla-row-1429,Requires manual review
,Manhattan College,,-73.9016002,40.8884455,4513 Manhattan College Parkway,https://manhattan.edu/,OpenStreetMap,relation/14439819,Requires manual review
,Manhattan Community Access Corporation,,-73.997831,40.757343,"509 W. 38th Street, New York, 10018",,NYC DCLA,dcla-row-1430,Requires manual review
,Manhattan Graphics Center,,-73.987079,40.676204,"322 3rd Ave, Brooklyn, 11215",,NYC DCLA,dcla-row-1431,Requires manual review
,Manhattan HD Corp.,,-73.9326562,40.8490037,,,OpenStreetMap,node/11976751735,Requires manual review
,Manhattan Library,,-73.982456,40.7696586,1855 Broadway,https://www.nyit.edu/library/manhattan,OpenStreetMap,node/9437235127,Design-related library
,Manhattan School of Music,,-73.9613265,40.8125196,,https://www.msmnyc.edu,OpenStreetMap,way/137341003,Requires manual review
,Manhattan School of Music,,-73.96175,40.81272,"130 Claremont Avenue, New York, 10027",,NYC DCLA,dcla-row-1432,Requires manual review
,"Manhattan Sprout, Inc.",,-73.972584,40.794981,"270 West 96th Street, New York, 10025",,NYC DCLA,dcla-row-1433,Requires manual review
,"Manhattan Theatre Club, Inc.",,-73.989922,40.75818,"311 West 43rd Street, New York, 10036",,NYC DCLA,dcla-row-1434,Requires manual review
,Manhattan Theatre Source Incorporated,,-73.998142,40.732783,"177 MacDougal Street, New York, 10011",,NYC DCLA,dcla-row-1435,Requires manual review
,Manhattan Time Service,,-73.9798,40.7560878,2 West 46th Street,https://www.watchrepairny.com,OpenStreetMap,node/9819400061,Requires manual review
,"Manna House Workshops, Inc.",,-73.941005,40.790012,"338 East 106th Street, New York, 10029",,NYC DCLA,dcla-row-1436,Requires manual review
,Manning Electric,,-74.000825,40.6600643,154 27th Street,http://www.manning-electric.com,OpenStreetMap,way/249606303,Requires manual review
,Mano a Mano: Mexican Culture Without Borders,,-73.964168,40.811101,"475 Riverside Drive, New York, 10115",,NYC DCLA,dcla-row-1437,Requires manual review
,Manolo Costa,,-73.9658528,40.766039,130 1/4 East 65th Street,https://www.manolocosta.com/,OpenStreetMap,node/6217348308,Requires manual review
,Manor Tailoring,,-74.1238803,40.6171375,432 Manor Road,,OpenStreetMap,node/5536929230,Requires manual review
,Mantione Studios Photography,,-73.8963085,40.704775,68-12 Fresh Pond Road,http://www.mantione.com/,OpenStreetMap,node/5410399583,OpenStreetMap craft/workshop tag
,Maoz,,-73.9893834,40.7580938,683 8th Avenue,,OpenStreetMap,node/4058593771,Requires manual review
,"MAP Fund, Inc.",,-73.940798,40.807485,"12 East 127th Street, New York, 10035",,NYC DCLA,dcla-row-1439,Requires manual review
,Mapleton Branch Brooklyn Public Library,,-73.9894408,40.6230594,1702 60th Street,https://www.bklynlibrary.org/locations/mapleton,OpenStreetMap,way/249119129,Requires manual review
,MARCH,,-73.9845324,40.7244007,64 Avenue A,https://www.marchgallery.org,OpenStreetMap,node/9978882268,Requires manual review
,"Mare Nostrum Elements, Inc.",,-73.90046,40.745072,"39-48 64th Street, WOODSIDE, 11377",,NYC DCLA,dcla-row-1441,Requires manual review
,Margaret Thatcher Projects,,-74.0056655,40.7485387,539 West 23rd Street,https://thatcherprojects.com,OpenStreetMap,node/10859974171,Requires manual review
,Marianne Boesky Gallery,,-74.0043141,40.7487557,509 West 24th Street,https://marianneboeskygallery.com,OpenStreetMap,node/10859974155,Requires manual review
,Marianne Boesky Gallery,,-74.004134,40.7486851,507 West 24th Street,https://marianneboeskygallery.com,OpenStreetMap,node/10859974156,Requires manual review
,Marie-Christine Giordano Dance Company,,-73.997524,40.660164,"220 25th St, Brooklyn, 11232",,NYC DCLA,dcla-row-1442,Requires manual review
,"Marine Park Alliance, Corp.",,-73.937467,40.608592,"3000 Fillmore Ave, Brooklyn, 11234",,NYC DCLA,dcla-row-1443,Requires manual review
,Marine Park Community Association,,-73.934028,40.608036,"3221 Avenue S, Brooklyn, 11234",,NYC DCLA,dcla-row-1444,Requires manual review
,Mariners Harbor Library,,-74.1666022,40.6346877,206 South Avenue,https://www.nypl.org/locations/mariners-harbor,OpenStreetMap,way/241790268,Requires manual review
,Mario's French Cleaners,,-73.9891842,40.6694545,457 4th Avenue,,OpenStreetMap,node/2550581330,Requires manual review
,Marissa's Design,,-73.9365906,40.6683503,303 Troy Avenue,,OpenStreetMap,node/2566979960,OpenStreetMap craft/workshop tag
,Maritime National Museum,,-73.7910534,40.8051618,,https://www.sunymaritime.edu/aboutpublic-programsmaritime-industry-museum/about-maritime-museum,OpenStreetMap,node/3940807665,Design-related museum or gallery
,Market Hotel,,-73.934588,40.6969323,1140 Myrtle Avenue,https://www.markethotel.org,OpenStreetMap,node/6681860377,OpenStreetMap arts-centre tag
,Marlborough Gallery,,-74.005004,40.7498665,545 West 25th Street,https://www.marlboroughnewyork.com,OpenStreetMap,node/10859974146,Requires manual review
,Marlow & Daughters,,-73.9650646,40.710604,95 Broadway,https://marlowanddaughters.com/,OpenStreetMap,node/5796141854,Requires manual review
,"Marquis Studios, Ltd.",,-73.986587,40.704313,"20 Jay Street, Suite 826, Brooklyn, 11201",,NYC DCLA,dcla-row-1445,Requires manual review
,"Martha Graham Center of Contemporary Dance, Inc.",,-74.008494,40.736955,"55 Bethune Street, New York, 10014",,NYC DCLA,dcla-row-1446,Requires manual review
,Martin Busch Jewelers,,-74.0066887,40.7084095,85 John Street,,OpenStreetMap,node/6020091130,Requires manual review
,"Martin Luther King, Jr. Concert Series, Inc.",,-73.990758,40.693014,"32 Court Street, Brooklyn, 11201",,NYC DCLA,dcla-row-1448,Requires manual review
,"Martina Arroyo Foundation, Inc.",,-73.979444,40.767019,"200 Central Park South, #20-i, New York, 10019",,NYC DCLA,dcla-row-1447,Requires manual review
,Martinez Iron Work,,-73.7862897,40.6890403,113-12 Guy R Brewer Boulevard,,OpenStreetMap,way/282902182,Requires manual review
,Martos Gallery,,-73.9968271,40.7170446,,https://www.martosgallery.com/,OpenStreetMap,node/8694261205,Requires manual review
,Mary Miss / City as Living Laboratory,,-74.010433,40.718559,"349 Greenwich Street, New York, 10013",,NYC DCLA,dcla-row-1449,Requires manual review
,Marymount Manhattan College,,-73.9595672,40.7688356,,https://www.mmm.edu,OpenStreetMap,relation/19444640,Requires manual review
,Maspeth Branch Queens Borough Public Library,,-73.8930853,40.7269756,69-70 Grand Avenue,https://www.queenslibrary.org/about-us/locations/maspeth,OpenStreetMap,way/280281247,Requires manual review
,"Maspeth Town Hall, Inc.",,-73.892367,40.730158,"53-37 72nd Street, Maspeth, 11378",,NYC DCLA,dcla-row-1450,Requires manual review
,Mass Transit Street Theater,,-73.90033,40.877505,"3101 Kingsbridge Terrace, Bronx, 10463",,NYC DCLA,dcla-row-1451,Requires manual review
,"MasterVoices, Inc.",,-73.975741,40.763719,"57 W 57th Street, New York, 10019",,NYC DCLA,dcla-row-1452,Requires manual review
,Matthew Marks Gallery,,-74.0059397,40.7474526,526 West 22nd Street,,OpenStreetMap,node/10861543614,Requires manual review
,Matthew Marks Gallery,,-74.0056957,40.7473449,522 West 22nd Street,,OpenStreetMap,node/10861543615,Requires manual review
,"Matthew Westerby Dance Company, Inc.",,-73.921313,40.866493,"125 Vermilyea Avenue, New York, 10034",,NYC DCLA,dcla-row-1453,Requires manual review
,Maurro & Sons Plumbing & Heating,,-74.0028305,40.6107601,8208 17th Avenue,,OpenStreetMap,node/12945048507,Requires manual review
,Max Shoe Repair & Shine,,-73.9877533,40.740586,28 East 23rd Street,,OpenStreetMap,node/7678152125,Requires manual review
,May Ship Repair Contracting Corp.,,-74.1620802,40.6385907,,,OpenStreetMap,node/13050292751,Requires manual review
,"Maysles Institute, Inc.",,-73.944416,40.809254,"343 Malcolm X Blvd, New York, 10027",,NYC DCLA,dcla-row-1455,Requires manual review
,Mazzone Hardware,,-73.9981287,40.6780699,470 Court Street,https://www.acehardware.com/store-details/15710,OpenStreetMap,node/4194083877,OpenStreetMap craft/workshop tag
,McDougald Jackson Leake Community Development Corporation,,-73.915918,40.852496,"1820 Loring Place, Bronx, 10453",,NYC DCLA,dcla-row-1456,Requires manual review
,Mcgoldrick,,-73.8098416,40.7637476,155-06 Roosevelt Avenue,https://www.queenslibrary.org/about-us/locations/mcgoldrick,OpenStreetMap,way/284526634,Requires manual review
,McKinley Park Library,,-74.0118679,40.6292149,6802 Fort Hamilton Parkway,https://www.bklynlibrary.org/locations/mckinley-park,OpenStreetMap,way/249534962,Requires manual review
,"McKoy Dance Project, Inc",,-73.979682,40.684937,"539 Atlantic Avenue, #170-377, Brooklyn, 11217",,NYC DCLA,dcla-row-1457,Requires manual review
,Meal Mart,,-73.9554394,40.6183855,,https://www.mealmartavem.com,OpenStreetMap,node/10653350279,Requires manual review
,Meals on Wheels,,-74.1361771,40.6341407,,,OpenStreetMap,node/13023118500,Requires manual review
,Medgar Evers College,,-73.9555397,40.6666554,,https://www.mec.cuny.edu,OpenStreetMap,relation/13496980,Requires manual review
,MEDIA ART XPLORATION INC,,-74.007538,40.734923,"132 Perry Street #5, New York, 10014",,NYC DCLA,dcla-row-1458,Requires manual review
,Medical Society County of Kings,,-74.0236712,40.628084,,,OpenStreetMap,node/2552909475,Requires manual review
,"Medicine Show Theatre Ensemble, Inc.",,-73.992635,40.766683,"549 West 52nd Street, New York, 10019",,NYC DCLA,dcla-row-1459,Requires manual review
,Megan Jill Paznik,,-73.998394,40.744396,"275 West 22nd Street, Suite 2A, New York, 10011",,NYC DCLA,dcla-row-1460,Requires manual review
,"Mekong, Inc.",,-73.898444,40.871813,"84 W 197th St, Bronx, 10468",,NYC DCLA,dcla-row-1461,Requires manual review
,"Melodia Women's Choir of NYC, Inc.",,-73.991683,40.762176,"446 W 47th St, New York, 10036",,NYC DCLA,dcla-row-1462,Requires manual review
,Melrose Library,,-73.9175706,40.8265889,910 Morris Avenue,https://www.nypl.org/locations/melrose,OpenStreetMap,way/275323619,Requires manual review
,"Melting Pot Theatre, Inc.",,-73.974417,40.791029,"2444 Broadway, Suite 231, New York, 10024",,NYC DCLA,dcla-row-1463,Requires manual review
,"Mencius Society for the Arts, Inc.",,-73.985004,40.717466,"175 Delancey St, New York, 10002",,NYC DCLA,dcla-row-1464,Requires manual review
,Mendel Gottesman Library,,-73.9291892,40.8509707,2520 Amsterdam Avenue,,OpenStreetMap,node/368050642,Requires manual review
,Mendelssohn Glee Club,,-73.973221,40.793546,"250 W 94th St, New York, 10025",,NYC DCLA,dcla-row-1465,Requires manual review
,Mercantile Library Association of the City of New York,,-73.97851,40.68679,"15 Lafayette Ave, Brooklyn, 11217",,NYC DCLA,dcla-row-1466,Requires manual review
,Merchant's House Museum,,-73.9923438,40.7276576,29 East 4th Street,https://merchantshouse.org/,OpenStreetMap,way/247838607,Design-related museum or gallery
,Mercury Store,,-73.9911646,40.6726255,131 8th Street,https://mercurystore.com,OpenStreetMap,way/241850719,OpenStreetMap arts-centre tag
,Mercy Corps,,-74.016503,40.71583,"6 River Terrace, New York, 10282",,NYC DCLA,dcla-row-1467,Requires manual review
,Mercy University,,-73.9871027,40.7496978,47 West 34th Street,,OpenStreetMap,node/2709702410,Requires manual review
,Meredith Zinner Photography,,-73.992287,40.6691899,157 13th Street,https://meredith-zinner-photography.com/,OpenStreetMap,node/10834368765,OpenStreetMap craft/workshop tag
,Merlino Photo Studio,,-74.1363367,40.6334023,,,OpenStreetMap,node/12988608476,OpenStreetMap craft/workshop tag
,"Metallic General Construction, Inc",,-73.7753609,40.672653,134-24 Guy R Brewer Boulevard,,OpenStreetMap,node/2868653148,Requires manual review
,MetaMorfosi,,-74.0030315,40.7178117,378 Broadway,https://www.metamorfosiny.org,OpenStreetMap,node/12479654312,Requires manual review
,Metaphor Projects,,-73.9857727,40.6871133,,https://metaphorprojects.com,OpenStreetMap,node/5809142477,Requires manual review
,Metro Caninet & Flooring,,-73.8528963,40.7108997,100-07 Metropolitan Avenue,,OpenStreetMap,node/13005426187,Requires manual review
,Metro Chamber Orchestra Incorporated,,-74.012057,40.605507,"8831 16th Avenue, Brooklyn, 11214",,NYC DCLA,dcla-row-1469,Requires manual review
,Metro Craft,,-73.9610395,40.6796843,,https://metrocraft.nyc,OpenStreetMap,node/12608602579,OpenStreetMap arts-centre tag
,"Metropolis Ensemble, Inc.",,-73.882979,40.752906,"34-33 84th Street, Jackson Heights, 11372",,NYC DCLA,dcla-row-1470,Requires manual review
,Metropolitan College of New York - Bronx Campus,,-73.9153259,40.8152756,,,OpenStreetMap,node/6058073504,Requires manual review
,Metropolitan Graphic Art Gallery,,-73.9551746,40.7728676,1504 2nd Avenue,https://mgagallery.com,OpenStreetMap,node/12150623970,Design-related museum or gallery
,Metropolitan Historic Structures Association,,-73.987433,40.730817,"232 East 11th Street, New York, 10003",,NYC DCLA,dcla-row-1471,Requires manual review
,Metropolitan Museum of Art,,-73.962546,40.778633,"1000 Fifth Avenue, New York, 10028",,NYC DCLA,dcla-row-1472,Design-related name in DCLA Visual Arts discipline
,Metropolitan Music Community,,-73.954811,40.726406,"65 Meserole Ave, Brooklyn, 11122",,NYC DCLA,dcla-row-1473,Requires manual review
,"Metropolitan Opera Association, Inc.",,-73.982761,40.772018,"30 Lincoln Center Plaza, New York, 10023",,NYC DCLA,dcla-row-1474,Requires manual review
,Metropolitan Plumbing and Heating,,-73.9990385,40.6617246,194 24th Street,https://www.metropolitanplumbing.com/,OpenStreetMap,way/248241129,Requires manual review
,Mexican American Symphony Orchestra,,-73.981454,40.77109,"30 West 63rd Street, New York, 10023",,NYC DCLA,dcla-row-1475,Requires manual review
,Mexican Cultural Institute,,-73.980012,40.750636,"27 East 39th Street, New York, 10016",,NYC DCLA,dcla-row-1476,Requires manual review
,"Mexicanos Unidos de Queens, Inc.",,-73.874136,40.758622,"94-28 32nd Avenue, East Elmhurst, 11369",,NYC DCLA,dcla-row-1477,Requires manual review
,MF Discount,,-73.9771392,40.6439162,309 Church Avenue,,OpenStreetMap,node/2561979811,Requires manual review
,Mi Bella Dama,,-73.9237546,40.7016763,296 Knickerbocker Avenue,http://mibelladama.us/,OpenStreetMap,node/5642918230,Requires manual review
,Mi Montuno,,-73.963219,40.6739786,,,OpenStreetMap,node/5747704993,Requires manual review
,Michael Altman Fine Art,,-73.965721,40.7700521,38 East 70th Street,https://mnafineart.com/,OpenStreetMap,node/4798493527,Design-related museum or gallery
,Michael Chekhov Theatre Company,,-74.003987,40.725644,"161 Sixth Avenue, 14th Floor, New York, 10013",,NYC DCLA,dcla-row-1478,Requires manual review
,Michael Grecco Productions,,-73.9061567,40.6934173,340 Eldert Street,https://michaelgrecco.com,OpenStreetMap,node/5475307605,Requires manual review
,Michael Rosenfield Art,,-74.0077206,40.7461924,100 11th Avenue,https://michaelrosenfeldart.com,OpenStreetMap,node/10873303787,Design-related museum or gallery
,Michael's Shoe & Watch Repair,,-73.9941293,40.6811079,,,OpenStreetMap,node/5558007852,Requires manual review
,Michael's Shoe Repair,,-73.7363546,40.713296,,,OpenStreetMap,node/6673008608,Requires manual review
,Michelson Studio,,-74.0095721,40.7361444,163 Bank Street,http://michelsonstudio.com/,OpenStreetMap,node/6122361485,OpenStreetMap craft/workshop tag
,Microscope Gallery,,-74.0026522,40.7521088,525 West 29th Street,https://microscopegallery.com,OpenStreetMap,node/10860703820,Requires manual review
,"Mid-Bronx Senior Citizens Council, Inc.",,-73.92228,40.827401,"900 Grand Concourse, Bronx, 10451",,NYC DCLA,dcla-row-1479,Requires manual review
,Midland Electric,,-74.0114921,40.6514233,273 44th Street,,OpenStreetMap,node/9783621649,Requires manual review
,"Midori Foundation, Inc.",,-73.993893,40.749086,"251 West 30th Street Suite 15E, New York, 10001",,NYC DCLA,dcla-row-1480,Requires manual review
,"Midtown Management Group, Inc.",,-73.991449,40.760038,"630 Ninth Avenue, New York, 10036",,NYC DCLA,dcla-row-1481,Requires manual review
,Midwood Doors & Millwork,,-74.0185027,40.6508019,4907 1st Avenue,https://midwooddoorsonline.com,OpenStreetMap,node/2561743491,Requires manual review
,Miguel Abreu Gallery,,-73.9912912,40.715832,36 Orchard Street,https://miguelabreugallery.com/,OpenStreetMap,node/9346533768,Requires manual review
,Mike's Deli,,-74.0314301,40.6157957,,https://mikesdeligrill.com,OpenStreetMap,node/8981032233,Requires manual review
,Mike's Dry Cleaners and Shoe Repair,,-73.9737876,40.6793138,281 Flatbush Avenue,,OpenStreetMap,node/2701925858,Requires manual review
,Mike's Place,,-74.1107128,40.5711304,,,OpenStreetMap,node/10195932410,Requires manual review
,Mike’s Tech Shop,,-73.9952876,40.7412802,120 West 20th Street,https://mikestechshop.com/,OpenStreetMap,node/13682218302,Requires manual review
,Mikkeller NYC,,-73.844344,40.7569588,123-01 Roosevelt Avenue,https://www.mikkellernyc.com/,OpenStreetMap,node/5914855281,Requires manual review
,Miles McEnery Gallery,,-74.0053206,40.7474277,511 West 22nd Street,https://www.milesmcenery.com,OpenStreetMap,node/10861418204,Requires manual review
,Miles McEnery Gallery,,-74.0055719,40.7475186,515 West 22nd Street,https://www.milesmcenery.com,OpenStreetMap,node/10861543605,Requires manual review
,Miles McEnery Gallery,,-74.0057558,40.7476043,525 West 22nd Street,https://www.milesmcenery.com,OpenStreetMap,node/10861543606,Requires manual review
,Miles McEnery Gallery,,-74.0062465,40.7467488,520 West 21st Street,https://www.milesmcenery.com,OpenStreetMap,node/10861543607,Requires manual review
,Mill Basin Branch Brooklyn Public Library,,-73.916977,40.6198418,2385 Ralph Avenue,,OpenStreetMap,way/250015281,Requires manual review
,Millennium Dance Company,,-73.908741,40.853537,"2038 Davidson Avenue, New York, 10453",,NYC DCLA,dcla-row-1482,Requires manual review
,Millennium Film Workshop,,-73.9242333,40.6999878,167 Wilson Avenue,https://www.millenniumfilm.org/,OpenStreetMap,node/12832587001,OpenStreetMap arts-centre tag
,"Millennium Film Workshop, Inc.",,-73.924311,40.699911,"167 Wilson Avenue, Brooklyn, 11237",,NYC DCLA,dcla-row-1483,Requires manual review
,Millie’s Cuban Café,,-73.9249689,40.700436,151 Wilson Avenue,https://milliescubancafe.com/,OpenStreetMap,node/6127400954,Requires manual review
,Milstein Center for Teaching and Learning,,-73.9636493,40.8096878,40 Claremont Avenue,,OpenStreetMap,way/274985956,Requires manual review
,Milton Resnick and Pat Passlof Foundation,,-73.992435,40.717264,"87 Eldridge Street, New York, 10002",,NYC DCLA,dcla-row-1484,Requires manual review
,"Mind to Move, Inc.",,-73.962656,40.65959,"135 Ocean Avenue, Brooklyn, 11225",,NYC DCLA,dcla-row-1486,Requires manual review
,"Mindbuilders Creative Arts, Inc.",,-73.868125,40.87593,"3415 Olinville Ave, Bronx, 10467",,NYC DCLA,dcla-row-1485,Requires manual review
,Mint Bay,,-74.0280498,40.6312254,,https://www.mintbayindiancuisineny.com,OpenStreetMap,node/2552693318,Requires manual review
,Mint Masala,,-74.001062,40.7294683,95 MacDougal Street,https://mintmasalaindiancuisine.com,OpenStreetMap,node/5099589357,Requires manual review
,"Mint Theater Company, Inc.",,-73.993254,40.758682,"412 W 42nd St, New York, 10036",,NYC DCLA,dcla-row-1487,Requires manual review
,Miracle Studio,,-73.7427744,40.6767251,,,OpenStreetMap,node/12387145592,OpenStreetMap craft/workshop tag
,Miriam and Ira D. Wallach Art Gallery,,-73.9586445,40.8172422,615 West 129th Street,https://wallach.columbia.edu/,OpenStreetMap,node/5813555226,Design-related museum or gallery
,"Mirror Theatre, Ltd.",,-73.960581,40.76803,"217 East 70th Street, New York, 10021",,NYC DCLA,dcla-row-1488,Requires manual review
,Misa Hylton Fashion Academy Inc,,-73.991667,40.742441,"71w 23rd street, New York, 10010",,NYC DCLA,dcla-row-1489,Requires manual review
,"MiShinnah Productions, Inc",,-73.95258,40.769753,"435 E. 76th Street Apt. 3D, New York, 10021",,NYC DCLA,dcla-row-1490,Requires manual review
,"Misnomer, Inc.",,-73.982051,40.646519,"16 Micieli Place, Brooklyn, 11218",,NYC DCLA,dcla-row-1491,Requires manual review
,Mitchell-Innes & Nash Art Gallery,,-74.0044964,40.7501321,534 West 26th Street,https://www.miandn.com,OpenStreetMap,node/10859974139,Design-related museum or gallery
,"Mivos Quartet Performing Arts, Inc.",,-73.961193,40.647175,"1911 Albemarle Rd., Brooklyn, 11226",,NYC DCLA,dcla-row-1492,Requires manual review
,Mixteca Organization Inc,,-73.994096,40.659942,"245 23rd St 2nd Floor, Brooklyn, 11215",,NYC DCLA,dcla-row-1493,Requires manual review
,MJJ Marble Tile Terrazzo & Granite,,-73.9830101,40.6800507,305-311 Douglass Street,,OpenStreetMap,way/691034385,Requires manual review
,ML Graphic & Printing,,-73.9916285,40.7156258,,,OpenStreetMap,node/11523643184,OpenStreetMap craft/workshop tag
,Mmuseumm,,-74.002815,40.717363,4 Cortlandt Alley,https://www.mmuseumm.com/,OpenStreetMap,node/5640186350,Requires manual review
,Mobile Auto Locksmith,,-73.8622207,40.8487279,1913 Bronxdale Avenue,https://www.mobileauto-locksmith.com/,OpenStreetMap,node/11998423399,Requires manual review
,MoCADA  Culture Lab II,,-73.9785143,40.6863854,10 Lafayette Avenue,https://mocada.org,OpenStreetMap,node/13695739587,Design-related museum or gallery
,MODArts Dance Collective,,-73.953821,40.811627,"145 Morningside Avenue, New York, 10027",,NYC DCLA,dcla-row-1494,Requires manual review
,Moliere in the Park Inc.,,-73.967832,40.674189,"295 St. Johns Place, Brooklyn, 11238",,NYC DCLA,dcla-row-1495,Requires manual review
,Molly's Milk Truck,,-73.9264546,40.703232,,https://mollysmilktruck.com/,OpenStreetMap,node/5695162348,Requires manual review
,MoMA,,-73.9775451,40.761612,11 West 53rd Street,https://www.moma.org/,OpenStreetMap,way/278346578,Requires manual review
,MoMA PS1,,-73.9474943,40.7455513,,https://momaps1.org/,OpenStreetMap,way/370574294,OpenStreetMap arts-centre tag
,"Momenta Art, Inc.",,-73.893465,40.681958,"220 Highland Boulevard, 3-0, Brooklyn, 11207",,NYC DCLA,dcla-row-1496,Design-related name in DCLA Visual Arts discipline
,"Monica Bill Barnes & Company, Inc.",,-74.002818,40.735621,"41 Perry Street, New York, 10014",,NYC DCLA,dcla-row-1497,Requires manual review
,Monroe College,,-73.9002127,40.8643147,,https://www.monroecollege.edu/student-life/bronx-ny-campus,OpenStreetMap,way/1184889206,Requires manual review
,Mont Sec House,,-74.0590231,40.6061551,,,OpenStreetMap,way/241850443,Requires manual review
,Montague Cleaners & Laundry,,-73.9937166,40.6944872,,,OpenStreetMap,node/9123093704,Requires manual review
,Montalbano's,,-74.0674452,40.6153194,,,OpenStreetMap,node/11040482706,Requires manual review
,Montserrat Contemporary Art,,-74.0044236,40.7512504,547 West 27th Street,https://montserrat.us,OpenStreetMap,node/10860703824,Design-related museum or gallery
,Monumental Marble,,-74.0898118,40.6460341,,,OpenStreetMap,node/13071335846,Requires manual review
,"Monuments By Effie, Inc",,-73.9065059,40.7733321,38-05 Ditmars Boulevard,,OpenStreetMap,node/5155768482,Requires manual review
,Moon Contractor Co,,-73.9998645,40.7162128,108 Bayard Street,,OpenStreetMap,node/6219132406,Requires manual review
,Moonlight Caterers,,-74.1496644,40.5507643,,,OpenStreetMap,node/12950507989,Requires manual review
,Moose Hall Theatre Company,,-73.918937,40.872623,"25 Indian Road, #4G, New York, 10034",,NYC DCLA,dcla-row-1498,Requires manual review
,Moravian Monuments,,-74.1117005,40.581866,,,OpenStreetMap,node/12986703295,Requires manual review
,"Morballet, Inc.",,-73.969458,40.801139,"315 W 105th ST, New York, 10025",,NYC DCLA,dcla-row-1499,Requires manual review
,More Air Mechanical,,-73.8736763,40.7629494,95-13 Astoria Boulevard,,OpenStreetMap,way/281396255,Requires manual review
,"More Art, Inc.",,-73.998546,40.74212,"219 W 19th St, New York, 10011",,NYC DCLA,dcla-row-1500,Requires manual review
,More Gardens Fund,,-73.985213,40.718828,"79 Clinton Street, New York, 10002",,NYC DCLA,dcla-row-1501,Requires manual review
,Morgan Lehman Gallery,,-74.0041101,40.7499777,526 West 26th Street,https://www.morganlehmangallery.com,OpenStreetMap,node/10861434360,Requires manual review
,Morgan Presents,,-73.9852723,40.7208065,155 Suffolk Street,https://www.morgan-presents.com/,OpenStreetMap,node/4771881065,Requires manual review
,Morgenthal Fredericks,,-74.0018587,40.7244074,399 West Broadway,https://morgenthalfrederics.com/pages/soho,OpenStreetMap,node/9664890812,Requires manual review
,Morningside Heights,,-73.9649202,40.806122,2900 Broadway,https://www.nypl.org/locations/morningside-heights,OpenStreetMap,node/2631399309,Requires manual review
,"Morphoses, Ltd.",,-73.975827,40.757519,"437 Madison Avenue, New York, 10022",,NYC DCLA,dcla-row-1502,Requires manual review
,Morris Park Library,,-73.8568163,40.8480269,985 Morris Park Avenue,https://www.nypl.org/locations/morris-park,OpenStreetMap,node/2857069078,Requires manual review
,Morris-Jumel Mansion,,-73.9385796,40.8344678,,https://www.morrisjumel.org/,OpenStreetMap,way/275014150,Requires manual review
,"Morris-Jumel Mansion, Inc.",,-73.938562,40.835076,"65 Jumel Terrace, New York, 10032",,NYC DCLA,dcla-row-1503,Requires manual review
,Morrisania Library,,-73.90179,40.831245,610 East 169th Street,https://www.nypl.org/locations/morrisania,OpenStreetMap,way/275333976,Requires manual review
,Mosaic Artspace,,-73.9358696,40.7393149,49-28 31st Place,https://www.mosaicartspace.com/,OpenStreetMap,node/14019446033,Requires manual review
,Moshava Art,,-73.9984234,40.7332901,,,OpenStreetMap,node/10717839795,Design-related museum or gallery
,Mosholu Library,,-73.8783872,40.8743774,285 East 205th Street,https://www.nypl.org/locations/mosholu,OpenStreetMap,way/258828588,Requires manual review
,Mosholu Preservation Corporation,,-73.8757441,40.8790035,,https://www.mpcbronx.org,OpenStreetMap,node/368052113,Requires manual review
,"Mostly Modern Projects, Inc.",,-73.992636,40.759302,"400 W 43RD ST APT 39S, New York, 10036",,NYC DCLA,dcla-row-1504,Requires manual review
,Mott Haven Film Festival,,-73.927427,40.813409,"15 Canal Pl, Bronx, 10451",,NYC DCLA,dcla-row-1506,Requires manual review
,Mott Haven Library,,-73.9243881,40.811604,321 East 140th Street,https://www.nypl.org/locations/mott-haven,OpenStreetMap,way/275265411,Requires manual review
,Mount Vernon Hotel Museum,,-73.9597128,40.7605217,421 East 61st Street,https://mvhm.org/,OpenStreetMap,way/266199252,Design-related museum or gallery
,Mouse Ceramic Studio,,-73.9695564,40.643679,1012 Beverley Road,https://www.mouseceramicstudio.com,OpenStreetMap,node/6044324735,OpenStreetMap craft/workshop tag
,MOVE NYC Foundation Inc.,,-73.998607,40.741379,"217 W. 18th Street, #320, New York, 10013",,NYC DCLA,dcla-row-1508,Requires manual review
,"Movement Research, Inc.",,-73.984785,40.728261,"150 First Avenue, New York, 10009",,NYC DCLA,dcla-row-1507,Requires manual review
,Moving Mountains Inc.,,-73.985501,40.703729,"195 Plymouth Street, suite 4-4, Brooklyn, 11201",,NYC DCLA,dcla-row-1510,Requires manual review
,"Moving Theater, Inc.",,-73.914886,40.703896,"466 Harman Street #3L, Brooklyn, 11237",,NYC DCLA,dcla-row-1511,Requires manual review
,MPG Glass,,-74.1468774,40.5431772,,https://mpg-glass.com,OpenStreetMap,node/12694650524,Requires manual review
,MR Glass Tempering,,-73.9957036,40.6683897,38 15th Street,https://www.mrglasstempering.com,OpenStreetMap,way/249634166,Requires manual review
,Mr. Air NYC,,-73.9950745,40.6743863,59C 9th Street,https://www.mrairnyc.com,OpenStreetMap,node/6433148364,Requires manual review
,Mr. Air NYC,,-73.9952457,40.6690367,78 14th Street,https://www.mrairnyc.com,OpenStreetMap,way/248171429,Requires manual review
,Mr. Anthony Cleaners,,-73.9792274,40.7374191,355 East 23rd Street,https://mranthonycleaners.com,OpenStreetMap,node/2704093156,Requires manual review
,MU&E Glass Corp.,,-74.0934445,40.5848911,,,OpenStreetMap,node/12013171293,Requires manual review
,Mud Genius,,-73.7769787,40.7786187,212-91 26th Avenue,http://www.mudgenius.com/,OpenStreetMap,node/10937200458,Requires manual review
,Muddguts,,-73.9450748,40.7177377,,,OpenStreetMap,node/6067527913,Requires manual review
,MUGI Pottery,,-73.9642268,40.8021288,993 Amsterdam Avenue,https://www.mugipottery.com/,OpenStreetMap,node/8831369669,Requires manual review
,Muhlenberg Library,,-73.9959598,40.7445118,209 West 23rd Street,https://www.nypl.org/locations/muhlenberg,OpenStreetMap,way/264650639,Requires manual review
,Mulberry Cleaners,,-73.9959029,40.7225625,,,OpenStreetMap,node/1861652105,Requires manual review
,Mulberry Street Library,,-73.9955982,40.724164,10 Jersey Street,https://www.nypl.org/locations/mulberry-street,OpenStreetMap,node/2622533198,Requires manual review
,Muller Works Foundation,,-73.993349,40.744011,"131 West 24th Street, 4th Floor, New York, 10011",,NYC DCLA,dcla-row-1512,Requires manual review
,"Multicultural Music Group, Inc.",,-73.927849,40.820221,"601 Walton Ave, Bronx, 10451",,NYC DCLA,dcla-row-1513,Requires manual review
,Multicultural Youth Arts Program,,-73.736817,40.735279,"82-46 234th street, Bellerose Manor, 11427",,NYC DCLA,dcla-row-1514,Requires manual review
,Municipal Art Society of New York,,-74.011113,40.708486,"111 Broadway, New York, 10006",,NYC DCLA,dcla-row-1515,DCLA Architecture/Design discipline
,Murray Hill Cleaners,,-73.9770697,40.7494967,129 East 39th Street,,OpenStreetMap,node/6852207227,Requires manual review
,"MUSE Film and Television, Inc.",,-73.975584,40.760324,"1 East 53rd Street, New York, 10022",,NYC DCLA,dcla-row-1516,Requires manual review
,Museum at Eldridge Street,,-73.993461,40.7147291,12 Eldridge Street,https://www.eldridgestreet.org/,OpenStreetMap,way/250267911,Design-related museum or gallery
,Museum at Eldridge Street,,-73.993713,40.714733,"12 Eldridge St, New York, 10002",,NYC DCLA,dcla-row-1517,Design-related name in DCLA Museum discipline
,Museum for African Art,,-73.949614,40.796304,"1280 Fifth Ave, New York, 10029",,NYC DCLA,dcla-row-1518,Design-related name in DCLA Museum discipline
,Museum Hue,,-73.961739,40.662162,"495 Flatbush Avenue, Brooklyn, 11225",,NYC DCLA,dcla-row-1519,Requires manual review
,"Museum of African American Cinema, Inc.",,-73.947524,40.808644,"163 West 125th Street, Suite 903, New York, 10027",,NYC DCLA,dcla-row-1520,Design-related name in DCLA Museum discipline
,Museum of African Art,,-73.9977778,40.725,,,OpenStreetMap,node/368061657,Design-related museum or gallery
,Museum of American Finance,,-74.009396,40.706331,"48 Wall Street, New York, 10005",,NYC DCLA,dcla-row-1521,Design-related name in DCLA Museum discipline
,Museum of Arts & Design,,-73.981957,40.7677,"2 Columbus Cir, New York, 10019",,NYC DCLA,dcla-row-1522,Design-related name in DCLA Museum discipline
,Museum of Arts and Design,,-73.9820053,40.7673824,2 Columbus Circle,https://www.madmuseum.org/,OpenStreetMap,way/109269297,Design-related museum or gallery
,Museum of Biblical Art,,-73.982137,40.769995,"1865 Broadway, New York, 10023",,NYC DCLA,dcla-row-1523,Design-related name in DCLA Museum discipline
,Museum of Broadway,,-73.9843375,40.7575933,,,OpenStreetMap,node/12917522000,Design-related museum or gallery
,Museum of Bronx History,,-73.8794314,40.8773797,3266 Bainbridge Avenue,https://bronxhistoricalsociety.org/museum-of-bronx-history/,OpenStreetMap,way/276408644,Design-related museum or gallery
,Museum of Chinese in America,,-73.9991571,40.7194554,215 Centre Street,https://www.mocanyc.org,OpenStreetMap,way/1233699772,Design-related museum or gallery
,Museum of Chinese in the Americas,,-73.998867,40.719383,"215 Centre St, New York, 10013",,NYC DCLA,dcla-row-1524,Design-related name in DCLA Museum discipline
,Museum of Comic and Cartoon Art,,-73.997157,40.72496,"594 Broadway, Ste. 401, New York, 10012",,NYC DCLA,dcla-row-1525,Design-related name in DCLA Museum discipline
,Museum of Contemporary African Diasporan Arts,,-73.9744276,40.68535,80 Hanson Place,https://www.mocada.org/,OpenStreetMap,node/8942168458,Design-related museum or gallery
,"Museum of Contemporary African Diasporian Arts, Inc.",,-73.978661,40.686754,"10 Lafayette Ave, Brooklyn, 11217",,NYC DCLA,dcla-row-1526,Design-related name in DCLA Museum discipline
,Museum of Food and Drink,,-73.9495538,40.7189546,62 Bayard Street,https://www.mofad.org/,OpenStreetMap,node/8873306668,Design-related museum or gallery
,Museum of Food and Drink,,-73.992047,40.703301,"55 Water St, New York, 11201",,NYC DCLA,dcla-row-1527,Design-related name in DCLA Museum discipline
,Museum of Ice Cream,,-73.9979181,40.7238576,558 Broadway,https://www.museumoficecream.com/new-york-city,OpenStreetMap,node/7152625885,Design-related museum or gallery
,Museum of Illusions,,-74.0028554,40.7396591,77 8th Avenue,https://newyork.museumofillusions.us,OpenStreetMap,node/6035120505,Design-related museum or gallery
,Museum of Jewish Heritage,,-74.0186031,40.7060437,,https://mjhnyc.org/,OpenStreetMap,relation/7281773,Design-related museum or gallery
,Museum of Jewish Heritage  A Living Memorial to the Holocaust,,-74.018001,40.705806,"36 Battery Place, New York, 10280",,NYC DCLA,dcla-row-1528,Design-related name in DCLA Museum discipline
,Museum of Maritime Navigation and Communication,,-74.065952,40.613825,"1208 Bay Street, Staten Island, 10305",,NYC DCLA,dcla-row-1529,Design-related name in DCLA Museum discipline
,Museum of Modern Art,,-73.977201,40.761002,"11 West 53rd Street, New York, 10019",,NYC DCLA,dcla-row-1530,Design-related name in DCLA Museum discipline
,Museum of Music & Entertainment in New York City,,-73.980402,40.714117,"550 Grand St, New York, 10002",,NYC DCLA,dcla-row-1531,Requires manual review
,Museum of Reclaimed Urban Space,,-73.9778791,40.7257313,155 Avenue C,https://morusnyc.org,OpenStreetMap,node/6481772610,Design-related museum or gallery
,Museum of Sex,,-73.9873576,40.7440374,233 5th Avenue,https://www.museumofsex.com/locations/new-york-city/,OpenStreetMap,node/4224363289,Design-related museum or gallery
,Museum of the City of New York,,-73.9519079,40.792506,1220 5th Avenue,https://www.mcny.org/,OpenStreetMap,way/271220752,Design-related museum or gallery
,Museum of the City of New York,,-73.952448,40.792438,"1220 Fifth Avenue, New York, 10029",,NYC DCLA,dcla-row-1532,Design-related name in DCLA Museum discipline
,Museum of the Moving Image,,-73.9240069,40.7561949,35th Avenue,https://movingimage.us/,OpenStreetMap,node/368061644,Design-related museum or gallery
,Museum of the Moving Image,,-73.9239196,40.7562971,36-01 35th Avenue,https://movingimage.org/,OpenStreetMap,way/280571506,Design-related museum or gallery
,Museum of Women's Resistance,,-73.9529171,40.6640057,279 Empire Boulevard,https://www.museumofwomensresistance.org/,OpenStreetMap,node/6582352776,Design-related museum or gallery
,"Music at the Anthology, Inc.",,-74.00544,40.720404,"260 W Broadway, NY, 10013",,NYC DCLA,dcla-row-1541,Requires manual review
,Music for Autism,,-73.984132,40.743228,"401 Park Avenue South, New York, 10016",,NYC DCLA,dcla-row-1544,Requires manual review
,Music Forward,,-73.975912,40.652007,"1275 Prospect Avenue, Brooklyn, 11218",,NYC DCLA,dcla-row-1545,Requires manual review
,Music from China,,-73.999931,40.713215,"170 Park Row, #12D, New York, 10038",,NYC DCLA,dcla-row-1546,Requires manual review
,Music in the Center,,-73.976747,40.788007,"2350 Broadway, New York, 10024",,NYC DCLA,dcla-row-1549,Requires manual review
,Music on the Inside,,-73.986377,40.778573,"205 West End Avenue, New York, 10023",,NYC DCLA,dcla-row-1550,Requires manual review
,"Music-Theatre Group, Inc.",,-73.986587,40.704313,"20 Jay Street, Brooklyn, 11201",,NYC DCLA,dcla-row-1551,Requires manual review
,"Musica De Camara, Inc.",,-73.9529,40.79181,"1215 Fifth Ave., New York, 10029",,NYC DCLA,dcla-row-1533,Requires manual review
,"Musica Reginae Productions, Ltd.",,-73.90631,40.72184,"59-56 57th Drive, Maspeth, 11378",,NYC DCLA,dcla-row-1538,Requires manual review
,Musica Viva Inc.,,-73.95858,40.775377,"1157 Lexington Ave, New York, 10075",,NYC DCLA,dcla-row-1542,Requires manual review
,"Musical Chairs Chamber Ensemble, Inc.",,-74.123007,40.616739,"289 Potter Avenue, Staten Island, 10314",,NYC DCLA,dcla-row-1534,Requires manual review
,Musical Theatre Factory,,-73.991395,40.755015,"584 8th Ave, New York, 10018",,NYC DCLA,dcla-row-1537,Requires manual review
,Musicals Tonight! Inc.,,-73.97693,40.782551,"150 West 79th Street, New York, 10024",,NYC DCLA,dcla-row-1536,Requires manual review
,"Musicians For Harmony, Inc.",,-73.946545,40.781501,"345 E. 93rd Street, Suite 12B, New York, 10128",,NYC DCLA,dcla-row-1547,Requires manual review
,Musicians Foundation,,-73.989108,40.747991,"875 Sixth Avenue, New York, 10001",,NYC DCLA,dcla-row-1548,Requires manual review
,Muslim American Leadership Alliance,,-73.985619,40.744096,"79 Madison Ave, New York, 10016",,NYC DCLA,dcla-row-1552,Requires manual review
,Muslim American Society of Queens,,-73.897961,40.773851,"46-01 20th Ave, Astoria, 11105",,NYC DCLA,dcla-row-1553,Requires manual review
,Muslim Community Center,,-74.1170539,40.6330915,,,OpenStreetMap,node/13023118460,Requires manual review
,MVS Mechanical,,-74.0918119,40.6454818,,,OpenStreetMap,node/12393932372,Requires manual review
,My Favorite Cleaning & Laundry,,-73.9513196,40.729778,,,OpenStreetMap,node/13641421301,Requires manual review
,My Gallery NYC,,-73.9549768,40.6784206,,https://www.mygallerynyc.com,OpenStreetMap,node/4092434167,Requires manual review
,Myrtle Avenue Revitalization Project,,-73.966431,40.693377,"472 Myrtle Avenue, Second Floor, Brooklyn, 11205",,NYC DCLA,dcla-row-1554,Requires manual review
,Myrtle Gold Treasure,,-73.9077146,40.6998043,55-20 Myrtle Avenue,,OpenStreetMap,node/5540547478,Requires manual review
,MĒRCER LABS,,-74.010453,40.710759,21 Dey Street,https://mercerlabs.com/,OpenStreetMap,node/12193120402,Requires manual review
,n+1 Foundation,,-73.958998,40.729756,"37 Greenpoint Ave, Brooklyn, 11222",,NYC DCLA,dcla-row-1555,Requires manual review
,Nagle Bros. Marble Outlet Corp.,,-74.14795,40.6375506,,,OpenStreetMap,node/13188809586,Requires manual review
,Nahala Boutique,,-74.0204302,40.6339208,,,OpenStreetMap,node/10771646587,Requires manual review
,Najax Cleaners & Tailors,,-73.9811559,40.6596922,,,OpenStreetMap,node/6416865316,Requires manual review
,"Naked Angels, Ltd.",,-74.009053,40.736112,"151 Bank Street, New York, 10014",,NYC DCLA,dcla-row-1557,Requires manual review
,Nan Ke Gallery,,-73.9807691,40.751865,15 East 40th Street,,OpenStreetMap,node/13930995281,Requires manual review
,Nancy Hoffman Gallery,,-74.0034944,40.7505666,520 West 27th Street,https://www.nancyhoffmangallery.com,OpenStreetMap,node/10860703835,Requires manual review
,Nara Roesler Gallery,,-74.0057122,40.7467918,511 West 21st Street,https://nararoesler.art,OpenStreetMap,node/10873196734,Requires manual review
,"Narrows Community Theater, Inc.",,-74.034322,40.615504,"97-28 Third Avenue, #527, Brooklyn, 11209",,NYC DCLA,dcla-row-1558,Requires manual review
,NARS Foundation,,-74.0142176,40.6512481,201 46th Street,https://www.narsfoundation.org/,OpenStreetMap,node/3046604410,OpenStreetMap arts-centre tag
,"NARS Foundation, Inc.",,-74.01426,40.651142,"201 46th Street, 4th Fl., New York City, 11220",,NYC DCLA,dcla-row-1559,Requires manual review
,Nascenta Ltd,,-73.977972,40.764655,"119 W 57th St, New York, 10019",,NYC DCLA,dcla-row-1560,Requires manual review
,National Academy of Design,,-74.0035315,40.7502469,519 West 26th Street,https://nationalacademy.org/,OpenStreetMap,node/11079626705,Design-related museum or gallery
,National Academy of Design,,-74.003844,40.750047,"519 W 26th St, New York, 10001",,NYC DCLA,dcla-row-1561,Design-related name in DCLA Museum discipline
,National Action Network,,-73.9368396,40.8205216,106 West 145th Street,,OpenStreetMap,node/12994269269,Requires manual review
,"National Alliance for Musical Theatre, Inc.",,-73.992417,40.753612,"520 8th Avenue, New York, 10018",,NYC DCLA,dcla-row-1562,Requires manual review
,National Arts Club,,-73.9866814,40.7377541,15 Gramercy Park South,https://www.nacnyc.org,OpenStreetMap,node/2562374815,Design-related community or association
,National Arts Club,,-73.986483,40.737783,"15 Gramercy Pk S, New York, 10003",,NYC DCLA,dcla-row-1563,Requires manual review
,National Asian American Theater Festival,,-73.992417,40.753612,"520 8th Avenue, Suite 308, New York, 10018",,NYC DCLA,dcla-row-1564,Requires manual review
,"National Asian American Theatre Co., Inc.",,-73.992417,40.753612,"520 8th Avenue, New York, 10018",,NYC DCLA,dcla-row-1565,Requires manual review
,"National Asian Artists Project, Inc.",,-73.979323,40.772659,"10 West 66th Street 23C, New York, 10023",,NYC DCLA,dcla-row-1566,Requires manual review
,"National Association of Women Artists, Inc.",,-73.986483,40.737783,"15 Gramercy Park South, New York, 10003",,NYC DCLA,dcla-row-1567,Requires manual review
,National Black Programming Consortium,,-73.942384,40.80734,"8 W 126th St, New York, 10027",,NYC DCLA,dcla-row-1568,Requires manual review
,"National Black Theatre Workshop, Inc.",,-73.943478,40.816917,"213 W 137TH ST, New York, 10030",,NYC DCLA,dcla-row-1569,Requires manual review
,"National Black Touring Circuit, Inc.",,-73.946852,40.834787,"790 Riverside Drive, Apt. 3E, New York, 10032",,NYC DCLA,dcla-row-1570,Requires manual review
,"National Book Foundation, Inc.",,-74.011592,40.703954,"90 Broad Street, New York, 10004",,NYC DCLA,dcla-row-1571,Requires manual review
,National Council of Jewish Women New York Section,,-73.983105,40.779242,"241 West 72nd Street, New York, 10023",,NYC DCLA,dcla-row-1573,Requires manual review
,"National Dance Institute, Inc.",,-73.93965,40.823585,"217 W 147th St, New York, 10039",,NYC DCLA,dcla-row-1574,Requires manual review
,"National Guild for Community Arts Education, Inc.",,-73.992417,40.753612,"520 8th Ave, New York, 10018",,NYC DCLA,dcla-row-1575,Requires manual review
,National Jazz Museum in Harlem,,-73.9430899,40.8099499,58 West 129th Street,https://jazzmuseuminharlem.org/,OpenStreetMap,node/8270992264,Design-related museum or gallery
,National Jazz Museum in Harlem,,-73.942422,40.809802,"58 West 129th Street, New York, 10027",,NYC DCLA,dcla-row-1576,Requires manual review
,National Lighthouse Museum,,-74.0734107,40.6407356,200 The Promenade at Lighthouse Point,https://lighthousemuseum.org/,OpenStreetMap,way/241842788,Design-related museum or gallery
,National Lighthouse Museum,,-74.073489,40.641081,"200 The Promenade at Lighthouse Point, Staten Island, 10301",,NYC DCLA,dcla-row-1577,Design-related name in DCLA Museum discipline
,National Museum of Catholic Art and History,,-73.934887,40.794897,"443 East 115th Street, New York, 10029",,NYC DCLA,dcla-row-1578,Design-related name in DCLA Museum discipline
,National Museum of Mathematics,,-73.9877866,40.7435852,225 5th Avenue,https://momath.org/,OpenStreetMap,node/4252536496,Design-related museum or gallery
,National Museum of Mathematics,,-73.99254,40.745266,"134 W. 26th St., New York, 10001",,NYC DCLA,dcla-row-1579,Design-related name in DCLA Museum discipline
,National Museum of the American Indian,,-74.013747,40.704027,1 Bowling Green,https://americanindian.si.edu/,OpenStreetMap,node/368061337,Design-related museum or gallery
,"National Music Theater Network, Inc.",,-73.981227,40.755316,"36 West 44th Street, New York, 10036",,NYC DCLA,dcla-row-1580,Requires manual review
,National Parks of New York Harbor Conservancy,,-74.010474,40.707001,"26 Wall Street, New York, 10005",,NYC DCLA,dcla-row-1581,Requires manual review
,National Queer Theater,,-73.973221,40.685073,"138 South Oxford Street, Brooklyn, 11217",,NYC DCLA,dcla-row-1582,Requires manual review
,National September 11 Memorial and Museum at the World Trade Center,,-74.015442,40.711425,"200 Liberty Street, New York, 10281",,NYC DCLA,dcla-row-1583,Design-related name in DCLA Museum discipline
,"National Theater Workshop of the Handicapped, Inc.",,-74.008937,40.726881,"535 Greenwich Street, New York, 10013",,NYC DCLA,dcla-row-1584,Requires manual review
,"National Urban League, Inc.",,-74.007181,40.705892,"80 Pine Street, 9th Floor, New York, 10005",,NYC DCLA,dcla-row-1585,Requires manual review
,"National Video Resources, Inc.",,-73.997673,40.722542,"73 Spring Street, Suite 403, New York, 10012",,NYC DCLA,dcla-row-1586,Requires manual review
,Naturally Occurring Cultural Districts NY,,-73.974573,40.66735,"88 Prospect Park West #3D, Brooklyn, 11215",,NYC DCLA,dcla-row-1587,Requires manual review
,"Naumburg Orchestral Concerts, Inc.",,-73.967315,40.788063,"300 Central Park West, Apt. 18 H, New York, 10024",,NYC DCLA,dcla-row-1588,Requires manual review
,Navarro's Hardware,,-74.0327561,40.6188634,9223 3rd Avenue,,OpenStreetMap,node/2552595929,OpenStreetMap craft/workshop tag
,Navatman,,-73.992904,40.752943,"500 8th Avenue, New York, 10018",,NYC DCLA,dcla-row-1589,Requires manual review
,"Navatman, Inc.",,-73.992587,40.748277,"355 7th Avenue, New York, 10001",,NYC DCLA,dcla-row-1590,Requires manual review
,"Negro Ensemble Company, Inc.",,-73.989186,40.752992,"500 7th Avenue, New York, 10018",,NYC DCLA,dcla-row-1591,Requires manual review
,"Neighborhood Services of Jamaica, Inc.",,-73.7981456,40.7048278,89-70 162nd Street,,OpenStreetMap,node/6324144292,Requires manual review
,Neptune Signs & Awnings INC.,,-73.8285416,40.883877,2260 Hollers Avenue,http://neptunesigns.com/,OpenStreetMap,node/9646748570,Requires manual review
,Netzach Community Youth Center,,-73.7887697,40.7268791,179-11 Union Turnpike,,OpenStreetMap,node/2551696583,Requires manual review
,Neue Galerie New York,,-73.9602374,40.7812191,1048 5th Avenue,https://www.neuegalerie.org/,OpenStreetMap,way/266934254,Requires manual review
,Neue Galerie New York,,-73.960324,40.781306,"1048 Fifth Avenue, New York, 10028",,NYC DCLA,dcla-row-1593,Requires manual review
,"Neville Dance Theatre, Inc",,-73.83943,40.718025,"11007 73rd Road, Apt. 1C, Forest Hills, 11375",,NYC DCLA,dcla-row-1594,Requires manual review
,New 202 Cleaners,,-73.9791435,40.7435555,202 East 31st Street,,OpenStreetMap,node/3956952447,Requires manual review
,"New 42nd Street, Inc.",,-73.98819,40.756571,"229 West 42nd Street, 10th Floor, New York, 10036",,NYC DCLA,dcla-row-1595,Requires manual review
,New Africa Live,,-73.956161,40.802216,"280 West 113th Street, New York, 10026",,NYC DCLA,dcla-row-1596,Requires manual review
,"New American Cinema Group, Inc.",,-73.982378,40.745646,"475 Park Ave. S, New York, 10016",,NYC DCLA,dcla-row-1597,Requires manual review
,New Amsterdam Library,,-74.0079247,40.7134916,9 Murray Street,https://www.nypl.org/locations/new-amsterdam,OpenStreetMap,node/2632446787,Requires manual review
,"New Amsterdam Musical Association, Inc.",,-73.943743,40.811195,"107 W 130th Street, New York, 10027",,NYC DCLA,dcla-row-1598,Requires manual review
,"New Amsterdam Presents, Inc.",,-73.998871,40.685235,"485 Henry St, Brooklyn, 11231",,NYC DCLA,dcla-row-1599,Requires manual review
,New Art Publications,,-73.974421,40.685488,"80 Hanson Place, Brooklyn, 11217",,NYC DCLA,dcla-row-1601,Requires manual review
,New Camerata Opera Inc,,-73.895039,40.882693,"3850 Sedgwick Avenue, Bronx, 10463",,NYC DCLA,dcla-row-1602,Requires manual review
,New Century Royal II,,-73.9738032,40.589385,2569 Shell Road,,OpenStreetMap,node/9809767263,Requires manual review
,New Collectors Gallery,,-73.9879416,40.7136613,191 Henry Street,https://www.newcollectorsgallery.com,OpenStreetMap,node/6389740021,Requires manual review
,"New Conductors Orchestra, Inc.",,-73.97628,40.741679,"343 E 30th Street, New York, 10016",,NYC DCLA,dcla-row-1603,Requires manual review
,"New Dance Alliance, Inc.",,-74.010198,40.717398,"182 DUANE ST FL 3, New York, 10013",,NYC DCLA,dcla-row-1604,Requires manual review
,New Dorp Library,,-74.111957,40.5719316,309 New Dorp Lane,https://www.nypl.org/locations/new-dorp,OpenStreetMap,way/247747797,Requires manual review
,"New Dramatists, Inc.",,-73.992604,40.760107,"424 W 44th St, New York, 10036",,NYC DCLA,dcla-row-1605,Requires manual review
,"New England Dinosaur, Inc.",,-73.978889,40.764151,"130 West 56th Street, New York, 10019",,NYC DCLA,dcla-row-1606,Requires manual review
,"New Federal Theatre, Inc.",,-74.008129,40.73273,"154 Christopher St, New York, 10014",,NYC DCLA,dcla-row-1607,Requires manual review
,"New Festival, Inc.",,-73.994909,40.678401,"26 3rd St 3L, Brooklyn, 11231",,NYC DCLA,dcla-row-1608,Requires manual review
,"New Group, Inc.",,-73.991377,40.752171,"240 W. 35th Street, New York, 10001",,NYC DCLA,dcla-row-1609,Requires manual review
,New Heritage Theatre Group,,-73.945094,40.815902,"229 West 135th Street, New York, 10030",,NYC DCLA,dcla-row-1610,Requires manual review
,New Hudson Cleaners,,-73.9826577,40.6653624,369 7th Avenue,,OpenStreetMap,node/5838758060,Requires manual review
,New Immigrant Community Empowerment (NICE),,-73.8940539,40.7466957,71-21 Roosevelt Avenue,https://www.nynice.org/,OpenStreetMap,node/2845163399,Requires manual review
,New Light Theater Project,,-73.945441,40.833277,"3750 Broadway, New York, 10032",,NYC DCLA,dcla-row-1611,Requires manual review
,New LK Creative Sign,,-74.0179229,40.6379896,,,OpenStreetMap,node/10776231604,OpenStreetMap craft/workshop tag
,New Lots Brooklyn Public Library,,-73.8858911,40.6651428,665 New Lots Avenue,,OpenStreetMap,node/5209161814,Requires manual review
,New Modern French Cleaners,,-73.9776535,40.7419638,,,OpenStreetMap,node/6396451193,Requires manual review
,New Museum,,-73.9928406,40.7223463,235 Bowery,https://www.newmuseum.org/,OpenStreetMap,node/13732385972,Design-related museum or gallery
,New Museum of Contemporary Art,,-73.993225,40.722424,"235 Bowery, New York, 10002",,NYC DCLA,dcla-row-1612,Design-related name in DCLA Museum discipline
,"New Music Theatre Project, Inc.",,-73.973221,40.685073,"138 South Oxford Street, Brooklyn, 11217",,NYC DCLA,dcla-row-1613,Requires manual review
,"New Music USA, Inc.",,-74.010132,40.706784,"40 Wall St, New York, 10005",,NYC DCLA,dcla-row-1614,Requires manual review
,New Perspectives Theatre Company,,-73.996856,40.756099,"456 West 37th Street, New York, 10018",,NYC DCLA,dcla-row-1615,Requires manual review
,"New Professional Theatre, Inc.",,-73.943811,40.829417,"479 West 152nd Street, New York, 10031",,NYC DCLA,dcla-row-1616,Requires manual review
,New Project,,-73.9967038,40.6601169,223 25th Street,https://www.newproject.cc,OpenStreetMap,way/738335593,Requires manual review
,"New Review, Inc.",,-73.988473,40.746616,"1216 Broadway Floor 2, New York, 10001",,NYC DCLA,dcla-row-1618,Requires manual review
,New Sew Good Cleaners,,-73.9855806,40.7285981,337 East 9th Street,https://sewgoodcleaners.weebly.com,OpenStreetMap,node/7078649955,Requires manual review
,New Sounds Music Incorporated,,-73.941146,40.851365,"870 W. 181st Street 9B, New York, 10033",,NYC DCLA,dcla-row-1620,Requires manual review
,New Spotless Cleaners,,-73.9804976,40.6465382,308 McDonald Avenue,,OpenStreetMap,way/249615313,Requires manual review
,"New Stage Theatre Company, Inc.",,-74.011552,40.704541,"75 Broad St, New York, 10004",,NYC DCLA,dcla-row-1621,Requires manual review
,New Star Brass & Bronze Works,,-73.9224199,40.6996687,178 Stockholm Street,https://railingsbynewstar.com/,OpenStreetMap,node/6128707690,Requires manual review
,"New Thread Quartet, Inc.",,-73.913222,40.77979,"2138 Crescent St D3, Astoria, 11105",,NYC DCLA,dcla-row-1622,Requires manual review
,New Utrecht Branch Brooklyn Public Library,,-74.003392,40.6079955,1743 86th Street,https://www.bklynlibrary.org/location/new-utrecht,OpenStreetMap,way/249008740,Requires manual review
,"New Way Circus Center, Inc.",,-73.967459,40.581014,"2820 Ocean Parkway, Suite 21E, Brooklyn, 11235",,NYC DCLA,dcla-row-1625,Requires manual review
,"New Worlds Theatre Project, Inc.",,-73.974297,40.793079,"670 West End Avenue, Ste. 16A, New York, 10025",,NYC DCLA,dcla-row-1626,Requires manual review
,New York Academy of Medicine,,-73.952174,40.792101,"1216 Fifth Avenue, New York, 10029",,NYC DCLA,dcla-row-1627,Requires manual review
,New York Academy of Sciences,,-74.011709,40.71322,"7 World Trade Center, New York, 10007",,NYC DCLA,dcla-row-1628,Requires manual review
,"New York African Chorus Ensemble, Inc.",,-73.945516,40.829319,"515 W 151st St, New York, 10031",,NYC DCLA,dcla-row-1629,Requires manual review
,New York Artist Equity Association,,-73.989668,40.717944,"245 Broome St., New York, 10001",,NYC DCLA,dcla-row-1630,Requires manual review
,"New York Asian Film Foundation, Inc.",,-73.984284,40.773915,"165 W 65th St, New York, 10023",,NYC DCLA,dcla-row-1631,Requires manual review
,"New York Asian Symphony Orchestra, Inc.",,-73.985433,40.768321,"889 Ninth Ave. Suite No.1, New York, 10019",,NYC DCLA,dcla-row-1632,Requires manual review
,New York Botanical Garden,,-73.883312,40.865684,"2900 Southern Boulevard, Bronx, 10458",,NYC DCLA,dcla-row-1633,Requires manual review
,"New York Chinese Cultural Center, Inc.",,-73.990827,40.71333,"137 Henry Street, New York, 10002",,NYC DCLA,dcla-row-1634,Requires manual review
,"New York Chinese Opera Society, Inc.",,-74.011041,40.708546,"120 Broadway, New York, 10271",,NYC DCLA,dcla-row-1635,Requires manual review
,New York Choral Society,,-73.977972,40.764655,"119 West 57th Street, New York, 10019",,NYC DCLA,dcla-row-1636,Requires manual review
,New York City AIDS Memorial Inc,,-74.000603,40.738034,"208 West 13th Street, New York, 10011",,NYC DCLA,dcla-row-1637,Requires manual review
,New York City Arts in Education Roundtable,,-73.992417,40.753612,"520 8th Ave, New York, 10018",,NYC DCLA,dcla-row-1638,Requires manual review
,New York City Ballet,,-73.983652,40.771776,"David H. Koch Theater, New York, 10023",,NYC DCLA,dcla-row-1639,Requires manual review
,"New York City Center, Inc.",,-73.978889,40.764151,"130 West 56th Street, New York, 10019",,NYC DCLA,dcla-row-1640,Requires manual review
,New York City College of Technology,,-73.9869439,40.697328,,https://www.citytech.cuny.edu,OpenStreetMap,relation/14767202,Design-related college or university
,New York City Community Chorus at Holy Apostles,,-73.999188,40.749416,"296 Ninth Avenue, New York, 10001",,NYC DCLA,dcla-row-1641,Requires manual review
,New York City Fire Museum,,-74.0069355,40.7255756,278 Spring Street,https://www.nycfiremuseum.org/,OpenStreetMap,way/249664614,Design-related museum or gallery
,New York City Fire Museum,,-74.007079,40.725786,"278 Spring Street, New York, NY, USA, New York, 10013",,NYC DCLA,dcla-row-1642,Design-related name in DCLA Museum discipline
,New York City H2O Inc.,,-73.98568,40.726186,"410 E 6th St, New York, 10009",,NYC DCLA,dcla-row-1643,Requires manual review
,"New York City Independent Film Festival, Inc.",,-73.990452,40.759201,"358 West 44th Street, New York, 10036",,NYC DCLA,dcla-row-1644,Requires manual review
,New York City Master Chorale,,-73.997203,40.736875,"511 Avenue of the Americas, New York, 10011",,NYC DCLA,dcla-row-1645,Requires manual review
,"New York City Opera, Inc.",,-73.979145,40.765131,"142 W 57th St, New York, 10019",,NYC DCLA,dcla-row-1646,Requires manual review
,"New York City Players, Inc.",,-73.992636,40.759302,"400 W. 43rd Street, New York, 10036",,NYC DCLA,dcla-row-1647,Requires manual review
,New York City Police Museum,,-74.008039,40.703279,"100 Old Slip, New York, 10005",,NYC DCLA,dcla-row-1648,Design-related name in DCLA Museum discipline
,New York City Street Photography Collective,,-73.933996,40.713595,"1027 Grand Street, Brooklyn, 11211",,NYC DCLA,dcla-row-1649,Design-related name in DCLA Photography discipline
,New York Classical Players,,-73.979025,40.756959,"580 Fifth Avenue, Suite 820, New York, 10036",,NYC DCLA,dcla-row-1650,Requires manual review
,"New York Classical Theatre, Inc.",,-74.013731,40.705354,"11 Broadway, New York, 10004",,NYC DCLA,dcla-row-1651,Requires manual review
,"New York Collegium, Inc.",,-73.965336,40.766118,"869 Lexington Avenue, New York, 10021",,NYC DCLA,dcla-row-1652,Requires manual review
,New York Conservatory of Music,,-73.958589,40.766377,"321 East 69th Street, New York, 10021",,NYC DCLA,dcla-row-1654,Requires manual review
,New York Council for the Humanities,,-74.010392,40.70932,"150 Broadway, New York, 10038",,NYC DCLA,dcla-row-1655,Requires manual review
,New York County Lawyers Association,,-74.0092019,40.7119333,14 Vesey Street,,OpenStreetMap,way/277904719,Requires manual review
,"New York Dance & Arts Innovations, Inc.",,-73.976941,40.781681,"127 W 78 St, New York, 10024",,NYC DCLA,dcla-row-1656,Requires manual review
,New York Dance Center,,-73.989911,40.738604,"890 Broadway, 8th Floor, New York, 10003",,NYC DCLA,dcla-row-1657,Requires manual review
,"New York Edge, Inc.",,-73.907281,40.741828,"58-12 Queens Blvd, Suite 1, Queens, 11377",,NYC DCLA,dcla-row-1659,Requires manual review
,"New York Festival of Song, Inc.",,-73.993493,40.748109,"209 West 29th Street, New York, 10001",,NYC DCLA,dcla-row-1660,Requires manual review
,New York Film & Music Foundation,,-73.984369,40.749341,"372 FIFTH AVENUE, 3J, New York, 10018",,NYC DCLA,dcla-row-1661,Requires manual review
,New York Film Academy,,-74.013153,40.7053483,26 Broadway,https://www.nyfa.edu/,OpenStreetMap,node/14044900951,Design-related college or university
,New York Foundation for the Arts,,-73.983845,40.751443,"29 W. 38th Street, 9th Floor, New York, 10018",,NYC DCLA,dcla-row-1662,Requires manual review
,New York Foundation for the Arts - Regrant,,-73.983845,40.751443,"29 W. 38th Street, 9th Floor, New York, 10018",,NYC DCLA,dcla-row-1663,Requires manual review
,New York Genealogical and Biographical Society,,-73.981227,40.755316,"36 W. 44th Street, New York, 10036",,NYC DCLA,dcla-row-1664,Requires manual review
,"New York Gilbert & Sullivan Players, Inc.",,-73.969586,40.796267,"225 W. 99th St., New York, 10025",,NYC DCLA,dcla-row-1665,Requires manual review
,New York Hall of Science,,-73.8516943,40.7474232,47-01 111th Street,https://nysci.org/,OpenStreetMap,way/284860788,Requires manual review
,New York Hall of Science,,-73.853546,40.747399,"47-01 111th Street, Corona, 11368",,NYC DCLA,dcla-row-1666,Requires manual review
,"New York Institute for Haiti Advocacy, Inc.",,-73.970689,40.792483,"176 West 94th Street #8C, New York, 10025",,NYC DCLA,dcla-row-1668,Requires manual review
,New York Institute of Technology,,-73.9829529,40.7698384,,https://www.nyit.edu/nyc/,OpenStreetMap,way/1024411997,Design-related college or university
,"New York International Ballet Competition, Inc.",,-73.977972,40.764655,"119 West 57th Street, New York, 10019",,NYC DCLA,dcla-row-1669,Requires manual review
,New York International Children's Film Festival,,-74.008217,40.71187,"225 Broadway #2730, New York, 10007",,NYC DCLA,dcla-row-1670,Requires manual review
,New York Irish Center,,-73.953081,40.7421334,10-40 Jackson Avenue,https://www.newyorkirishcenter.org/,OpenStreetMap,node/6593576087,Requires manual review
,New York Kathak Festival,,-73.825369,40.756038,"4265 Kissena Blvd., Flushing, 11355",,NYC DCLA,dcla-row-1671,Requires manual review
,New York Kids Theatrical Alliance,,-73.846944,40.878072,"3467 Eastchester Road #6D, Bronx, 10469",,NYC DCLA,dcla-row-1672,Requires manual review
,New York Law School,,-74.0063049,40.7172806,,,OpenStreetMap,node/8644312117,Requires manual review
,"New York Live Arts, Inc.",,-73.998546,40.74212,"219 West 19th Street, New York, 10011",,NYC DCLA,dcla-row-1673,Requires manual review
,"New York Music Foundation, Inc.",,-73.932965,40.852552,"247 Wadsworth Avenue, New York, 10033",,NYC DCLA,dcla-row-1675,Requires manual review
,New York Neo-Futurists,,-73.959848,40.72099,"64 N 9th Street, Brooklyn, 11249",,NYC DCLA,dcla-row-1676,Requires manual review
,"New York New Music Ensemble, Inc.",,-73.9481,40.834208,"780 Riverside Drive, New York, 10032",,NYC DCLA,dcla-row-1677,Requires manual review
,"New York Pops, Inc.",,-74.012952,40.706251,"39 Broadway, New York, 10006",,NYC DCLA,dcla-row-1678,Requires manual review
,New York Public Library,,-73.7864321,40.8477879,320 City Island Avenue,https://www.nypl.org/locations/city-island,OpenStreetMap,way/284829399,Requires manual review
,"New York Public Library for the Performing Arts, Dorothy and Lewis B. Cullman Center",,-73.9847509,40.7732287,40 Lincoln Center Plaza,https://www.nypl.org/locations/lpa,OpenStreetMap,node/2710204016,Design-related library
,New York Public Radio,,-74.005617,40.726615,"160 Varick Street, New York, 10013",,NYC DCLA,dcla-row-1679,Requires manual review
,New York Repertory Orchestra,,-73.968457,40.801842,"949 West End Avenue, New York, 10025",,NYC DCLA,dcla-row-1681,Requires manual review
,"New York Revels, Inc.",,-74.005258,40.73713,"8 Eighth Ave, Brooklyn, 11217",,NYC DCLA,dcla-row-1683,Requires manual review
,New York Scandia Symphony,,-73.941066,40.847448,"824 W 176th Street, #5C, New York, 10033",,NYC DCLA,dcla-row-1684,Requires manual review
,New York School of Interior Design,,-73.9624636,40.7685642,170 East 70th Street,https://www.nysid.edu,OpenStreetMap,way/266879276,Design-related college or university
,New York Shakespeare Festival,,-73.992116,40.729052,"425 Lafayette Street, New York, 10003",,NYC DCLA,dcla-row-1686,Requires manual review
,New York Society Library Trustees,,-73.961598,40.776108,"53 E 79th Street, New York, 10075",,NYC DCLA,dcla-row-1687,Requires manual review
,New York Stage and Film Co.,,-73.993623,40.748148,"214 West 29th Street, New York, 10001",,NYC DCLA,dcla-row-1688,Requires manual review
,New York State Institute on Disability,,-74.141798,40.603318,"930 Willowbrook Road, Staten Island, 10314",,NYC DCLA,dcla-row-1689,Requires manual review
,New York Studio School,,-73.996803,40.732437,"8 West 8th Street, New York, 10011",,NYC DCLA,dcla-row-1690,Design-related name in DCLA Visual Arts discipline
,"New York Studio School of Drawing, Painting and Sculpture",,-73.9972548,40.7322674,,,OpenStreetMap,node/357618558,Design-related college or university
,New York Theatre Barn,,-73.986625,40.767429,"401 W. 56th Street, New York, 10019",,NYC DCLA,dcla-row-1691,Requires manual review
,"New York Theatre Experience, Inc.",,-73.980512,40.744257,"155 E. 31st Street   #10B, New York, 10016",,NYC DCLA,dcla-row-1692,Requires manual review
,"New York Theatre Workshop, Inc.",,-73.990096,40.726483,"79 E 4th St, New York, 10003",,NYC DCLA,dcla-row-1693,Requires manual review
,New York Transit Museum,,-73.9899802,40.6905176,99 Schermerhorn Street,https://www.nytransitmuseum.org,OpenStreetMap,node/368061648,Design-related museum or gallery
,New York United Jewish Association,,-73.938082,40.613824,"3415 Quentin Rd, Brooklyn, 11234",,NYC DCLA,dcla-row-1694,Requires manual review
,New York University,,-73.9958943,40.7290994,,https://www.nyu.edu/,OpenStreetMap,way/108156090,Requires manual review
,New York University - Brooklyn campus,,-73.9857611,40.6938819,,,OpenStreetMap,way/512264724,Requires manual review
,"New York WEB Center, Inc.",,-73.954972,40.6701,"402 Eastern Parkway, Brooklyn, 11225",,NYC DCLA,dcla-row-1695,Requires manual review
,"New York Women in Film & Television, Inc.",,-73.887616,40.753448,"79-10 34th Ave, New York, 11372",,NYC DCLA,dcla-row-1696,Requires manual review
,"New York Youth Symphony, Inc.",,-73.985696,40.753818,"110 W 40th Street, New York, 10018",,NYC DCLA,dcla-row-1697,Requires manual review
,New-York Historical Society,,-73.974265,40.779286,170 Central Park West,https://www.nyhistory.org/,OpenStreetMap,relation/3606825,Requires manual review
,New-York Historical Society,,-73.973743,40.779265,"170 Central Park West, New York, 10024",,NYC DCLA,dcla-row-1667,Requires manual review
,Newhouse Center for Contemporary Art,,-74.102099,40.6443808,,https://snug-harbor.org/newhousecenter/,OpenStreetMap,node/424048146,Design-related museum or gallery
,Newman Library and Technology Center,,-73.9836119,40.7405695,151 East 25th Street,https://library.baruch.cuny.edu/,OpenStreetMap,node/368050654,Design-related library
,Newtown,,-73.9371954,40.7091248,55 Waterbury Street,https://newtownbk.com/,OpenStreetMap,node/6050149079,Requires manual review
,Newtown Literary Alliance,,-73.862434,40.733991,"61-15 97th Street, Rego Park, 11374",,NYC DCLA,dcla-row-1623,Requires manual review
,"NewYorkRep, Inc",,-73.984292,40.768216,"345 W 58th St, New York, 10019",,NYC DCLA,dcla-row-1680,Requires manual review
,"NIA Community Services Network, Inc.",,-74.006708,40.627905,"6614 11th Ave, Brooklyn, 11219",,NYC DCLA,dcla-row-1698,Requires manual review
,"Nia Theatrical Production Co, Inc.",,-73.973221,40.685073,"138 S Oxford St, Brooklyn, 11217",,NYC DCLA,dcla-row-1699,Requires manual review
,Nice Film Club,,-73.9542722,40.7195075,181 North 11th Street,https://nicefilmclub.com/,OpenStreetMap,node/13644379823,OpenStreetMap craft/workshop tag
,Nicholas Roerich Museum,,-73.9690037,40.802929,319 West 107th Street,https://www.roerich.org/,OpenStreetMap,way/271205008,Design-related museum or gallery
,"Nicholas Roerich Museum, Inc.",,-73.969139,40.802775,"319 West 107 Street, New York, 10025",,NYC DCLA,dcla-row-1700,Design-related name in DCLA Museum discipline
,"Nicole Paultre Bell When It's Real It's Forever Fund, Inc.",,-73.760074,40.59455,"191 Beach 27th street, Far Rockaway, 11691",,NYC DCLA,dcla-row-1701,Requires manual review
,Nicu's Spoon,,-73.987368,40.766924,"415 west 55th street, new york, 10019",,NYC DCLA,dcla-row-1702,Requires manual review
,"NIGERIAN-AMERICAN COMMUNITY ASSOCIATION (USA), INC.",,-74.149796,40.628672,"295 Granite Avenue, Staten Island, 10303",,NYC DCLA,dcla-row-1703,Requires manual review
,"Nightboat Books, Inc.",,-73.9378,40.726244,"310 Nassau Avenue, #205, Brooklyn, 11222",,NYC DCLA,dcla-row-1704,Requires manual review
,Nino Mier Gallery,,-73.9984441,40.7222983,62 Crosby Street,,OpenStreetMap,node/2547241713,Requires manual review
,Nino's,,-73.9426734,40.7050683,112 Graham Avenue,,OpenStreetMap,node/2838409881,Requires manual review
,"Nitchen, Inc.",,-73.965517,40.801248,"203 West 107th Street, New York City, 10025",,NYC DCLA,dcla-row-1705,Requires manual review
,Nivelo Shoe Repair,,-73.9012777,40.9054814,5665 Mosholu Avenue,,OpenStreetMap,node/6568834159,Requires manual review
,"No Empty Space Theatre, Inc.",,-74.12658,40.626452,"164 Greenleaf Ave., Staten Island, 10310",,NYC DCLA,dcla-row-1709,Requires manual review
,Noble Maritime Collection,,-74.1017627,40.6443066,,https://noblemaritime.org/,OpenStreetMap,node/424048139,Requires manual review
,Noble Maritime Collection,,-74.104753,40.645075,"1000 Richmond Terrace, Staten Island, 10301",,NYC DCLA,dcla-row-1706,Requires manual review
,Noble Signs,,-73.9033046,40.6761931,2465 Atlantic Avenue,https://www.noblesigns.com,OpenStreetMap,node/2898173269,Requires manual review
,"Noche Flamenca, Inc.",,-73.974278,40.787365,"168 West 86 Street, 9A, New York, 10024",,NYC DCLA,dcla-row-1707,Requires manual review
,"Noel Pointer Foundation, Inc.",,-73.945051,40.679398,"247 Herkimer Street, Brooklyn, 11216",,NYC DCLA,dcla-row-1708,Requires manual review
,Nohra Haime Gallery,,-74.0054994,40.7464281,500A West 21st Street,https://nohrahaimegallery.com,OpenStreetMap,node/10064063749,Requires manual review
,"Noor Theatre, Inc",,-73.989956,40.726423,"83 E 4th Street, New York, 10003",,NYC DCLA,dcla-row-1710,Requires manual review
,"NOoSPHERE Arts, Inc.",,-73.943242,40.733708,"520 Kingsland Ave, Brooklyn, 11222",,NYC DCLA,dcla-row-1711,Requires manual review
,"Norte Maar for Collaborative Projects in the Arts, Inc.",,-73.873479,40.684436,"88 Pine St, Brooklyn, 11208",,NYC DCLA,dcla-row-1712,Requires manual review
,North Hills Branch Queens Borough Public Library,,-73.7318272,40.7592415,57-04 Marathon Parkway,https://www.queenslibrary.org/about-us/locations/north-hills,OpenStreetMap,way/247750024,Requires manual review
,"North/South Consonance, Inc.",,-73.970278,40.799825,"308 W 103rd STREET APT 3A, New York, 10025",,NYC DCLA,dcla-row-1713,Requires manual review
,Northern Manhattan Arts Alliance,,-73.938407,40.846299,"4140 Broadway, New York, 10033",,NYC DCLA,dcla-row-1714,Requires manual review
,Northern Manhattan Coalition For Economic Development,,-73.932185,40.851769,"600 West 185th Street, 2nd Floor, New York, 10033",,NYC DCLA,dcla-row-1715,Requires manual review
,Northern Woodside Coalition,,-73.902239,40.752451,"33-47 60th St, WOODSIDE, 11377",,NYC DCLA,dcla-row-1716,Requires manual review
,Notes in Motion,,-74.00215,40.71907,"412 Broadway, New York, 10013",,NYC DCLA,dcla-row-1717,Requires manual review
,Nouveau Classical Project,,-73.989843,40.660112,"323 20th St, 1B, Brooklyn, 11215",,NYC DCLA,dcla-row-1718,Requires manual review
,Nova Printing,,-74.0175051,40.6473371,226 52nd Street,https://www.novaprinting.com,OpenStreetMap,way/249586851,OpenStreetMap craft/workshop tag
,Nu Tone Productions,,-74.0055829,40.6787235,389 Columbia Street,,OpenStreetMap,node/2827518406,OpenStreetMap craft/workshop tag
,NutHouse Hardware,,-73.9799678,40.7422794,202 East 29th Street,http://www.nuthousehardware.com,OpenStreetMap,node/4612207848,OpenStreetMap craft/workshop tag
,Nuyorican Poets Cafe,,-73.982048,40.722274,"236 E. 3rd Street, New York, 10009",,NYC DCLA,dcla-row-1720,Requires manual review
,"NY Artists Unlimited, Inc.",,-74.000357,40.738827,"212 West 14th Street, Ste. 2A, New York, 10011",,NYC DCLA,dcla-row-1723,Requires manual review
,"NY de Volunteer, Inc.",,-73.964168,40.811101,"475 Riverside Dr., Ste. 439, New York, 10115",,NYC DCLA,dcla-row-1729,Requires manual review
,NY JAZZ Initiative,,-73.983627,40.757981,"149 W. 46th Street, New York, 10036",,NYC DCLA,dcla-row-1731,Requires manual review
,NY Printing & Graphics,,-74.0168886,40.6737155,481 Van Brunt Street,https://www.nyprintinggraphics.com,OpenStreetMap,node/10208686512,OpenStreetMap craft/workshop tag
,NY Signs Factory,,-73.854905,40.8426803,1507 Bronxdale Avenue,http://nysignsfactory.com,OpenStreetMap,node/6615699808,Requires manual review
,"NY Tibetan Service Center, Inc.",,-73.888131,40.738814,"76-09 Queens Blvd, Elmhurst, 11373",,NYC DCLA,dcla-row-1734,Requires manual review
,NY Woodwork Doron,,-73.9488935,40.6787171,1259 Atlantic Avenue,,OpenStreetMap,way/247912923,Requires manual review
,NYADI The College of Transportation Technology,,-73.7805989,40.7052393,178-18 Liberty Avenue,https://nyadi.edu/,OpenStreetMap,node/13144484942,Design-related college or university
,NYC Arts Cypher,,-74.0753654,40.6254392,,,OpenStreetMap,node/13040296891,OpenStreetMap arts-centre tag
,NYC Barber Shop Museum,,-73.9781357,40.7786086,290 Columbus Avenue,https://www.nycbarbershopmuseum.com/,OpenStreetMap,node/9505939776,Design-related museum or gallery
,NYC Hardware,,-74.0222068,40.6300844,,,OpenStreetMap,node/10797403548,OpenStreetMap craft/workshop tag
,NYC Kids Project,,-74.012046,40.704983,"25 Beaver Street, New York, 10004",,NYC DCLA,dcla-row-1726,Requires manual review
,NYC KidsFest,,-73.953892,40.809028,"530 Manhattan Ave, New York, 10027",,NYC DCLA,dcla-row-1725,Requires manual review
,NYC Legal Construction WorkSite Signs,,-73.9281214,40.751819,35-08 Northern Boulevard,https://nycbuildingsignage.com,OpenStreetMap,node/10771982645,Requires manual review
,NYC SALT,,-73.992396,40.745225,"127 West 26th Street, New York, 10001",,NYC DCLA,dcla-row-1727,Requires manual review
,NYC Steam Cleaning,,-73.9833424,40.7469241,167 Madison Avenue,https://nycsteamcleaning.com/,OpenStreetMap,node/13022973451,Requires manual review
,"NycArtsCypher, Inc.",,-74.075507,40.625547,"12 Broad Street, Staten Island, 10304",,NYC DCLA,dcla-row-1724,Requires manual review
,NYCxD,,-73.975165,40.749798,"630 3rd Avenue, New York, 10017",,NYC DCLA,dcla-row-1728,DCLA Architecture/Design discipline
,NYIHA MEDIA INC,,-73.970689,40.792483,"176 WEST 94TH STREET, #8C, New York, 10025",,NYC DCLA,dcla-row-1730,Requires manual review
,"NYLaughs, Inc.",,-73.999163,40.745568,"C/O 312 WEST 23RD STREET, APT. 2K, New York, 10011",,NYC DCLA,dcla-row-1732,Requires manual review
,NYPL 53rd Street,,-73.9771415,40.7608384,18 West 53rd Street,https://www.nypl.org/,OpenStreetMap,node/6201494599,Requires manual review
,NYPL : Battery Park City Library,,-74.0156954,40.7157749,175 North End Avenue,https://www.nypl.org/locations/battery-park-city,OpenStreetMap,node/2622767704,Requires manual review
,NYPL: Kips Bay Library,,-73.9799354,40.7438322,446 3rd Avenue,https://www.nypl.org/locations/kips-bay,OpenStreetMap,way/248143168,Requires manual review
,"NYSARC Inc., New York City Chapter",,-74.007607,40.707443,"83 Maiden Lane, New York, 10038",,NYC DCLA,dcla-row-1733,Requires manual review
,NYU Courant Institute of Mathematical Sciences,,-73.9957151,40.7286994,251 Mercer Street,,OpenStreetMap,node/368055987,Requires manual review
,NYU School of Medicine,,-73.9737223,40.7415246,,,OpenStreetMap,node/1234961112,Requires manual review
,NYU Stern School of Business,,-73.9965041,40.7289742,,,OpenStreetMap,node/2458230564,Requires manual review
,OATS,,-73.9910249,40.6728674,168 7th Street,https://oats.org,OpenStreetMap,node/9216553746,Requires manual review
,Occasions Banquet & Catering Hall,,-73.7652902,40.681229,127-08 Merrick Boulevard,,OpenStreetMap,node/6154660649,Requires manual review
,"Octavia Project, Inc.",,-73.970412,40.637121,"531 E 8th St, Brooklyn, 11218",,NYC DCLA,dcla-row-1735,Requires manual review
,OEM Rebuilders Machine Shop,,-74.146734,40.638184,,,OpenStreetMap,node/13188809597,Requires manual review
,OK Hardware,,-73.9992954,40.7216728,,,OpenStreetMap,node/10261382327,OpenStreetMap craft/workshop tag
,Okay Window Inc.,,-74.1094273,40.63482,,,OpenStreetMap,node/13191522468,Requires manual review
,"Old Merchant's House Museum of New York, Inc.",,-73.992528,40.727579,"29 East 4th Street, New York, 10003",,NYC DCLA,dcla-row-1736,Requires manual review
,Old Stone House,,-73.9846212,40.6729918,336 3rd Street,,OpenStreetMap,way/248236287,Requires manual review
,Old Stone House of Brooklyn,,-73.984369,40.673316,"336 Third Street, Brooklyn, 11215",,NYC DCLA,dcla-row-1737,Requires manual review
,Oliphant Studios,,-73.9214823,40.7081844,449 Troutman Street,https://oliphantstudio.com/,OpenStreetMap,node/5640413951,OpenStreetMap arts-centre tag
,Ollantay Center for the Arts,,-73.870011,40.743373,"94-46 46 Avenue, Elmhurst, 11373",,NYC DCLA,dcla-row-1738,Requires manual review
,"Omni Ensemble, Ltd.",,-73.962672,40.630748,"23 Wellington Court, Brooklyn, 11230",,NYC DCLA,dcla-row-1739,Requires manual review
,"On Site Opera, Inc.",,-73.964168,40.811101,"475 Riverside Dr, New York, 10115",,NYC DCLA,dcla-row-1748,Requires manual review
,"On the Road Productions International, Inc.",,-74.010667,40.717604,"310 Greenwich Street, #21F, New York, 10013",,NYC DCLA,dcla-row-1749,Requires manual review
,On This Spot NYC Inc,,-73.968618,40.78834,"24 West 90th Street, New York, 10024",,NYC DCLA,dcla-row-1750,Requires manual review
,On Time Steam Cleaning,,-73.9589776,40.5894335,1114 Avenue Y,https://www.ontimesteamcleaning.com/,OpenStreetMap,node/12792042161,Requires manual review
,On Your Mark,,-74.0805405,40.6371992,,,OpenStreetMap,node/13049118640,Requires manual review
,On Your Mark,,-74.0885531,40.6308623,,,OpenStreetMap,node/13190912786,Requires manual review
,"One Club for Creativity, Inc.",,-73.999787,40.752364,"450 W 31st St, 6 Fl, New York, 10001",,NYC DCLA,dcla-row-1740,Requires manual review
,One Community,,-73.9728186,40.6860614,,https://www.onecommunitynyc.org,OpenStreetMap,node/9512650838,Requires manual review
,One Hour Pest Control,,-74.0690246,40.5938077,,,OpenStreetMap,node/13186710880,Requires manual review
,One Stop Laundry Dry Cleaning Tailoring,,-73.9980893,40.6781376,,,OpenStreetMap,node/6379855908,Requires manual review
,"One to World, Inc.",,-74.004859,40.721054,"285 West Broadway, New York, 10013",,NYC DCLA,dcla-row-1741,Requires manual review
,"One World Arts, Inc",,-73.783532,40.840401,"156 Marine Street, Bronx, 10464",,NYC DCLA,dcla-row-1742,Requires manual review
,"One World Taekwondo Foundation, Inc.",,-73.954083,40.803868,"236 West 116th Street, Second Floor, New York, 10026",,NYC DCLA,dcla-row-1743,Requires manual review
,One-Stop Wedding Plus Inc.,,-73.9925125,40.6170442,6822 18th Avenue,https://www.onestopweddingstudio.com/,OpenStreetMap,node/5593246277,Requires manual review
,"Onipa-Abusia Temple, Inc.",,-73.786933,40.703886,"171-32 Liberty Avenue, Jamaica, 11433",,NYC DCLA,dcla-row-1745,Requires manual review
,"Only Make Believe, Inc.",,-73.991916,40.745831,"121 West 27th Street, New York, 10001",,NYC DCLA,dcla-row-1746,Requires manual review
,"Onos Footprints, Inc.",,-73.953653,40.633344,"2420 Glenwood Rd, Brooklyn, 11210",,NYC DCLA,dcla-row-1747,Requires manual review
,OnPoint NYC East Harlem Drop-In Center,,-73.9379238,40.8053513,106 East 126th Street,https://onpointnyc.org/,OpenStreetMap,node/11610701050,Requires manual review
,OnPoint NYC Washington Heights Drop-In Center,,-73.931775,40.8474732,500 West 180th Street,https://onpointnyc.org/,OpenStreetMap,node/2797310012,Requires manual review
,"Open Channels New York, Inc.",,-73.992572,40.720621,"161A Chrystie Street, New York, 10002",,NYC DCLA,dcla-row-1751,Requires manual review
,Open Source Gallery,,-73.9892259,40.6623289,306 17th Street,https://open-source-gallery.org,OpenStreetMap,way/248170819,OpenStreetMap arts-centre tag
,"Open Source Gallery, Inc.",,-73.989219,40.662442,"306 17th St., Brooklyn, 11215",,NYC DCLA,dcla-row-1755,Requires manual review
,Open Space Alliance for North Brooklyn,,-73.960406,40.721558,"86 Kent Avenue, Brooklyn, 11249",,NYC DCLA,dcla-row-1756,Requires manual review
,"openhousenewyork, Inc.",,-74.005693,40.726143,"150 Varick Street, New York, 10013",,NYC DCLA,dcla-row-1753,DCLA Architecture/Design discipline
,"OPERA America, Inc.",,-73.993143,40.747549,"330 Seventh Avenue, 7th Floor, New York, 10001",,NYC DCLA,dcla-row-1757,Requires manual review
,Opera Company of Brooklyn Association,,-73.918731,40.872776,"33 Indian Road, New York, 10034",,NYC DCLA,dcla-row-1758,Requires manual review
,Opera New York,,-73.969812,40.80047,"309 West 104th Street 1D, New York, 10025",,NYC DCLA,dcla-row-1759,Requires manual review
,Opera on Tap,,-73.974779,40.64537,"190 Ocean Pkwy, Brooklyn, 11218",,NYC DCLA,dcla-row-1760,Requires manual review
,"Opera Orchestra of New York, Inc.",,-73.950008,40.775999,"1632 1st Avenue, New York, 10028",,NYC DCLA,dcla-row-1761,Requires manual review
,Opportunity Music Project Foundation,,-73.947229,40.783411,"300 East 95th St. #170, New York, 10128",,NYC DCLA,dcla-row-1762,Requires manual review
,Ops,,-73.9171262,40.7026827,346 Himrod Street,https://opsbk.com,OpenStreetMap,node/5635284299,Requires manual review
,"Optech Solutions, Inc.",,-74.1033481,40.587925,,,OpenStreetMap,node/12964680091,Requires manual review
,Opus 118 Harlem School of Music,,-73.941526,40.785258,"433 E 100th St, New York, 10029",,NYC DCLA,dcla-row-1763,Requires manual review
,"Opus Dance Theatre and Community Services, Inc.",,-73.947564,40.834738,"779 Riverside Drive, Suite C43, New York, 10032",,NYC DCLA,dcla-row-1764,Requires manual review
,Oratorio Society of New York,,-73.974854,40.753102,"450 Lexington Avenue, New York, 10163",,NYC DCLA,dcla-row-1766,Requires manual review
,"Oratorio Society of Queens, Inc.",,-73.841264,40.717237,"50 Ascan Avenue, Forest Hills, 11375",,NYC DCLA,dcla-row-1767,Requires manual review
,Orchestra of the Bronx,,-73.891036,40.871469,"5 Minerva Place (2J), Bronx, 10468",,NYC DCLA,dcla-row-1768,Requires manual review
,"Orchestrating Dreams, Inc.",,-73.934144,40.855958,"178 Bennett Avenue, New York, 10040",,NYC DCLA,dcla-row-1769,Requires manual review
,"Organization of Puerto Rican Artists, Inc.",,-73.98474,40.735518,"218 East 18th Street, New York, 10003",,NYC DCLA,dcla-row-1770,Requires manual review
,Oriental Lumber,,-73.9252937,40.7060306,1154 Flushing Avenue,http://orientallumber.com/,OpenStreetMap,node/5691020742,OpenStreetMap craft/workshop tag
,Origin Theatre Company,,-73.953274,40.742199,"10-40 Jackson Ave, Long Island City, 11101",,NYC DCLA,dcla-row-1772,Requires manual review
,"Original Music Workshop, Inc.",,-73.961277,40.719113,"80 N 6th St, Brooklyn, 11249",,NYC DCLA,dcla-row-1771,Requires manual review
,Orisha Wholeness Corp,,-73.82807,40.877477,"120 Dreiser loop, 14G, Bronx, 10475",,NYC DCLA,dcla-row-1773,Requires manual review
,"Orpheus Chamber Orchestra, Inc.",,-73.963607,40.812306,"490 Riverside Drive, 11th Floor, New York, 10027",,NYC DCLA,dcla-row-1774,Requires manual review
,Ortega y Gasset Projects,,-73.9881576,40.6745916,363 3rd Avenue,https://www.oygprojects.com,OpenStreetMap,node/5642678610,OpenStreetMap arts-centre tag
,Ortega y Gasset Projects,,-73.988136,40.674901,"363 Third Avenue, Brooklyn, 11215",,NYC DCLA,dcla-row-1775,Requires manual review
,Ostudio,,-73.9371828,40.6974063,,https://www.ostudiony.com/ocafe,OpenStreetMap,node/10820248517,OpenStreetMap arts-centre tag
,Other Half Brewery,,-73.9991592,40.6739018,191 Centre Street,https://otherhalfbrewing.com,OpenStreetMap,way/248167311,Requires manual review
,Other Half Brewing,,-73.9787016,40.7576737,,https://otherhalfbrewing.com/,OpenStreetMap,node/12186236301,Requires manual review
,Other Side Productions,,-73.999657,40.738607,"64 Seventh Avenue, #3B, New York, 10011",,NYC DCLA,dcla-row-1778,Requires manual review
,Ottendorfer Library,,-73.9877824,40.7289156,135 2nd Avenue,https://www.nypl.org/locations/ottendorfer,OpenStreetMap,way/241845001,Requires manual review
,Our Firefighters Children's Foundation,,-73.936532,40.792277,"420 East 111 Street, New York, 10029",,NYC DCLA,dcla-row-1779,Requires manual review
,Our Steps Inc,,-73.979813,40.764538,"156 W 56th St, New York, 10019",,NYC DCLA,dcla-row-1780,Requires manual review
,"Out of the Box Theatre Company, Inc.",,-74.141271,40.55639,"66 Nancy Ct, Staten Island, 10306",,NYC DCLA,dcla-row-1781,Requires manual review
,Out of the Box Theatrics,,-73.988518,40.760032,"308 W 46th St, New York, 10036",,NYC DCLA,dcla-row-1782,Requires manual review
,Outpost Artists Resources,,-73.9018346,40.6966935,1665 Norman Street,https://outpostartistsresources.org/,OpenStreetMap,node/5351736874,OpenStreetMap arts-centre tag
,"Outpost Artists Resources, Inc.",,-73.901964,40.696422,"1665 Norman St, Ridgewood, 11385",,NYC DCLA,dcla-row-1783,Requires manual review
,Ovington Pottery,,-74.0271176,40.6349044,264 Ovington Avenue,https://www.ovingtonpottery.com/,OpenStreetMap,node/13295789975,Requires manual review
,Oye Group,,-73.923086,40.705145,"214 Starr St, Bushwick, 11237",,NYC DCLA,dcla-row-1786,Requires manual review
,Oz Steel,,-73.9886169,40.6726871,236B 6th Street,,OpenStreetMap,node/5932291046,Requires manual review
,Oz Steel Structural,,-74.1321258,40.6391489,,,OpenStreetMap,node/12990538051,Requires manual review
,Ozone Park Branch Queens Borough Public Library,,-73.8464911,40.6808655,92-24 Rockaway Boulevard,https://www.queenslibrary.org/about-us/locations/ozone-park,OpenStreetMap,way/247638367,Requires manual review
,"P.A.C. Plumbing, Heating & A/C",,-74.1405705,40.6295395,,,OpenStreetMap,node/11147424807,Requires manual review
,"P.S.1 Contemporary Art Center, Inc.",,-73.946931,40.745325,"22-25 Jackson Avenue, Long Island City, 11101",,NYC DCLA,dcla-row-1787,Design-related name in DCLA Visual Arts discipline
,Pace African & Oceanic Art,,-74.0062822,40.7476065,536 West 22nd Street,https://www.paceafricanart.com/,OpenStreetMap,node/11289156254,Design-related museum or gallery
,Pace Gallery,,-74.0049685,40.7495759,540 West 25th Street,https://www.pacegallery.com/galleries/new-york/,OpenStreetMap,node/9470785217,Requires manual review
,Pace Gallery,,-74.0039931,40.7491212,510 West 25th Street,https://www.pacegallery.com,OpenStreetMap,node/10861507198,Requires manual review
,Pace Gallery,,-73.9721006,40.761921,,,OpenStreetMap,node/11868048946,Requires manual review
,Pace University,,-74.0048882,40.7111177,1 Pace Plaza,https://www.pace.edu/,OpenStreetMap,way/891074473,Requires manual review
,Pace University Library,,-74.0064673,40.7109276,,,OpenStreetMap,node/13831361112,Requires manual review
,Pacific Electric,,-73.9625794,40.6800044,,,OpenStreetMap,node/9519228764,Requires manual review
,Paerdegat Branch Brooklyn Public Library,,-73.9199837,40.6326351,850 East 59th Street,,OpenStreetMap,way/249933519,Requires manual review
,"Page Seventy-Three Productions, Inc.",,-73.974421,40.685488,"80 Hanson Place, Brooklyn, 11217",,NYC DCLA,dcla-row-1788,Requires manual review
,Paige Fraser Foundation,,-73.844212,40.865218,"1450 Allerton Avenue, Bronx, 10469",,NYC DCLA,dcla-row-1789,Requires manual review
,Paint 'N Pour Studio NYC,,-73.9567716,40.8021357,2080 Frederick Douglass Boulevard,https://www.paintnpournyc.com,OpenStreetMap,node/6426473696,OpenStreetMap craft/workshop tag
,PAINTING SPACE 122 INC.,,-73.984785,40.728261,"150 1st Ave, New York, 10009",,NYC DCLA,dcla-row-1790,Requires manual review
,Paley Center for Media,,-73.9775846,40.760591,25 West 52nd Street,https://www.paleycenter.org/,OpenStreetMap,way/162755458,Design-related museum or gallery
,Paley Center for Media,,-73.977829,40.760445,"25 W 52nd St, New York, 10019",,NYC DCLA,dcla-row-1791,Design-related name in DCLA Museum discipline
,"Palissimo, Inc.",,-73.964653,40.754889,"415 E 52nd Street, New York, 10022",,NYC DCLA,dcla-row-1792,Requires manual review
,"Pan American Musical Art Research, Inc.",,-73.943652,40.833556,"547 W 157th Street Apt 65, New York, 10032",,NYC DCLA,dcla-row-1794,Requires manual review
,"Pan Asian Repertory Theatre, Inc.",,-73.992417,40.753612,"520 8th Avenue, New York, 10018",,NYC DCLA,dcla-row-1795,Requires manual review
,Panorama Art,,-74.1127768,40.5722249,,,OpenStreetMap,node/10195939229,OpenStreetMap craft/workshop tag
,Paper Bag Players,,-73.983516,40.755651,"1120 Avenue of the Americas, New York, 10036",,NYC DCLA,dcla-row-1796,Requires manual review
,Paper Tiger,,-73.9609834,40.6663888,104 Montgomery Street,https://papertiger.org,OpenStreetMap,node/6346342218,OpenStreetMap arts-centre tag
,"Paper Tiger Television, Inc.",,-73.994559,40.726036,"339 Lafayette Street, New York, 10012",,NYC DCLA,dcla-row-1797,Requires manual review
,Para Arts Foundation INC.,,-73.962292,40.577068,"3091 Brighton 5th street, Brooklyn, 11229",,NYC DCLA,dcla-row-1798,Requires manual review
,"Parabola Arts Foundation, Inc.",,-74.005891,40.718546,"108 Franklin Street, New York, 10013",,NYC DCLA,dcla-row-1799,Requires manual review
,"Paracademia Center, Inc.",,-73.953294,40.806085,"281 W 119TH ST, New York, 10026",,NYC DCLA,dcla-row-1800,Requires manual review
,"Parachute Literary Arts, Inc.",,-74.033128,40.618431,"9322 3rd Avenue, #543, Brooklyn, 11209",,NYC DCLA,dcla-row-1801,Requires manual review
,Paradise Palase,,-73.9252491,40.6911471,,,OpenStreetMap,node/12077634783,Requires manual review
,"Parallel Exit, Inc.",,-73.963248,40.671895,"175 Eastern Parkway, #1K, Brooklyn, 11238",,NYC DCLA,dcla-row-1802,Requires manual review
,"Parents As Primary Teachers, Inc.",,-73.948095,40.682748,"198 Hancock Street, NY, 11216",,NYC DCLA,dcla-row-1803,Requires manual review
,"Paris Review Foundation, Inc.",,-74.003891,40.750854,"544 West 27th St, New York, 10001",,NYC DCLA,dcla-row-1804,Requires manual review
,"Parity Productions, Inc.",,-74.005955,40.74369,"450 W 17th St, New York, 10011",,NYC DCLA,dcla-row-1805,Requires manual review
,Park Avenue Armory,,-73.9654996,40.7672316,643 Park Avenue,https://www.armoryonpark.org/,OpenStreetMap,way/266886536,OpenStreetMap arts-centre tag
,"Park Avenue Chamber Symphony, Inc.",,-73.96863,40.770247,"875 Fifth Avenue, New York, 10065",,NYC DCLA,dcla-row-1806,Requires manual review
,Park Cleaners & Tailors,,-73.9772892,40.7465417,531 3rd Avenue,,OpenStreetMap,node/2710839397,Requires manual review
,"Park Slope Ambulance Corps, Inc.",,-73.994233,40.665478,"156 17th Street, Brooklyn, 11215",,NYC DCLA,dcla-row-1807,Requires manual review
,Park Slope Hardware,,-73.9900968,40.6644083,,,OpenStreetMap,node/2562115244,OpenStreetMap craft/workshop tag
,Park Slope Library,,-73.9834388,40.6682276,431 6th Avenue,https://www.bklynlibrary.org/locations/park-slope,OpenStreetMap,way/250430371,Requires manual review
,Park Slope Performing Arts,,-73.9820516,40.6582715,,https://www.parkslopeperformingarts.com,OpenStreetMap,node/6299824434,OpenStreetMap arts-centre tag
,Park Slope Performing Arts,,-73.9804409,40.6597012,135 Windsor Place,https://www.parkslopeperformingarts.com,OpenStreetMap,node/6300062998,OpenStreetMap arts-centre tag
,Parkchester Library,,-73.8583447,40.8337582,1985 Westchester Avenue,https://www.nypl.org/locations/parkchester,OpenStreetMap,way/281848632,Requires manual review
,"Parsifal's Productions, Inc.",,-73.983433,40.723658,"220 East 4th Street, New York, 10009",,NYC DCLA,dcla-row-1808,Requires manual review
,"Parsnip Ship, Inc",,-73.935649,40.689441,"631 Lexington Avenue, Brooklyn, 11221",,NYC DCLA,dcla-row-1809,Requires manual review
,Parsons Dance Foundation,,-73.953737,40.782873,"124 East 91st Street 2B, New York, 10128",,NYC DCLA,dcla-row-1810,Requires manual review
,Parsons School of Design,,-73.9945327,40.735357,66 5th Avenue,,OpenStreetMap,node/1427294706,Design-related college or university
,Parsons School of Design,,-73.9935047,40.7354663,,https://www.newschool.edu/parsons/,OpenStreetMap,way/247862297,Design-related college or university
,Parsons School of Design,,-73.9947229,40.7353142,,,OpenStreetMap,way/779414413,Design-related college or university
,Parsons School of Design,,-73.9943376,40.7355761,,,OpenStreetMap,way/779414414,Design-related college or university
,"Parthenia, Inc.",,-73.896939,40.739102,"67-25 47th Avenue, Woodside, 11377",,NYC DCLA,dcla-row-1811,Requires manual review
,Partial Comfort Productions,,-73.992417,40.753612,"520 Eighth Avenue, Suite 331, New York, 10018",,NYC DCLA,dcla-row-1812,Requires manual review
,"Participant, Inc.",,-73.995534,40.719155,"116 Elizabeth St, New York, 10013",,NYC DCLA,dcla-row-1813,Requires manual review
,Partnership with Children,,-74.014427,40.704634,"1 Battery Pl, New York, 10004",,NYC DCLA,dcla-row-1814,Requires manual review
,Parts Hardware,,-73.9638274,40.6938156,,,OpenStreetMap,node/9583805200,OpenStreetMap craft/workshop tag
,Patsy Venditti & Son Masonry Contractor,,-74.1262007,40.5764804,,,OpenStreetMap,node/13114796142,Requires manual review
,"Paul Taylor Dance Foundation, Inc.",,-73.992175,40.754946,"307 W 38th St, New York, 10018",,NYC DCLA,dcla-row-1815,Requires manual review
,Paul's Rollup Gates,,-74.1554405,40.6369841,,,OpenStreetMap,node/13050292786,Requires manual review
,Paula Cooper Gallery,,-74.0064354,40.7470923,525 West 21st Street,,OpenStreetMap,node/368043670,Requires manual review
,Paula Cooper Gallery,,-74.0068341,40.7470049,534 West 21st Street,https://www.paulacoopergallery.com,OpenStreetMap,node/10873196739,Requires manual review
,Payless Car Keys Corp.,,-74.131377,40.6126489,,,OpenStreetMap,node/13072907704,Requires manual review
,Peace Boat US,,-73.969219,40.7500816,777 United Nations Plaza,https://www.peaceboat-us.org,OpenStreetMap,node/8789178101,Requires manual review
,Peace Islands Institute,,-73.979769,40.754997,"535 Fifth Ave 6th floor, New York, 10017",,NYC DCLA,dcla-row-1817,Requires manual review
,"Peace of Heart Choir, Inc.",,-73.976432,40.782361,"127 West 79th Street, #3L, New York, 10024",,NYC DCLA,dcla-row-1818,Requires manual review
,"Peccadillo Theater Company, Inc.",,-73.991607,40.761355,"423 West 46th Street, New York, 10036",,NYC DCLA,dcla-row-1819,Requires manual review
,"Peculiar Works Project, Inc.",,-73.9972,40.724938,"595 Broadway, 2nd Floor, New York, 10012",,NYC DCLA,dcla-row-1820,Requires manual review
,Pella Windows & Doors,,-74.1585404,40.6135335,,,OpenStreetMap,node/11401136636,Requires manual review
,Pellettieri Stone Carvers' Academy,,-73.957164,40.809962,"114 morningside drive, apartment 52, New York, 10027",,NYC DCLA,dcla-row-1821,Requires manual review
,"PEN American Center, Inc.",,-74.011041,40.708546,"120 Broadway, New York, 10271",,NYC DCLA,dcla-row-1822,Requires manual review
,"Pen and Brush, Inc.",,-73.988539,40.740242,"29 E 22nd St, New York, 10010",,NYC DCLA,dcla-row-1823,Requires manual review
,"Pen Parentis, Ltd.",,-74.009869,40.709932,"176 Broadway 14F, New York, 10038",,NYC DCLA,dcla-row-1824,Requires manual review
,Penumbra Foundation,,-73.984438,40.745084,"36 East 30th Street, New York, 10016",,NYC DCLA,dcla-row-1825,Requires manual review
,"People's Theatre Project, Inc.",,-73.91807,40.863244,"419 West 206th Street, New York, 10034",,NYC DCLA,dcla-row-1826,Requires manual review
,PEOPLE'S URBAN FILMS LLC,,-74.009435,40.675705,"102 Dwight Street, Apt. 2A, Brooklyn, 11231",,NYC DCLA,dcla-row-1827,Requires manual review
,"Pepatian, Inc.",,-73.928132,40.819393,"571 Walton Ave, Bronx, 10451",,NYC DCLA,dcla-row-1829,Requires manual review
,Pepe Giallo,,-74.0050275,40.7468928,195 10th Avenue,https://pepegiallo.com/,OpenStreetMap,node/6543504647,Requires manual review
,Peppa's Pot,,-73.9533165,40.6722024,,,OpenStreetMap,node/8707314383,Requires manual review
,Peppi's Tailor,,-73.9650426,40.7573894,328 East 55th Street,,OpenStreetMap,node/5395639261,Requires manual review
,Percussia,,-73.881468,40.749706,"37-22 85th St Apt 1, Jackson Heights, 11372",,NYC DCLA,dcla-row-1830,Requires manual review
,Perfect Efficiency Air Conditioning,,-73.7562484,40.7061083,201-08 Hollis Avenue,https://www.perfectefficiency.com,OpenStreetMap,node/2870464735,Requires manual review
,"PERFORMA, Inc.",,-73.993237,40.743081,"100 West 23rd Street, New York, 10011",,NYC DCLA,dcla-row-1831,Requires manual review
,Performance Space 122,,-73.984785,40.728261,"150 1st Ave, New York, 10009",,NYC DCLA,dcla-row-1832,Requires manual review
,"Performance Zone, Inc.",,-73.988366,40.737481,"228 Park Ave S, New York, 10003",,NYC DCLA,dcla-row-1833,Requires manual review
,Performing Arts Mosaic,,-73.979169,40.780131,"153 W 75 ST, New York, 10023",,NYC DCLA,dcla-row-1835,Requires manual review
,"Performing Artservices, Inc.",,-74.00544,40.720404,"260 West Broadway, New York, 10013",,NYC DCLA,dcla-row-1834,Requires manual review
,"Periapsis Music and Dance, Inc.",,-73.958977,40.675602,"523 Prospect Place, Brooklyn, 11238",,NYC DCLA,dcla-row-1836,Requires manual review
,"Peridance Ensemble, Ltd.",,-73.988594,40.73298,"126 East 13th Street, New York City, 10003",,NYC DCLA,dcla-row-1837,Requires manual review
,"Perlman Music Program, Inc.",,-73.978164,40.774627,"19 West 69th Street, #501, New York, 10023",,NYC DCLA,dcla-row-1838,Requires manual review
,Perrotin New York,,-73.9892959,40.7196517,130 Orchard Street,https://perrotin.com,OpenStreetMap,node/6233954066,Requires manual review
,Petri Plumbing,,-73.9817799,40.6803506,355 Butler Street,https://www.petriplumbing.com,OpenStreetMap,way/241845965,Requires manual review
,Petzel Gallery,,-74.0042332,40.7492373,520 West 25th Street,https://www.petzel.com,OpenStreetMap,node/10859974152,Requires manual review
,"Philharmonic - Symphony Society of New York, Inc.",,-73.982432,40.77246,"10 Lincoln Center Plaza, New York, 10023",,NYC DCLA,dcla-row-1841,Requires manual review
,Philip Kaplan Glass & Mirror,,-73.9873939,40.6587791,399 20th Street,,OpenStreetMap,node/6071432566,Requires manual review
,Philippe,,-73.9703849,40.7640945,,https://www.philippechow.com/location/philippe-chow-uptown,OpenStreetMap,node/12879187798,Requires manual review
,Philippe Labaune Gallery,,-74.0054342,40.7489832,534 West 24th Street,https://www.philippelabaune.com,OpenStreetMap,node/10859974162,Requires manual review
,PHILIPPINE FORUM,,-73.896218,40.745826,"40-21 69th Street, Woodside, 11377",,NYC DCLA,dcla-row-1842,Requires manual review
,Phoenix Theatre Ensemble,,-73.986203,40.72951,"200 E 10th St, New York, 10003",,NYC DCLA,dcla-row-1843,Requires manual review
,Phone Repair,,-74.1488095,40.5518963,,,OpenStreetMap,node/13971564769,Requires manual review
,PhonePC,,-73.9977534,40.6610075,,,OpenStreetMap,node/6874272038,Requires manual review
,Photo Studio,,-73.8697559,40.7493881,,,OpenStreetMap,node/13387059742,OpenStreetMap craft/workshop tag
,"Pick Up Performance Company, Inc.",,-73.997834,40.754019,"440 West 34th Street, New York, 10001",,NYC DCLA,dcla-row-1845,Requires manual review
,Picture People,,-74.0042685,40.6593008,,,OpenStreetMap,node/8400580170,Requires manual review
,Picture People,,-74.1651261,40.5813018,,,OpenStreetMap,way/904169916,Requires manual review
,"Pied Piper Children's Theatre of NYC, Inc.",,-73.923684,40.866818,"4867 Broadway, New York, 10034",,NYC DCLA,dcla-row-1846,Requires manual review
,Pierpont Morgan Library,,-73.981763,40.749387,"225 Madison Avenue, New York, 10016",,NYC DCLA,dcla-row-1847,Requires manual review
,Pilecki Institute,,-74.0137633,40.7079432,92 Greenwich Street,https://www.pileckiusa.com,OpenStreetMap,node/5039012197,Requires manual review
,Pioneer Works,,-74.0121266,40.6792002,,https://pioneerworks.org,OpenStreetMap,way/248169219,OpenStreetMap arts-centre tag
,Pioneer Works Art Foundation,,-74.011789,40.679416,"159 Pioneer Street, Brooklyn, 11231",,NYC DCLA,dcla-row-1849,Requires manual review
,"Pioneers Go East Collective, Inc.",,-73.977844,40.725482,"149 Avenue C, New York, 10009",,NYC DCLA,dcla-row-1848,Requires manual review
,Pipeline Theatre Company,,-73.943226,40.807711,"45 West 126th Street, New York, 10027",,NYC DCLA,dcla-row-1850,Requires manual review
,"Piper Theatre Productions, Inc.",,-73.984794,40.671829,"332 5th Street #4R, Brooklyn, 11215",,NYC DCLA,dcla-row-1851,Requires manual review
,Place in History,,-73.955395,40.738876,"1205 Manhattan Avenue, Unit 1212, Brooklyn, 11222",,NYC DCLA,dcla-row-1852,Requires manual review
,Plant 486,,-73.9984548,40.6773554,486 Court Street,https://plant486.com,OpenStreetMap,node/13885512121,Design-related museum or gallery
,"Platinum Plumbing & Heating, Inc.",,-74.0774076,40.6251434,,,OpenStreetMap,node/13048630629,Requires manual review
,Plaxall Gallary,,-73.9541761,40.7474953,,,OpenStreetMap,node/6593023545,Requires manual review
,"Play GroundNYC, Inc.",,-74.01319,40.689261,"40 Barry Road, New York, 10004",,NYC DCLA,dcla-row-1853,Requires manual review
,"Play Production Company, Inc.",,-73.989669,40.75889,"321 West 44th Street, New York, 10036",,NYC DCLA,dcla-row-1854,Requires manual review
,"Plays for Living, Inc.",,-73.99285,40.753047,"505 Eighth Avenue, Suite 1202, New York, 10018",,NYC DCLA,dcla-row-1855,Requires manual review
,"Playwrights Horizons, Inc.",,-73.993394,40.758742,"416 W 42nd St, New York, 10036",,NYC DCLA,dcla-row-1857,Requires manual review
,"Playwrights Realm, Inc.",,-73.992417,40.753612,"520 Eighth Avenue, New York, 10018",,NYC DCLA,dcla-row-1858,Requires manual review
,Playwrights' Preview Productions,,-73.991814,40.754477,"555 Eighth Avenue, Ste. 1800, New York, 10018",,NYC DCLA,dcla-row-1856,Requires manual review
,Plaza College,,-73.8312551,40.7148509,118-33 Queens Boulevard,,OpenStreetMap,node/9012802249,Requires manual review
,"Pluma Poetica Del Arte, Inc",,-73.964934,40.796398,"845 Columbus Ave. Apt. 3-E, New York, 10025",,NYC DCLA,dcla-row-1859,Requires manual review
,Poe Cottage,,-73.8942401,40.8655073,2540 Grand Concourse,https://bronxhistoricalsociety.org/poe-cottage/,OpenStreetMap,way/276302548,Requires manual review
,Poetry Outreach Center,,-73.950221,40.819196,"160 Convent Ave., New York, 10031",,NYC DCLA,dcla-row-1860,Requires manual review
,"Poetry Project, Ltd.",,-73.988432,40.730471,"131 East 10th Street, New York, 10003",,NYC DCLA,dcla-row-1861,Requires manual review
,Poetry Society of America,,-73.989763,40.687749,"119 Smith Street, Brooklyn, 11201",,NYC DCLA,dcla-row-1862,Requires manual review
,"Poetry Society of New York, Inc.",,-73.948046,40.727674,"155 Diamond Street, Brooklyn, 11222",,NYC DCLA,dcla-row-1863,Requires manual review
,"Poets & Writers, Inc.",,-74.011592,40.703954,"90 Broad St, New York, 10004",,NYC DCLA,dcla-row-1864,Requires manual review
,"Poets House, Inc.",,-74.016442,40.716072,"10 River Terrace, New York, 10282",,NYC DCLA,dcla-row-1865,Requires manual review
,Point Community Development Corp.,,-73.890899,40.818219,"940 Garrison Avenue, Bronx, 10474",,NYC DCLA,dcla-row-1866,Requires manual review
,Polaris Productions Inc.,,-74.006066,40.74374,"458 W. 17th St., New York, 10011",,NYC DCLA,dcla-row-1867,Requires manual review
,Police Athletic League Wynn Center,,-73.9470148,40.6868646,495 Gates Avenue,https://www.palnyc.org/brooklyn/wynn-center,OpenStreetMap,way/250311207,Requires manual review
,"Police Athletic League, Inc.",,-73.992549,40.733809,"34 1/2 East 12th Street, New York, 10003",,NYC DCLA,dcla-row-1868,Requires manual review
,"Polish Theatre Institute in the USA, Inc.",,-73.979213,40.777581,"112 West 72nd St, New York, 10023",,NYC DCLA,dcla-row-1870,Requires manual review
,POLISHFILMMAKERS NYC,,-73.984717,40.728387,"151 First Avenue Apartment 226, New York, 10003",,NYC DCLA,dcla-row-1869,Requires manual review
,"Polyhymnia Music Foundation, Inc.",,-73.977494,40.789358,"552 West End Avenue, New York, 10024",,NYC DCLA,dcla-row-1871,Requires manual review
,Pomegranate Gallery,,-73.9987925,40.7258312,137 Greene Street,https://www.pomegranategallery.art,OpenStreetMap,node/10031806788,Requires manual review
,Pomonok Queens Library,,-73.809951,40.7324819,158-21 Jewel Avenue,https://www.queenslibrary.org/about-us/locations/pomonok,OpenStreetMap,node/2552854731,Requires manual review
,Pony Box Dance Theatre,,-73.864767,40.832324,"1836 Westchester Avenue, Bronx, 10472",,NYC DCLA,dcla-row-1872,Requires manual review
,Pop International Galleries,,-73.993585,40.7208794,,https://www.popinternational.com,OpenStreetMap,node/10115105166,Requires manual review
,Poppenhusen Branch Queens Borough Public Library,,-73.846009,40.7862477,121-23 14th Avenue,https://www.queenslibrary.org/about-us/locations/poppenhusen,OpenStreetMap,way/284676092,Requires manual review
,Poppy's Catering,,-74.0022835,40.685546,,https://www.poppysbrooklyn.com/events/,OpenStreetMap,node/9791148931,Requires manual review
,Port Richmond Glass,,-74.1328102,40.6262714,,,OpenStreetMap,node/11667208323,Requires manual review
,Port Richmond Library,,-74.1310881,40.6375872,75 Bennett Street,https://www.nypl.org/locations/port-richmond,OpenStreetMap,way/245572237,Requires manual review
,Portraits USA,,-73.976266,40.6525555,1254 Prospect Avenue,https://www.portraitsusainc.com,OpenStreetMap,node/6579114531,Requires manual review
,PortSide NewYork,,-74.013199,40.680332,"190 Pioneer St, NYC, 11231",,NYC DCLA,dcla-row-1874,Requires manual review
,Positive Women United,,-73.742251,40.680308,"131-76 226th St, Laurelton, 11413",,NYC DCLA,dcla-row-1875,Requires manual review
,"Possibility Project, Inc.",,-73.983907,40.749316,"377 5th Avenue, New York, 10016",,NYC DCLA,dcla-row-1876,Requires manual review
,Post Exterminating,,-74.0793421,40.6291994,,,OpenStreetMap,node/13048621568,Requires manual review
,Post Heritage Printing,,-73.9930673,40.6696564,138 12th Street,https://www.postheritage.com,OpenStreetMap,way/248171236,OpenStreetMap craft/workshop tag
,Poster House,,-73.9933334,40.7435904,119 West 23rd Street,https://posterhouse.org/,OpenStreetMap,way/705811842,Requires manual review
,Poster House,,-73.993591,40.743248,"119 W. 23rd Street, New York, 10011",,NYC DCLA,dcla-row-1877,Requires manual review
,Pottery Studio 1,,-73.994835,40.7190663,,https://pottery-nyc.com,OpenStreetMap,node/10756703055,OpenStreetMap craft/workshop tag
,Powers Lowenfels Gallery,,-73.990434,40.7219487,53 Stanton Street,,OpenStreetMap,node/2554956143,Requires manual review
,PowrPlnt,,-73.9161194,40.6904661,562 Evergreen Avenue,https://powrplnt.org/,OpenStreetMap,node/6561471943,Requires manual review
,POWRPLNT INC,,-73.987318,40.692118,"400 Jay St, Brooklyn, 11201",,NYC DCLA,dcla-row-1879,Requires manual review
,PPOW,,-74.002623,40.7182903,"392, 2 Fl Broadway",https://www.ppowgallery.com/,OpenStreetMap,node/12021903149,Requires manual review
,PPOW,,-74.002594,40.7183647,392 Broadway,https://www.ppowgallery.com/,OpenStreetMap,node/12022076619,Design-related museum or gallery
,"PR Project, Inc.",,-73.949687,40.790461,"1355 Park Avenue, New York, 10029",,NYC DCLA,dcla-row-1903,Requires manual review
,Pratt Institute,,-73.9643559,40.6911395,200 Willoughby Avenue,https://www.pratt.edu/,OpenStreetMap,relation/4425764,Design-related college or university
,Pratt Institute,,-73.963958,40.692056,"200 Willoughby Avenue, Brooklyn, 11205",,NYC DCLA,dcla-row-1880,Requires manual review
,Pratt Institute Library,,-73.9650201,40.6908675,,,OpenStreetMap,way/250356311,Design-related library
,Pratt Manhattan Gallery,,-73.9989918,40.7380759,,https://www.pratt.edu/about/exhibitions/pratt-manhattan-gallery/,OpenStreetMap,node/10873303788,Requires manual review
,Praxis Gallery,,-74.0057581,40.7460607,501 West 20th Street,https://www.praxis-art.com,OpenStreetMap,node/10873196744,Requires manual review
,Precious First Step Child Development Center Inc.,,-73.797641,40.67188,"142-17 129th Avenue, Jamaica, 11436",,NYC DCLA,dcla-row-1881,Requires manual review
,"Pregones / Puerto Rican Traveling Theater, Inc.",,-73.928132,40.819393,"571-575 Walton Avenue, Bronx, 10451",,NYC DCLA,dcla-row-1882,Requires manual review
,Premium Cobbler,,-73.9613672,40.7617041,348 East 62nd Street,,OpenStreetMap,node/11462828679,Requires manual review
,Premium Millwork,,-74.0120167,40.6745013,43 Coffey Street,,OpenStreetMap,way/248168903,OpenStreetMap craft/workshop tag
,"Present Pariah, Inc.",,-73.969571,40.638932,"911 Cortelyou Rd, Brooklyn, 11218",,NYC DCLA,dcla-row-1884,Requires manual review
,"Pride Not Prejudice, Inc.",,-73.965096,40.639804,"407 Rugby Rd, New York, 11226",,NYC DCLA,dcla-row-1886,Requires manual review
,"Primary Information, Inc.",,-73.987671,40.674909,"232 3rd St., Brooklyn, 11215",,NYC DCLA,dcla-row-1887,Requires manual review
,"Primary Stages Company, Inc.",,-73.992417,40.753612,"520 8th Ave, New York, 10018",,NYC DCLA,dcla-row-1888,Requires manual review
,Prime Jewelers,,-73.8535663,40.6930156,91-04 Jamaica Avenue,,OpenStreetMap,node/5397494870,Requires manual review
,Prince Street Gallery,,-74.004452,40.7513549,547 West 27th Street,https://princestreetgallery.com,OpenStreetMap,node/10860703826,Requires manual review
,Princess Manor Catering Hall,,-73.9501676,40.7237293,92 Nassau Avenue,https://www.princessmanor.com/,OpenStreetMap,way/280081624,Requires manual review
,Principles GI Coffee House,,-73.9926894,40.6723872,129 9th Street,https://principlesbk.nyc/,OpenStreetMap,node/11665449521,Requires manual review
,Print Better Inc,,-73.8986247,40.7006369,59-39 Myrtle Avenue,,OpenStreetMap,node/9721930188,Requires manual review
,"Print Better, Inc.",,-73.8976885,40.7075937,66-42 Fresh Pond Road,,OpenStreetMap,node/5503155783,Requires manual review
,Print By Pop,,-73.9958739,40.6602376,,https://printbypop.com/,OpenStreetMap,node/2547745168,Requires manual review
,Print Center New York,,-74.0052774,40.749162,535 West 24th Street,https://www.printcenternewyork.org,OpenStreetMap,node/10859974158,Requires manual review
,"Printed Matter, Inc.",,-74.005858,40.750489,"231 11th Ave, New York, 10001",,NYC DCLA,dcla-row-1889,Requires manual review
,Printique,,-73.9872924,40.6590578,370 19th Street,https://www.printique.com,OpenStreetMap,way/647047095,Requires manual review
,PrintSpace,,-74.020089,40.6346605,509 Senator Street,https://ellencolemanizzo.com/printspace-workshops-and-wares,OpenStreetMap,node/2553164677,OpenStreetMap arts-centre tag
,Privé,,-74.1771398,40.542103,813 Annadale Road,,OpenStreetMap,node/12546636525,Requires manual review
,Pro Metal Construction,,-74.0164411,40.6371618,549 63rd Street,,OpenStreetMap,way/249579806,Requires manual review
,ProfAir LTS,,-73.9935746,40.6688247,542 3rd Avenue,https://profaircorp.com,OpenStreetMap,way/248171314,Requires manual review
,Professional African Hair Braiding,,-73.9567436,40.6655376,1673 Bedford Avenue,,OpenStreetMap,node/9419303532,Requires manual review
,"Professional Organization for Women in the Arts, Inc.",,-73.989515,40.732546,"109 E 12th St. Apt 3, New York City, 10003",,NYC DCLA,dcla-row-1891,Design-related name in DCLA Visual Arts discipline
,"Project City Kids, Inc.",,-74.01586,40.711411,"395 South End Ave #6H, New York, 10280",,NYC DCLA,dcla-row-1892,Requires manual review
,Project Hospitality,,-74.0761164,40.6393835,14 Slosson Terrace,,OpenStreetMap,node/2494224915,Requires manual review
,Project Management Academy New York,,-73.9922855,40.7429616,71 West 23rd Street,https://projectmanagementacademy.net/pmp-certification/new-york,OpenStreetMap,node/3220584269,Requires manual review
,Project One Services Inc,,-74.1206494,40.6049222,,,OpenStreetMap,node/12889602638,Requires manual review
,Project Ore,,-73.9844144,40.7305161,,,OpenStreetMap,node/11565487892,Requires manual review
,"Project Rebirth, Inc",,-74.005901,40.710114,"163 William Street, New York, 10038",,NYC DCLA,dcla-row-1894,Requires manual review
,"Project Y Theatre, Inc.",,-73.992417,40.753612,"520 8th Avenue #353, New York, 10018",,NYC DCLA,dcla-row-1895,Requires manual review
,"Projectivity Group, Inc.",,-74.111712,40.634735,"884 castleton ave, staten island, 10310",,NYC DCLA,dcla-row-1893,Requires manual review
,ProLine Roofing,,-74.1137795,40.5575319,481 Mill Road,https://www.proline-roofing.com,OpenStreetMap,node/11721813878,Requires manual review
,"Promote Art Works, Inc.",,-73.989828,40.68765,"123 Smith Street, Brooklyn, 11201",,NYC DCLA,dcla-row-1896,Requires manual review
,ProPublica,,-74.004903,40.7253658,155 Avenue of the Americas,https://www.propublica.org/,OpenStreetMap,node/11210299208,Requires manual review
,Prospect Hill Senior Center,,-73.989165,40.663323,"283 prospect avenue, brooklyn, 11215",,NYC DCLA,dcla-row-1898,Requires manual review
,"Prospect Park Alliance, Inc.",,-73.974508,40.667391,"95 Prospect Park W, Brooklyn, 11215",,NYC DCLA,dcla-row-1899,Requires manual review
,"Prospect Theater Company, Inc.",,-73.992417,40.753612,"520 8th Avenue, New York, 10018",,NYC DCLA,dcla-row-1900,Requires manual review
,PROTOCINEMA INC,,-73.999073,40.711849,"31 Madison Str. 2b, NEW YORK, 10038",,NYC DCLA,dcla-row-1901,Requires manual review
,Proton Electric,,-74.0203496,40.6338843,,,OpenStreetMap,node/10771646589,Requires manual review
,"Providence Productions International, Inc.",,-73.994872,40.69496,"115 Montague Street, 8C, Brooklyn, 11201",,NYC DCLA,dcla-row-1902,Requires manual review
,"Public Art Fund, Inc.",,-73.975584,40.760324,"1 East 53rd Street, New York, 10022",,NYC DCLA,dcla-row-1905,Design-related name in DCLA Visual Arts discipline
,Public Policy Lab,,-73.986587,40.704313,"20 Jay St, Suite 203, Brooklyn, 11201",,NYC DCLA,dcla-row-1907,DCLA Architecture/Design discipline
,"Publicolor, Inc.",,-73.984513,40.75009,"20 West 36 Street, New York, 10018",,NYC DCLA,dcla-row-1906,DCLA Architecture/Design discipline
,"Puerto Rican Workshop, Inc.",,-73.946558,40.791881,"1680 Lexington Avenue, New York, 10029",,NYC DCLA,dcla-row-1908,Requires manual review
,"Pulse Ensemble Theatre, Inc.",,-73.99154,40.75224,"248 West 35th Street, 15th Floor, New York, 10001",,NYC DCLA,dcla-row-1909,Requires manual review
,"Puppet Works, Inc.",,-73.981507,40.670966,"338 6th Avenue, Brooklyn, 11215",,NYC DCLA,dcla-row-1912,Requires manual review
,"Puppetry Arts Theatre, Inc.",,-73.981292,40.667253,"320 7th Avenue, Brooklyn, 11215",,NYC DCLA,dcla-row-1910,Requires manual review
,Puppetry in Practice Inc.,,-73.952667,40.63176,"2900 Bedford Avenue, James Hall 0712, Brooklyn College, Brooklyn, 11210",,NYC DCLA,dcla-row-1911,Requires manual review
,Purelements: An Evolution in Dance,,-73.920384,40.678793,"1958 Fulton Street, Brooklyn, 11233",,NYC DCLA,dcla-row-1913,Requires manual review
,Purslane,,-73.9863857,40.6820537,,https://www.purslane.com,OpenStreetMap,node/5182727106,Requires manual review
,QCC Art Gallery,,-73.7576914,40.7556438,,,OpenStreetMap,node/8220642038,Design-related museum or gallery
,Qi Shu Fang Peking Opera Association,,-73.860272,40.689531,"80-31 88th Road, Queens, 11421",,NYC DCLA,dcla-row-1914,Requires manual review
,Qlty-Life,,-73.9435804,40.7274414,240 Norman Street,,OpenStreetMap,node/5190573289,Requires manual review
,QMAD Queens Media Arts Development,,-73.873454,40.752596,"35-05 94th Street, Jackson Heights, 11372, 11372",,NYC DCLA,dcla-row-1915,Requires manual review
,QPL North Forest Park,,-73.8536716,40.7111909,98-27 Metropolitan Avenue,https://www.queenslibrary.org/about-us/locations/north-forest-park,OpenStreetMap,way/248698194,Requires manual review
,Quality Stainless Steel,,-74.0101248,40.6547384,218 39th Street,http://www.qualitystainlesssteel.com,OpenStreetMap,way/249605243,Requires manual review
,Quality Woodworking Corp,,-73.9850392,40.6809693,260 Butler Street,http://qualitywoodworkingcorp.com,OpenStreetMap,way/1250317788,OpenStreetMap craft/workshop tag
,"Qubit New Music, Inc.",,-73.971943,40.687513,"147A Lafayette Avenue, Brooklyn, 11238",,NYC DCLA,dcla-row-1917,Requires manual review
,"Queen's Theatre Company, Inc.",,-73.989637,40.756582,"Times Square Station, New York, 10108",,NYC DCLA,dcla-row-1918,Requires manual review
,Queens Borough Public Library,,-73.9025768,40.7051656,20-12 Madison Street,https://www.queenslibrary.org/about-us/locations/ridgewood,OpenStreetMap,way/250447770,Requires manual review
,"Queens Botanical Garden Society, Inc.",,-73.826092,40.751508,"43-50 Main Street, Flushing, 11355",,NYC DCLA,dcla-row-1922,Requires manual review
,Queens Brewery,,-73.9040723,40.6949358,15-39 Covert Street,https://www.queensbrewery.com/,OpenStreetMap,node/5476739551,Requires manual review
,"Queens College Foundation, Inc.",,-73.814703,40.736707,"65-30 Kissena Boulevard, Flushing, 11367",,NYC DCLA,dcla-row-1923,Requires manual review
,"Queens College, City University of New York",,-73.8194795,40.7366106,65 30 Kissena Boulevard,https://www.qc.cuny.edu/,OpenStreetMap,way/381275402,Requires manual review
,Queens Community Civic Corporation,,-73.831636,40.729912,"68-01 A  136 Street, Flushing, 11367",,NYC DCLA,dcla-row-1924,Requires manual review
,Queens Council on the Arts,,-73.955155,40.745886,"5-11 47th Avenue, Queens, 11101",,NYC DCLA,dcla-row-1925,Requires manual review
,Queens Historical Society,,-73.823649,40.763513,"143-35 37th Ave, Flushing, 11354",,NYC DCLA,dcla-row-1926,Requires manual review
,"Queens Jewish Community Council, Inc.",,-73.832351,40.713909,"119-45 Union Tpke, Forest Hills, 11375",,NYC DCLA,dcla-row-1927,Requires manual review
,Queens Lesbian and Gay Community Center Inc.,,-73.889702,40.749193,"76-11 37 Avenue, 2nd floor, Jackson Heights, 11372",,NYC DCLA,dcla-row-1929,Requires manual review
,Queens Library,,-73.8377398,40.5794003,116-15 Rockaway Beach Boulevard,https://www.queenslibrary.org/about-us/locations/seaside,OpenStreetMap,way/285071641,Requires manual review
,Queens Library - Sunnyside Branch,,-73.9216803,40.7408166,43-06 Greenpoint Avenue,https://www.queenslibrary.org/about-us/locations/sunnyside,OpenStreetMap,way/280348649,Requires manual review
,Queens Library at Arverne,,-73.7840396,40.5931451,312 Beach 54th Street,https://www.queenslibrary.org/about-us/locations/arverne,OpenStreetMap,way/285038241,Requires manual review
,Queens Library at Fresh Meadows,,-73.7822668,40.7415511,193-20 Horace Harding Expressway Sr S;Horace Harding Expressway,https://www.queenslibrary.org/about-us/locations/fresh-meadows,OpenStreetMap,way/248518964,Requires manual review
,Queens Library at Hillcrest,,-73.7819106,40.7292619,187-05 Union Turnpike,https://www.queenslibrary.org/about-us/locations/hillcrest,OpenStreetMap,way/248391250,Requires manual review
,Queens Library at Hollis,,-73.762308,40.7201836,202-05 Hillside Avenue,https://www.queenslibrary.org/about-us/locations/hollis,OpenStreetMap,way/241192946,Requires manual review
,Queens Library at Long Island City,,-73.9393033,40.7578141,37-44 21st Street,https://www.queenslibrary.org/about-us/locations/long-island-city,OpenStreetMap,way/280642211,Requires manual review
,Queens Library at Mitchell-Linden,,-73.826842,40.7690519,31-32 Union Street,https://www.queenslibrary.org/about-us/locations/mitchell-linden,OpenStreetMap,node/10948389845,Requires manual review
,Queens Library at Penninsula,,-73.8160618,40.5858386,92-25 Rockaway Beach Boulevard,https://www.queenslibrary.org/about-us/locations/peninsula,OpenStreetMap,way/285067417,Requires manual review
,Queens Library at Windsor Park,,-73.755682,40.7344916,79-50 Bell Boulevard,https://www.queenslibrary.org/about-us/locations/windsor-park,OpenStreetMap,way/248572389,Requires manual review
,Queens Museum,,-73.8467443,40.7458698,,https://queensmuseum.org,OpenStreetMap,way/284856409,Design-related museum or gallery
,Queens Public Library,,-73.8107175,40.7885316,151-10 14th Road,https://www.queenslibrary.org/about-us/locations/whitestone,OpenStreetMap,way/284640944,Requires manual review
,Queens Public Library at Astoria,,-73.9287057,40.7723807,14-01 Astoria Boulevard,https://www.queenslibrary.org/about-us/locations/astoria,OpenStreetMap,way/221190748,Requires manual review
,Queens Public Library at Auburndale,,-73.7963428,40.7737413,25-55 Francis Lewis Boulevard,https://www.queenslibrary.org/about-us/locations/auburndale,OpenStreetMap,way/284542773,Requires manual review
,Queens Public Library at Baisley Park,,-73.7916651,40.6803129,117-11 Sutphin Boulevard,https://www.queenslibrary.org/about-us/locations/baisley-park,OpenStreetMap,way/282372656,Requires manual review
,Queens Public Library at Bay Terrace,,-73.7683644,40.760136,214-20 Northern Boulevard,https://www.queenslibrary.org/about-us/locations/bayside,OpenStreetMap,way/284427030,Requires manual review
,Queens Public Library at Bay Terrace,,-73.7770126,40.7825379,18-36 Bell Boulevard,https://www.queenslibrary.org/about-us/locations/bay-terrace,OpenStreetMap,way/284634190,Requires manual review
,Queens Public Library at Bellerose,,-73.7170965,40.7351585,250-06 Hillside Avenue,https://www.queenslibrary.org/about-us/locations/bellerose,OpenStreetMap,way/248537731,Requires manual review
,Queens Public Library at Briarwood,,-73.8194766,40.7100387,8512 Main Street,https://www.queenslibrary.org/about-us/locations/briarwood,OpenStreetMap,way/283186040,Requires manual review
,Queens Public Library at Broad Channel,,-73.8200531,40.6007331,16-26 Cross Bay Boulevard,https://www.queenslibrary.org/about-us/locations/broad-channel,OpenStreetMap,way/285046697,Requires manual review
,Queens Public Library at Broadway,,-73.9186162,40.7585417,40-20 Broadway,https://www.queenslibrary.org/about-us/locations/broadway,OpenStreetMap,way/280570638,Requires manual review
,Queens Public Library at Cambria Heights,,-73.7396242,40.6947831,218-13 Linden Boulevard,,OpenStreetMap,node/368050015,Requires manual review
,Queens Public Library at Central,,-73.7946027,40.7078702,89-11 Merrick Boulevard,https://www.queenslibrary.org/about-us/locations/central-library,OpenStreetMap,way/248591434,Requires manual review
,Queens Public Library at Corona,,-73.8619802,40.7508904,38-23 104th Street,https://www.queenslibrary.org/about-us/locations/corona,OpenStreetMap,way/284702356,Requires manual review
,Queens Public Library at Douglaston/Little Neck,,-73.7382341,40.7682218,249-01 Northern Boulevard,https://www.queenslibrary.org/about-us/locations/douglaston,OpenStreetMap,way/284734104,Requires manual review
,Queens Public LIbrary at East Elmhurst,,-73.8737924,40.7624444,95-06 Astoria Boulevard,https://www.queenslibrary.org/about-us/locations/east-elmhurst,OpenStreetMap,way/284728531,Requires manual review
,Queens Public Library at East Flushing,,-73.7843046,40.7575442,196-36 Northern Boulevard,https://www.queenslibrary.org/about-us/locations/east-flushing,OpenStreetMap,way/284475343,Requires manual review
,Queens Public Library at Elmhurst,,-73.876878,40.7385326,86-07 Broadway,https://www.queenslibrary.org/about-us/locations/elmhurst,OpenStreetMap,way/380135553,Requires manual review
,Queens Public Library at Far Rockaway,,-73.7525053,40.6043463,16-37 Central Avenue,https://queenslibrary.org/about-us/locations/far-rockaway,OpenStreetMap,way/285026847,Requires manual review
,Queens Public Library at Far Rockaway Teen Library,,-73.753568,40.6025152,2002 Cornaga Avenue,https://queenslibrary.org/about-us/locations/far-rockaway-teen,OpenStreetMap,way/285024977,Requires manual review
,Queens Public Library at Flushing,,-73.8288414,40.7577932,41-17 Main Street,https://www.queenslibrary.org/about-us/locations/flushing,OpenStreetMap,way/284622538,Requires manual review
,Queens Public Library at Forest Hills,,-73.8430179,40.7221584,108-19 71st Avenue,https://www.queenslibrary.org/about-us/locations/forest-hills,OpenStreetMap,way/250564818,Requires manual review
,Queens Public Library at Glen Oaks,,-73.7148438,40.7451464,256-04 Union Turnpike,https://www.queenslibrary.org/about-us/locations/glen-oaks,OpenStreetMap,way/247696889,Requires manual review
,Queens Public Library at Rochdale Village,,-73.770525,40.6728863,169-09 137th Avenue,https://www.queenslibrary.org/about-us/locations/rochdale-village,OpenStreetMap,way/283044063,Requires manual review
,Queens Public Library at Woodhaven,,-73.861446,40.6945406,85-41 Forest Parkway,https://www.queenslibrary.org/about-us/locations/woodhaven,OpenStreetMap,way/264615613,Requires manual review
,Queens Public Library at Woodside,,-73.9097738,40.745355,54-22 Skillman Avenue,https://www.queenslibrary.org/about-us/locations/woodside,OpenStreetMap,way/280372601,Requires manual review
,Queens Public Library Kew Gardens Hills,,-73.8207498,40.7259588,72-33 Vleigh Place,https://www.queenslibrary.org/branch/Kew%20Gardens%20Hills?filters=ev_loc:092200000&CSRT=15664127243825802593,OpenStreetMap,way/248338052,Requires manual review
,Queens Symphony Orchestra,,-73.814703,40.736707,"65-30 Kissena Boulevard, Flushing, 11367",,NYC DCLA,dcla-row-1932,Requires manual review
,"Queens Theatre in the Park, Inc.",,-73.844339,40.744535,"14 United Nations Avenue South, Queens, 11368",,NYC DCLA,dcla-row-1933,Requires manual review
,Queens Village Branch Queens Borough Public Library,,-73.7390444,40.7198848,94-11 217th Street,https://www.queenslibrary.org/about-us/locations/queens-village,OpenStreetMap,way/283218784,Requires manual review
,Queensboro Dance Festival Inc.,,-73.91605,40.7422,"4516 49th St 3A, Woodside, 11377",,NYC DCLA,dcla-row-1919,Requires manual review
,Queensboro Hill Branch Queens Borough Public Library,,-73.8251517,40.7429227,60-05 Main Street,https://www.queenslibrary.org/about-us/locations/queensboro-hill,OpenStreetMap,way/284615866,Requires manual review
,Queensborough Community College - City University of New York,,-73.7571845,40.7554669,222-05 56th Avenue,https://www.qcc.cuny.edu/,OpenStreetMap,way/381539599,Requires manual review
,"Queensborough Community College Auxiliary Enterprise Association, Inc.",,-73.756468,40.753932,"222-05 56th Avenue, Oakland Gardens, 11364",,NYC DCLA,dcla-row-1920,Requires manual review
,"Queensborough Community College Fund, Inc.",,-73.756468,40.753932,"22205 56th Avenue, Bayside, 11364",,NYC DCLA,dcla-row-1921,Requires manual review
,"Queer Big Apple Corps, Inc.",,-73.991549,40.735453,"5 Union Square W, New York, 10003",,NYC DCLA,dcla-row-1935,Requires manual review
,"Queer Urban Orchestra, Inc.",,-73.999188,40.749416,"296 9th Ave, New York, 10001",,NYC DCLA,dcla-row-1936,Requires manual review
,Queer/Art Inc.,,-73.987401,40.728956,"140 2nd Ave, New York, 10003",,NYC DCLA,dcla-row-1934,Requires manual review
,"Quest Youth Organization, Inc.",,-73.94922,40.664007,"400 Empire Boulevard, Brooklyn, 11225",,NYC DCLA,dcla-row-1937,Requires manual review
,Quick Repair,,-73.9826011,40.7275982,151 Avenue A,,OpenStreetMap,node/12327528823,Requires manual review
,Quinn Library,,-73.9845162,40.7711658,140 West 62nd Street,https://www.fordham.edu/info/27156/libraries,OpenStreetMap,node/8695222689,Requires manual review
,"Quintet of the Americas, Inc.",,-73.747065,40.771316,"15 Circle Road, Douglaston, 11363",,NYC DCLA,dcla-row-1938,Requires manual review
,R&R Auto Locksmith Service,,-73.8786812,40.8714321,3083 Decatur Avenue,,OpenStreetMap,way/276386224,Requires manual review
,R&R Auto Locksmith Service,,-73.8774339,40.8710518,3099 Webster Avenue,,OpenStreetMap,way/276386256,Requires manual review
,R. McGlynn Plumbing Corp.,,-74.1176082,40.6290566,,,OpenStreetMap,node/11667208407,Requires manual review
,R.B. Mechanical,,-74.0727865,40.6164376,,,OpenStreetMap,node/13039825071,Requires manual review
,RAA,,-73.8374983,40.5811519,,,OpenStreetMap,node/7194157435,Requires manual review
,Rabbi Edward E. Klein Memorial Library,,-73.9788889,40.7738889,,,OpenStreetMap,node/368050526,Requires manual review
,Rabbinical Seminary of America,,-73.8171326,40.723051,76-01 147th St,,OpenStreetMap,way/248334158,Requires manual review
,Rabbit Hole Ensemble,,-73.97325,40.638928,"415 Ocean Parkway, Brooklyn, 11218",,NYC DCLA,dcla-row-1939,Requires manual review
,Rachel Uffner,,-73.984974,40.7209311,170 Suffolk Street,,OpenStreetMap,node/4764733060,Requires manual review
,"Racing Thoughts, Inc.",,-73.966946,40.672887,"41 Eastern Parkway Apt. 9A, Brooklyn, 11238",,NYC DCLA,dcla-row-1940,Requires manual review
,Radant Plumbing & Heating,,-73.9851999,40.6663007,497 6th Avenue,,OpenStreetMap,node/5526341731,Requires manual review
,Radical Evolution Performance Collective,,-73.952313,40.657723,"235 Hawthorne St., Brooklyn, 11225",,NYC DCLA,dcla-row-1942,Requires manual review
,"Radio Diaries, Inc.",,-73.986587,40.704313,"20 Jay Street, New York, 11201",,NYC DCLA,dcla-row-1943,Requires manual review
,"Radio Foundation, Inc.",,-73.968055,40.787289,"1 West 89th Street, New York, 10024",,NYC DCLA,dcla-row-1944,Requires manual review
,"RadioHole, Inc.",,-74.009205,40.736095,"155 Bank St, New York, 10014",,NYC DCLA,dcla-row-1945,Requires manual review
,Raga Massive Inc.,,-73.965505,40.676971,"323 Prospect Place, Brooklyn, 11238",,NYC DCLA,dcla-row-1946,Requires manual review
,Ramon Tailor Shop,,-73.992398,40.718979,110 Forsyth Street,,OpenStreetMap,node/12986489701,Requires manual review
,"Randall's Island Park Alliance, Inc.",,-73.923827,40.792269,"10 Central Road, New York, 10035",,NYC DCLA,dcla-row-1948,Requires manual review
,Randolph Beer DUMBO,,-73.9875274,40.7005204,82 Prospect Street,https://www.randolphbeer.com/,OpenStreetMap,node/5585278021,Requires manual review
,"Random Access Music, Ltd.",,-73.933459,40.763387,"3368 21st St., Astoria, 11106",,NYC DCLA,dcla-row-1949,Requires manual review
,Ranjha Mott Cleaners & Tailor,,-73.993905,40.7250489,,,OpenStreetMap,node/12681040946,Requires manual review
,Rapid Signs & Graphics,,-73.9432947,40.6296952,3401 Avenue I,,OpenStreetMap,node/11944545656,Requires manual review
,"Rattapallax, Incorporated",,-73.982451,40.739811,"330 3rd Avenue, New York, 10010",,NYC DCLA,dcla-row-1950,Requires manual review
,"Rattlestick Productions, Inc.",,-74.001855,40.736027,"224 Waverly Place, New York, 10014",,NYC DCLA,dcla-row-1951,Requires manual review
,"Reach Into Cultural Heights, Inc.",,-73.799278,40.705199,"90-04 161st St., Jamaica, 11432",,NYC DCLA,dcla-row-1953,Requires manual review
,"Reaching for the Arts, Inc.",,-73.938081,40.851407,"482 FORT WASHINGTON AVE, #2D, New York, 10033",,NYC DCLA,dcla-row-1952,Requires manual review
,Realty Collective,,-74.013032,40.6770631,,https://realtycollective.com,OpenStreetMap,node/10730995945,Requires manual review
,Recess,,-73.9678589,40.6973685,,https://recessart.org,OpenStreetMap,node/13357743372,Requires manual review
,"Recess Activities, Inc.",,-73.967655,40.697267,"46 Washington Avenue, Brooklyn, 11205",,NYC DCLA,dcla-row-1954,Requires manual review
,"Recording Artists' Development, Inc.",,-74.000393,40.733645,"17 Gay Street #8, New York, 10014",,NYC DCLA,dcla-row-1955,Requires manual review
,"Rector, Church Wardens, Vestrymembers of the Church of St. Luke in the Field",,-74.006498,40.732522,"487 Hudson St, New York, 10014",,NYC DCLA,dcla-row-1956,Requires manual review
,"Red Bull Theater, Inc.",,-73.996467,40.742949,"191 SEVENTH AVENUE, NEW YORK, 10011",,NYC DCLA,dcla-row-1957,Requires manual review
,Red Cap Exterminating,,-73.921417,40.8281722,930 Grand Concourse,https://redcapexterminating.com/,OpenStreetMap,node/11015438685,Requires manual review
,"Red Fern Theatre Company, Inc.",,-73.976721,40.74842,"160 East 38th Street, #10D, New York, 10016",,NYC DCLA,dcla-row-1958,Requires manual review
,Red Hook Art Project,,-74.011033,40.6787705,,https://www.redhookartproject.org,OpenStreetMap,node/2827554067,OpenStreetMap arts-centre tag
,"Red Hook Art Project, Inc.",,-74.01114,40.678839,"291 Van Brunt Street, Brooklyn, 11231",,NYC DCLA,dcla-row-1960,Requires manual review
,Red Hook Cidery,,-74.0189849,40.6776724,,,OpenStreetMap,node/13811689318,Requires manual review
,Red Hook Labs,,-74.0104546,40.6801441,133 Imlay Street,,OpenStreetMap,way/278377202,OpenStreetMap arts-centre tag
,Red Light Contemporary Music,,-73.970719,40.692508,"171 Clermont Ave, Brooklyn, 11205",,NYC DCLA,dcla-row-1961,Requires manual review
,Red Monkey Theater Group,,-73.806978,40.873618,"895 Shore Road, Bronx, 10464",,NYC DCLA,dcla-row-1962,Requires manual review
,"Red Umbrella Project, Inc.",,-73.993226,40.743097,"101 West 23rd St, New York, 10011",,NYC DCLA,dcla-row-1963,Requires manual review
,Redeemer City to City,,-73.9764332,40.764332,57 West 57th Street,https://redeemercitytocity.com,OpenStreetMap,node/10823680937,Requires manual review
,Redhawk Indian Arts Council,,-73.992173,40.644165,"1022 39th St, Brooklyn, 11219",,NYC DCLA,dcla-row-1959,Requires manual review
,Redhook Takeout,,-74.008973,40.6815089,,,OpenStreetMap,node/10908130709,Requires manual review
,Redline Screen Printing,,-74.0183134,40.6447136,5518 3rd Avenue,,OpenStreetMap,way/249587189,OpenStreetMap craft/workshop tag
,"Reel Lives, Inc.",,-73.976323,40.723308,"101 Avenue D, New York, 10009",,NYC DCLA,dcla-row-1964,Requires manual review
,Reena Spauldings Fine Art,,-73.9899544,40.7139131,165 East Broadway,https://www.reenaspaulings.com/,OpenStreetMap,node/6281938397,Design-related museum or gallery
,"Regina Opera Company, Inc.",,-73.971518,40.637179,"599 E 7th Street (Apt 1-A), Brooklyn, 11218",,NYC DCLA,dcla-row-1966,Requires manual review
,Regional Plan Association,,-73.988627,40.734163,"4 Irving Place, New York, 10003",,NYC DCLA,dcla-row-1967,Requires manual review
,Rego Park Branch Queens Borough Public Library,,-73.8645051,40.7273145,91-41 63rd Drive,https://www.queenslibrary.org/about-us/locations/rego-park,OpenStreetMap,way/247903854,Requires manual review
,"Relationship Performance and Art Group, Inc.",,-73.978868,40.681391,"100 Saint Marks Place apt 7, New York, 10009",,NYC DCLA,dcla-row-1968,Requires manual review
,Reliable Group,,-74.1285861,40.6361689,,,OpenStreetMap,node/13191522656,Requires manual review
,Remote Theater Project,,-73.975303,40.642222,"406 East 5th Street, Brooklyn, 11218",,NYC DCLA,dcla-row-1971,Requires manual review
,Renaissance Youth Center,,-73.906233,40.830224,"3485 Third Avenue, Bronx, 10456",,NYC DCLA,dcla-row-1972,Requires manual review
,Renee and Chaim Gross Foundation,,-73.998701,40.728377,"526 LaGuardia Place, New York, 10012",,NYC DCLA,dcla-row-1973,Requires manual review
,Reno Electrical,,-74.0317356,40.6209839,305 90th Street,,OpenStreetMap,node/11776251813,Requires manual review
,Repair Wiz,,-73.9068406,40.7735776,37-21 Ditmars Boulevard,,OpenStreetMap,node/5451778257,Requires manual review
,"Repast Ensemble, Inc.",,-73.916768,40.74809,"39-44 47th St, Sunnyside, 11104",,NYC DCLA,dcla-row-1974,Requires manual review
,Reservoir Art Space,,-73.9066092,40.7055636,659 Woodward Avenue,,OpenStreetMap,node/5364831590,OpenStreetMap arts-centre tag
,Residency Unlimited,,-73.9962854,40.6819568,,https://residencyunlimited.org,OpenStreetMap,node/9788860643,OpenStreetMap arts-centre tag
,"Residency Unlimited, Inc.",,-73.996095,40.681983,"360 Court Street, Unit #4, Brooklyn, 11231",,NYC DCLA,dcla-row-1976,Requires manual review
,"Resident Acting Company, Inc.",,-73.992031,40.721675,"187 Chrystie St., NEW YORK, 10002",,NYC DCLA,dcla-row-1977,Requires manual review
,Resobox,,-73.9390234,40.7512687,41-26 27th Street,https://www.resobox.com,OpenStreetMap,node/5406442090,Requires manual review
,Restless Books Inc,,-73.987671,40.674909,"232 3rd St, Brooklyn, 11215",,NYC DCLA,dcla-row-1978,Requires manual review
,Reverend Linnette C. Williamson Memorial Park Association,,-73.942346,40.809769,"54 West 129th Street, New York, 10027",,NYC DCLA,dcla-row-1979,Requires manual review
,"Reverie Productions, Inc.",,-73.992417,40.753612,"520 8th Avenue, New York, 10018",,NYC DCLA,dcla-row-1980,Requires manual review
,Reversing The Projections. Inc,,-73.762513,40.698506,"113-35 Farmers Boulevard, Saint Albans, 11412",,NYC DCLA,dcla-row-1981,Requires manual review
,Rhizome,,-73.9927703,40.7223303,235 Bowery,https://rhizome.org,OpenStreetMap,node/6234635908,Design-related community or association
,Rhizome,,-73.993225,40.722424,"235 Bowery, New York, 10002",,NYC DCLA,dcla-row-1982,Requires manual review
,"Rhymes With Opera, Inc.",,-73.93638,40.853536,"45 Overlook Terrace Apt 4A, New York, 10033",,NYC DCLA,dcla-row-1983,Requires manual review
,Rhythm N Dance LLC,,-73.798437,40.704025,"161-04 Jamaica Ave, Jamaica, 11432",,NYC DCLA,dcla-row-1984,Requires manual review
,Ricardo's Iron Work,,-73.9879264,40.682152,,,OpenStreetMap,node/7143219862,Requires manual review
,Ricco/Maresca Gallery,,-74.0068656,40.7465171,529 West 20th Street,https://www.riccomaresca.com,OpenStreetMap,node/10873196747,Requires manual review
,Rice To Riches,,-73.995796,40.72185,,,OpenStreetMap,node/2166137636,Requires manual review
,Richard Allen Center for Culture and Art,,-74.001508,40.707712,"40 Peck Slip, New York, 10038",,NYC DCLA,dcla-row-1985,Requires manual review
,"Richard Gilder Center for Science, Education, and Innovation",,-73.9746411,40.7815797,,https://www.amnh.org/about/gilder-center,OpenStreetMap,node/10172954431,Requires manual review
,Richard Taittinger Gallery,,-73.987787,40.7209094,,,OpenStreetMap,node/11196495052,Requires manual review
,Richmond County Orchestra,,-74.090946,40.627499,"610 Victory Blvd., Staten Island, 10301",,NYC DCLA,dcla-row-1987,Requires manual review
,Richmond Hill Branch Queens Borough Public Library,,-73.8316287,40.7007518,118-14 Hillside Avenue,https://www.queenslibrary.org/about-us/locations/richmond-hill,OpenStreetMap,way/282345592,Requires manual review
,Richmond Hill Lumber & Supply,,-73.8310944,40.692983,,,OpenStreetMap,node/11870018276,Requires manual review
,Richmondtown Library,,-74.138546,40.5665358,200 Clarke Avenue,https://www.nypl.org/locations/richmondtown,OpenStreetMap,way/248270676,Requires manual review
,Rick Wester Fine Art,,-74.0041806,40.7500174,526 West 26th Street,https://www.rickwesterfineart.com,OpenStreetMap,node/10859974140,Design-related museum or gallery
,Rico Pollo 1 Ridgewood,,-73.9072579,40.7001331,55-37 Myrtle Avenue,http://www.ricopollorestaurant.com/,OpenStreetMap,node/5540447973,Requires manual review
,Ridge Chorale Inc.,,-74.034372,40.63452,"80 73rd Street, Brooklyn, 11209",,NYC DCLA,dcla-row-1988,Requires manual review
,Ridgewood Ceramics,,-73.9056392,40.7050087,689 Woodward Avenue,https://ridgewoodceramics.com/,OpenStreetMap,node/13917810727,Requires manual review
,Ridgewood Community Garden,,-73.9092619,40.7129491,54-33 Metropolitan Avenue,https://www.facebook.com/ridgewoodcommunitygarden/,OpenStreetMap,way/932542022,Requires manual review
,Ridgewood Eats,,-73.9038653,40.7007132,,https://www.ridgewoodeats.com,OpenStreetMap,node/5404039252,Requires manual review
,Rio Bravo Cleaners Laundry,,-73.9608979,40.6299847,1612 Avenue H,,OpenStreetMap,node/12069971601,Requires manual review
,"Rio Grande Union, Inc.",,-73.998441,40.723478,"541 Broadway, Third Floor, New York, 10012",,NYC DCLA,dcla-row-1990,Requires manual review
,"Ripe Time, Inc.",,-73.973221,40.685073,"138 South Oxford Street, Brooklyn, 11217",,NYC DCLA,dcla-row-1991,Requires manual review
,Ripley Greer,,-73.9920772,40.7536782,520 Eight Avenue,https://ripleygrier.com/,OpenStreetMap,node/12700463157,OpenStreetMap arts-centre tag
,"Ripple Effect Artists, Inc.",,-73.942897,40.837299,"600 W. 162nd St., New York, 10032",,NYC DCLA,dcla-row-1992,Requires manual review
,RiseBoro Community Partnership,,-73.9352931,40.6991866,555 Bushwick Avenue,https://riseboro.org/,OpenStreetMap,node/9203459391,Requires manual review
,"Riseboro Community Partnership, Inc.",,-73.935359,40.699023,"565 Bushwick Avenue, New York, 11206",,NYC DCLA,dcla-row-1993,Requires manual review
,"Rising Circle Theater Collective, Inc.",,-73.941359,40.852295,"1380 Riverside Dr, New York, 10033",,NYC DCLA,dcla-row-1994,Requires manual review
,Rite Plumbing & Heating,,-73.9682689,40.7626518,,https://www.riteplumbingnyc.com/,OpenStreetMap,node/8080800818,Requires manual review
,Riverdale Library,,-73.9027557,40.9036998,5540 Mosholu Avenue,https://www.nypl.org/locations/riverdale,OpenStreetMap,way/276537017,Requires manual review
,Riverside Library,,-73.984582,40.774257,127 Amsterdam Avenue,https://www.nypl.org/locations/riverside,OpenStreetMap,node/2744944451,Requires manual review
,"Riverside Opera Company, Inc.",,-74.104753,40.645075,"1000 Richmond Terrace box 2-8, Staten Island, 10301",,NYC DCLA,dcla-row-1996,Requires manual review
,"Riverside Symphony, Inc.",,-73.976747,40.788007,"2350 Broadway, New York, 10024",,NYC DCLA,dcla-row-1997,Requires manual review
,"Riverside Theatre, Inc.",,-73.962701,40.811452,"91 Claremont Avenue, New York, 10027",,NYC DCLA,dcla-row-1998,Requires manual review
,RJ Wellbrock,,-73.8454824,40.7097476,Metropolitan Avenue,,OpenStreetMap,node/10825166972,Requires manual review
,Ro's Diner,,-73.9408912,40.7084618,197 Meserole Street,https://www.rosdiner.com/,OpenStreetMap,node/4315270690,Requires manual review
,Roaring Epiphany Production Company,,-73.914437,40.691311,"161 Cornelia St, Brooklyn, 11221",,NYC DCLA,dcla-row-1999,Requires manual review
,"Robert H. Clampitt Foundation, Inc.",,-73.983818,40.775613,"163 Amsterdam Avenue, New York, 10023",,NYC DCLA,dcla-row-2001,Requires manual review
,"Roberta Wells Conservatory of Arts & Learning, Inc.",,-73.873184,40.76736,"23-51 97 Street, East Elmhurst, 11369",,NYC DCLA,dcla-row-2000,Requires manual review
,Roberto’s Shoe Repair,,-73.8905868,40.7706222,79-10 21st Avenue,,OpenStreetMap,node/2853413433,Requires manual review
,Rockafella Cleaning Service Inc.,,-74.0865328,40.5936258,,,OpenStreetMap,node/12677264723,Requires manual review
,"Rockaway Artists Alliance, Inc.",,-73.837704,40.580701,"260 Beach 116th Street, Rockaway Park, 11694",,NYC DCLA,dcla-row-2002,Requires manual review
,Rockaway Brewing Company,,-73.9549525,40.7471977,46-01 5th Street,http://rockawaybrewco.com,OpenStreetMap,node/3205288492,Requires manual review
,"Rockaway Film Festival, Inc.",,-73.800706,40.593044,"4-15 B 72 St, Arverne, 11692",,NYC DCLA,dcla-row-2003,Requires manual review
,Rockaway Plumbing Supply,,-73.8361585,40.6792245,103-02 Rockaway Boulevard,,OpenStreetMap,node/12223142944,Requires manual review
,"Rockaway Waterfront Alliance, Inc.",,-73.78784,40.592098,"58-03 Rockaway Beach Blvd, Far Rockaway, 11692",,NYC DCLA,dcla-row-2005,Requires manual review
,Rockefeller University,,-73.9559517,40.7622739,1230 York Avenue,https://www.rockefeller.edu/,OpenStreetMap,way/108158013,Requires manual review
,Rocking the Boat,,-73.8832046,40.8178714,812 Edgewater Road,https://rockingtheboat.org/,OpenStreetMap,node/6106363106,Requires manual review
,"Rocking the Boat, Inc.",,-73.883518,40.817921,"812 Edgewater Rd, Bronx, 10474",,NYC DCLA,dcla-row-2006,Requires manual review
,Rockwall Studios,,-73.9024253,40.6944023,1080 Wyckoff Avenue,,OpenStreetMap,node/5351952017,OpenStreetMap arts-centre tag
,"Rod Rodgers Dance Company, Inc.",,-73.990663,40.726706,"62 East 4th Street, New York, 10003",,NYC DCLA,dcla-row-2007,Requires manual review
,Roger B. Boocock Library,,-73.8997084,40.8996817,,,OpenStreetMap,node/9106434576,Requires manual review
,Rolling Press,,-73.9850128,40.6760373,,https://www.rollingpress.com,OpenStreetMap,node/6332069068,Requires manual review
,Roma View,,-73.8390764,40.657369,,,OpenStreetMap,node/13050860045,Requires manual review
,Roman's Expert Shoe Repair,,-73.9805722,40.6597619,135 Windsor Place,,OpenStreetMap,node/6300063004,Requires manual review
,Romanian Cultural Center,,-73.9760744,40.7480509,200 East 38th Street,https://www.rciusa.info,OpenStreetMap,node/368045855,Requires manual review
,Romare Bearden Foundation,,-73.953771,40.806591,"2214 Frederick Douglass Blvd., New York, 10026",,NYC DCLA,dcla-row-2008,Requires manual review
,Romeo Creations,,-74.1783207,40.5409567,,,OpenStreetMap,node/6699676993,Requires manual review
,Ron Jordan Natoli Photographic Studio,,-73.9961378,40.6822135,,,OpenStreetMap,node/5972604193,OpenStreetMap craft/workshop tag
,Rooftop Films,,-73.987671,40.674909,"232 Third Street, Suite E 106, Brooklyn, 11215",,NYC DCLA,dcla-row-2009,Requires manual review
,Roosevelt Island Historical Society,,-73.950301,40.761304,"531 Main St., New York, 10044",,NYC DCLA,dcla-row-2010,Requires manual review
,Roosevelt Island Library,,-73.9507219,40.7607808,504 Main Street,https://www.nypl.org/locations/roosevelt-island,OpenStreetMap,node/2632491909,Requires manual review
,Roosevelt Island Theatre Corporation,,-73.949679,40.761957,"548 Main Street, New York, 10044",,NYC DCLA,dcla-row-2011,Requires manual review
,"Roosevelt Island Youth Program, Inc.",,-73.950994,40.760788,"506 Main Street, New York, 10044",,NYC DCLA,dcla-row-2012,Requires manual review
,ROOT,,-74.0052031,40.744281,443 West 18th Street,https://rootnyc.com/,OpenStreetMap,node/7679342647,Requires manual review
,Rosa's Dry Cleaning & Alterations,,-73.9445432,40.6957879,,,OpenStreetMap,node/9588431428,Requires manual review
,Rose Center for Earth and Space,,-73.9731563,40.7816493,,https://www.amnh.org/exhibitions/permanent/rose-center,OpenStreetMap,node/10172955743,Requires manual review
,Rosebud Art Studio,,-73.9736476,40.6773882,20 7th Avenue,,OpenStreetMap,node/13571021301,OpenStreetMap arts-centre tag
,Rosedale Branch Queens Borough Public Library,,-73.7399071,40.6599635,144-20 243rd Street,https://www.queenslibrary.org/about-us/locations/rosedale,OpenStreetMap,way/282951811,Requires manual review
,Rosie's Theater Kids,,-73.993156,40.761177,"445 West 45th Street, New York, 10036",,NYC DCLA,dcla-row-2014,Requires manual review
,Rosini & Sons Inc,,-73.8742984,40.7583287,32-07 Junction Boulevard,,OpenStreetMap,node/13386945793,Requires manual review
,Ross + Kramer Gallery,,-74.0031538,40.7507088,515 West 27th Street,https://rkgallery.com,OpenStreetMap,node/10860703828,Requires manual review
,Ross Gallery and Lecture Hall,,-73.8790711,40.866929,,,OpenStreetMap,node/4530503871,Requires manual review
,"Roulette Intermedium, Inc.",,-73.980385,40.68581,"30 Third Avenue, Brooklyn, 11217",,NYC DCLA,dcla-row-2015,Requires manual review
,"Roundabout Theatre Company, Inc.",,-73.989363,40.754576,"231 West 39th Street, New York, 10018",,NYC DCLA,dcla-row-2016,Requires manual review
,"Roundtable Ensemble, Ltd.",,-73.970344,40.749923,"333 East 43rd Street, New York, 10017",,NYC DCLA,dcla-row-2017,Requires manual review
,"Roust Theatre Company, Inc.",,-73.965936,40.801426,"211 West 107th Street, New York, 10025",,NYC DCLA,dcla-row-2018,Requires manual review
,Royal Empress Catering Hall,,-73.8154524,40.6758602,,,OpenStreetMap,node/13101226606,Requires manual review
,"Royal Family Productions, Inc.",,-73.939531,40.85048,"66 Pinehurst Ave., New York, 10033",,NYC DCLA,dcla-row-2019,Requires manual review
,Royal Metal Products,,-74.0053045,40.6549815,349 36th Street,,OpenStreetMap,node/3154303890,Requires manual review
,Royal Sweet Bakery,,-74.0206955,40.6443561,227 58th Street,,OpenStreetMap,way/249584326,Requires manual review
,"RPGA Studio, Inc",,-73.869998,40.728043,"6133 Alderton Street, Rego Park, 11374",,NYC DCLA,dcla-row-2021,Design-related name in DCLA Visual Arts discipline
,"RSOAA, LLC",,-73.95149,40.709382,"400 South 2nd Street, Brooklyn, 11211",,NYC DCLA,dcla-row-2022,Requires manual review
,RT Building Supplies & Hardware,,-73.9560901,40.6762772,,,OpenStreetMap,node/2494221005,OpenStreetMap craft/workshop tag
,Rubin Museum of Art,,-73.9977377,40.7400959,150 West 17th Street,https://rubinmuseum.org/,OpenStreetMap,node/1810241472,Design-related museum or gallery
,Rubin Museum of Art,,-73.997727,40.740224,"150 W 17th St, New York, 10011",,NYC DCLA,dcla-row-2023,Requires manual review
,Rugby Branch Brooklyn Public Library,,-73.9303938,40.6486278,1000 Utica Avenue,,OpenStreetMap,way/250152187,Requires manual review
,Rush Philanthropic Arts Foundation,,-73.962432,40.686462,"334 Grand Avenue, Brooklyn, 11238",,NYC DCLA,dcla-row-2024,Design-related name in DCLA Visual Arts discipline
,Russ & Daughters,,-73.9710982,40.6983704,,https://shop.russanddaughters.com/brooklyn-navy-yard,OpenStreetMap,node/6573662302,Requires manual review
,Russian American Cultural Center,,-73.951179,40.769146,"520 E 76th St # 7E, New York, 10021",,NYC DCLA,dcla-row-2025,Requires manual review
,Russian American Cultural Heritage Center,,-73.929279,40.858448,"34 Hillside Ave 4C, New York, NY, 10040",,NYC DCLA,dcla-row-2026,Requires manual review
,"Russian Musical Arts Society of America, Inc.",,-73.937224,40.851994,"731 West 183rd Street, New York, 10033",,NYC DCLA,dcla-row-2028,Requires manual review
,"Russian-American Foundation, Inc.",,-73.984843,40.75886,"1560 Broadway, Suite 500, New York, 10036",,NYC DCLA,dcla-row-2027,Requires manual review
,"RX Art, Inc.",,-73.990519,40.722934,"208 Forsyth Street, New York, 10002",,NYC DCLA,dcla-row-2030,Design-related name in DCLA Visual Arts discipline
,Ryan Lee Gallery,,-74.0035878,40.7501197,515 West 26th Street,https://ryanleegallery.com,OpenStreetMap,node/10861434357,Requires manual review
,"Ryan Repertory Company, Inc.",,-73.991819,40.594879,"2445 Bath Avenue, New York, 11214",,NYC DCLA,dcla-row-2031,Requires manual review
,Ryan Visitor Center,,-73.8969221,40.5881537,210 New York Avenue,https://www.nps.gov/gate/learn/historyculture/ryan-visitor-center.htm,OpenStreetMap,node/2185003533,Requires manual review
,S & J Supply,,-73.9646984,40.6953625,70 Grand Avenue,https://sjsupply.com,OpenStreetMap,way/250352423,Requires manual review
,S&S Creation,,-73.99314,40.6698383,134 12th Street,,OpenStreetMap,node/2550101330,Requires manual review
,"S'Cool Sounds, Inc.",,-73.996788,40.67937,"111 2nd Place, Brooklyn, 11231",,NYC DCLA,dcla-row-2034,Requires manual review
,"S.E.M. Ensemble, Inc.",,-73.998601,40.693107,"25 Columbia Place, Brooklyn, 11201",,NYC DCLA,dcla-row-2032,Requires manual review
,"S.I.T.U., Inc.",,-73.987852,40.72836,"127 Second Avenue, #19, New York, 10003",,NYC DCLA,dcla-row-2033,Requires manual review
,"Sachiyo Ito and Company, Inc.",,-74.001826,40.746712,"405 West 23rd Street, New York, 10011",,NYC DCLA,dcla-row-2035,Requires manual review
,Sackett Woodworking,,-73.981512,40.6774975,,,OpenStreetMap,node/9356039178,Requires manual review
,Sacred Music Chorale of Richmond Hill,,-73.835259,40.699105,"86-20 114th Street, Richmond Hill, 11418",,NYC DCLA,dcla-row-2036,Requires manual review
,"Saeko Ichinohe and Company, Inc.",,-73.981261,40.762713,"159 West 53rd Street, Suite 22-H, New York, 10019",,NYC DCLA,dcla-row-2037,Requires manual review
,Safe Harbors Indigenous Collective,,-73.997203,40.736875,"511 Ave of the Americas, New York City, 10011",,NYC DCLA,dcla-row-2038,Requires manual review
,Saint Alban's Episcopal Church,,-74.160822,40.544249,"76 Saint Alban's Place, Staten Island, 10312",,NYC DCLA,dcla-row-2039,Requires manual review
,Saint Albans Branch Queens Borough Public Library,,-73.7601117,40.69253,191-05 Linden Boulevard,https://www.queenslibrary.org/about-us/locations/st.albans,OpenStreetMap,way/283120477,Requires manual review
,Saint Francis College,,-73.9920235,40.6930776,,,OpenStreetMap,way/241839661,Requires manual review
,Saint George Library Center,,-74.0766976,40.6417407,5 Central Avenue,https://www.nypl.org/locations/st-george-library-center,OpenStreetMap,way/241842668,Requires manual review
,Saint John's University Queens Campus,,-73.7946307,40.7216108,,,OpenStreetMap,way/248317417,Requires manual review
,"Saint Mary's Community Services, Inc.",,-73.960824,40.692769,"230 Classon Avenue, Brooklyn, 11205",,NYC DCLA,dcla-row-2040,Requires manual review
,Saint Pauls Seminary,,-74.1368342,40.6130572,,,OpenStreetMap,way/1126779714,Requires manual review
,Sallustio & Son,,-73.9973428,40.6790357,417 Court Street,,OpenStreetMap,node/2494252048,Requires manual review
,Salmagundi Club,,-73.9945529,40.7343016,,,OpenStreetMap,node/4319632990,Requires manual review
,Salmagundi Club,,-73.994808,40.73435,"47 Fifth Avenue, New York, 10003",,NYC DCLA,dcla-row-2041,Requires manual review
,Salvadori Center,,-73.964168,40.811101,"475 Riverside Drive, Suite 239, New York, 10115",,NYC DCLA,dcla-row-2043,DCLA Architecture/Design discipline
,Salvation Army,,-73.880785,40.752206,"86-07 35th Avenue, Jackson Heights, 11372",,NYC DCLA,dcla-row-2044,Requires manual review
,"Salvatones, Inc.",,-73.949614,40.796304,"1280 Fifth Avenue, #18C, New York, 10029",,NYC DCLA,dcla-row-2045,Requires manual review
,Salvatore Basile II Concrete & Masonry,,-73.993387,40.6693701,,,OpenStreetMap,node/5707667874,Requires manual review
,Sam the Glazier,,-73.9213199,40.6983598,245 Wilson Avenue,,OpenStreetMap,node/6128712285,Requires manual review
,Sam's Watch,,-73.8298023,40.7132587,80-45 Kew Gardens Road,,OpenStreetMap,node/13101010258,Requires manual review
,Sammy Dry Cleaners & Tailor,,-73.964784,40.7142928,303 Wythe Avenue,,OpenStreetMap,node/2494194621,Requires manual review
,Samuel & Sons Plumbing & Heating,,-73.7740418,40.6709397,137-42 Guy R Brewer Boulevard,,OpenStreetMap,node/13474248153,Requires manual review
,San Remo,,-73.906164,40.7002664,56-01 Myrtle Avenue,https://www.sanremopizza.com/,OpenStreetMap,node/5541240618,Requires manual review
,San Remo Tailor Shop Inc,,-73.9204105,40.7574526,32-64 Steinway Street,,OpenStreetMap,node/5383989025,Requires manual review
,Sandbox Percussion Inc.,,-74.02005,40.647345,"169 54th Street, Brooklyn, 11220",,NYC DCLA,dcla-row-2047,Requires manual review
,Sandy Ground Historical Society,,-74.2165008,40.5409781,1538 Woodrow Road,https://www.nyc-arts.org/organizations/341/sandy-ground-historical-society,OpenStreetMap,node/11124194340,Requires manual review
,Sandy Ground Historical Society,,-74.21656,40.541234,"1538 Woodrow Road, Staten Island, New York, 10309",,NYC DCLA,dcla-row-2048,Requires manual review
,Sans Bakery,,-73.93522,40.7424411,31-00 47th Avenue,https://sansbakery-nyc.com/,OpenStreetMap,node/13991865123,Requires manual review
,Santana Photo Studio,,-73.9091882,40.7068054,556 Woodward Avenue,,OpenStreetMap,node/11920948047,OpenStreetMap craft/workshop tag
,"Sarah Michelson, Inc.",,-73.987401,40.728956,"140 Second Ave #501, New York, 10003",,NYC DCLA,dcla-row-2049,Requires manual review
,Saratoga Branch Brooklyn Public Library,,-73.9151585,40.6848039,8 Thomas S. Boyland Street,https://www.bklynlibrary.org/locations/saratoga,OpenStreetMap,way/249962958,Requires manual review
,"Saratoga International Theater Institute, Inc.",,-73.992417,40.753612,"520 Eighth Avenue, Ste. 310, New York, 10018",,NYC DCLA,dcla-row-2050,Requires manual review
,Sargent's Daughters,,-74.003176,40.717639,370 Broadway,https://www.sargentsdaughters.com/,OpenStreetMap,node/12022095654,Requires manual review
,Satgur The Print Shop,,-73.8280232,40.6895128,101st Avenue,,OpenStreetMap,node/11278065117,Requires manual review
,Sato Yamamoto,,-73.993283,40.717969,"267 Grand street, Brooklyn, 11211",,NYC DCLA,dcla-row-2051,Requires manual review
,"Scan-Harbor, Inc.",,-73.942709,40.787394,"345 E 102nd St, New York, 10029",,NYC DCLA,dcla-row-2054,Requires manual review
,Scandinavia House,,-73.9800924,40.7494881,58 Park Avenue,https://www.scandinaviahouse.org,OpenStreetMap,way/265875643,Requires manual review
,Scandinavian American Theater Company,,-73.992417,40.753612,"520 8th Ave, New York, 10018",,NYC DCLA,dcla-row-2052,Requires manual review
,Scandinavian East Coast Museum,,-74.022795,40.633219,"440 Ovington Avenue, Brooklyn, 11209",,NYC DCLA,dcla-row-2053,Requires manual review
,Scapegrace,,-73.9228131,40.7063172,20 Wyckoff Avenue,https://www.solidgoldyogi.com/scapegrace-events/,OpenStreetMap,way/250424657,OpenStreetMap arts-centre tag
,Scavello's,,-73.7843117,40.8409671,117 City Island Avenue,,OpenStreetMap,node/5811536146,Requires manual review
,Scavolini,,-74.0011425,40.7252369,,,OpenStreetMap,node/13756162806,Requires manual review
,Schomburg Center for Research in Black Culture,,-73.9409448,40.8146337,505 Malcolm X Boulevard,https://www.nypl.org/locations/schomburg,OpenStreetMap,way/271825823,Requires manual review
,"School News Nationwide, Inc.",,-73.958004,40.681613,"1072 Fulton Street, New York, 11238",,NYC DCLA,dcla-row-2055,Requires manual review
,"School of American Ballet, Inc.",,-73.984479,40.773997,"70 Lincoln Center Plaza, New York, 10023",,NYC DCLA,dcla-row-2056,Requires manual review
,School of Visual Arts,,-73.9907497,40.7415841,209 East 23rd Street,https://sva.edu,OpenStreetMap,relation/15402496,Design-related college or university
,"Science and Arts Engagement New York, Inc.",,-73.985167,40.764344,"300 West 53rd Street, New York, 10019",,NYC DCLA,dcla-row-2057,Requires manual review
,Science Live Productions Inc,,-73.971931,40.639361,"515 E 7th St, Brooklyn, 11218",,NYC DCLA,dcla-row-2058,Requires manual review
,"Science, Industry and Business Library",,-73.9828998,40.7480891,188 Madison Avenue,https://www.nypl.org/locations/sibl,OpenStreetMap,node/2709702605,Requires manual review
,Scratch Ceramics,,-73.9068568,40.7054271,658 Woodward Avenue,https://scratchceramics.com/,OpenStreetMap,node/13837887720,Requires manual review
,"Screen Slate, Inc",,-73.950758,40.733417,"253 Huron St, Brooklyn, 11222",,NYC DCLA,dcla-row-2059,Requires manual review
,Sculptors Alliance Inc.,,-73.985777,40.730136,"305 East 11 Street Apt 5D, New York, 10003",,NYC DCLA,dcla-row-2060,Requires manual review
,Sculpture Center,,-73.9408643,40.7469077,44-19 Purves Street,https://www.sculpture-center.org/,OpenStreetMap,node/6764188983,Design-related museum or gallery
,"Sculpture Center, Inc.",,-73.941173,40.747013,"44-19 Purves St, Long Island City, 11101",,NYC DCLA,dcla-row-2061,Design-related name in DCLA Visual Arts discipline
,Sculpture Space NYC,,-73.9301029,40.7416117,47-21 35th Street,https://www.sculpturespacenyc.com,OpenStreetMap,way/280352386,OpenStreetMap arts-centre tag
,SCV Garage,,-73.9062327,40.7087009,578 Grandview Avenue,,OpenStreetMap,node/14053123021,Requires manual review
,Sea Dog Theater,,-73.98591,40.7345,"209 E 16th St, New York City, 10003",,NYC DCLA,dcla-row-2063,Requires manual review
,SeaChange Capital Partners,,-73.987389,40.752613,"1385 Broadway, New York, 10018",,NYC DCLA,dcla-row-2062,Requires manual review
,Sean Horton Gallery,,-74.006296,40.7462709,515 West 20th Street,https://www.seanhortonpresents.com,OpenStreetMap,node/10873196746,Requires manual review
,Seaport Museum New York,,-74.003495,40.706631,"12 Fulton St, New York, 10038",,NYC DCLA,dcla-row-2064,Design-related name in DCLA Museum discipline
,Search Party Studio,,-74.0771896,40.6298475,71 Wave Street,https://www.brandonherman.com/,OpenStreetMap,node/6680408637,OpenStreetMap arts-centre tag
,"Seaside Summer Concert Series, Inc.",,-73.990758,40.693014,"32 Court Street, Brooklyn, 11201",,NYC DCLA,dcla-row-2066,Requires manual review
,Seawalk Restaurant,,-73.9283593,40.8666758,261 Dyckman Street,https://seawalkrestaurant.com/,OpenStreetMap,node/5711614094,Requires manual review
,"Sebastian Chamber Players, Inc.",,-73.952782,40.80527,"163 Saint Nicholas Avenue, New York, 10026",,NYC DCLA,dcla-row-2067,Requires manual review
,Seco Silk Screen Corp,,-73.9965561,40.6598708,,,OpenStreetMap,node/6874194969,Requires manual review
,"Second Generation Productions, Inc.",,-73.75495,40.733809,"80-17 Bell Blvd., Hollis Hills, 11427",,NYC DCLA,dcla-row-2068,Requires manual review
,Second Generation Wood Stairs,,-74.1468869,40.6381718,,,OpenStreetMap,node/13188809598,Requires manual review
,Second Stage Theatre,,-73.986193,40.757103,"1501 Broadway, New York, 10036",,NYC DCLA,dcla-row-2069,Requires manual review
,Secret City,,-73.975167,40.794369,"316 West 94th Street, #6B, New York, 10025",,NYC DCLA,dcla-row-2070,Requires manual review
,Sedgwick Library,,-73.9175954,40.8494953,1701 University Avenue / Doctor Martin Luther King Junior Boulevard,https://www.nypl.org/locations/sedgwick,OpenStreetMap,way/276255277,Requires manual review
,Seed Brklyn Garden,,-73.9533292,40.6815848,,https://seedbrklyn.com,OpenStreetMap,node/10642744090,Requires manual review
,Seedco Financial Services,,-73.989654,40.739644,"915 Broadway, New York, 10010",,NYC DCLA,dcla-row-2071,Requires manual review
,Seeing for Ourselves Inc,,-73.992304,40.697285,"101 Clark Street, New York, 11201",,NYC DCLA,dcla-row-2072,Requires manual review
,"Segue Foundation, Inc.",,-73.992463,40.724557,"300 Bowery, New York, 10012",,NYC DCLA,dcla-row-2073,Requires manual review
,Seguine Mansion,,-74.1975882,40.5152098,440 Seguine Avenue,,OpenStreetMap,way/246731269,Requires manual review
,SEIU United Healthcare Workers East,,-74.0939274,40.5850552,,,OpenStreetMap,node/12013171295,Requires manual review
,Senel Tailors,,-73.9796799,40.7423888,207 East 29th Street,https://www.seneltailor.com,OpenStreetMap,node/6478862077,Requires manual review
,"SENS Production, Inc.",,-73.961428,40.695453,"148 Classon Ave., Brooklyn, 11205",,NYC DCLA,dcla-row-2074,Requires manual review
,Sensible Edibles,,-73.9363105,40.7420959,30-30 47th Avenue,https://sensibleedibles.com/,OpenStreetMap,node/13991865175,Requires manual review
,Sephardic Community Youth Center,,-73.966289,40.60211,"1901 Ocean Parkway, Brooklyn, 11223",,NYC DCLA,dcla-row-2075,Requires manual review
,Sephardic Rabbinical College,,-73.9640439,40.6024801,730 Avenue S,,OpenStreetMap,way/249708316,Requires manual review
,September 11th Widows and Victim Families Association,,-74.013656,40.70784,"92 Greenwich Street, New York, 10006",,NYC DCLA,dcla-row-2076,Requires manual review
,September Concert Foundation,,-73.99187,40.77052,"601 West 57th St #37D, New York, 10019",,NYC DCLA,dcla-row-2077,Requires manual review
,Serena's Catering Hall,,-74.1045952,40.56115,,,OpenStreetMap,node/13084751530,Requires manual review
,"Serenade at Historic Christ Church, Inc.",,-74.107432,40.638936,"228 Bard Avenue, New York, 10310",,NYC DCLA,dcla-row-2078,Requires manual review
,Serett Metal Works,,-73.9952091,40.6742349,37D 9th Street,,OpenStreetMap,node/6433148368,Requires manual review
,"Sesame Flyers International, Inc.",,-73.944555,40.651066,"3510 Church Avenue, New York, 11203",,NYC DCLA,dcla-row-2080,Requires manual review
,Seuda Foods,,-73.9653977,40.6063533,705 Kings Highway,,OpenStreetMap,node/12534620327,Requires manual review
,Seven Loaves,,-73.979754,40.722118,"309 E 4TH ST APT 3B, New York, 10009",,NYC DCLA,dcla-row-2081,Requires manual review
,Seven Stories Institute,,-73.93848,40.837706,"2113 Amsterdam Ave, New York, 10032",,NYC DCLA,dcla-row-2082,Requires manual review
,"Seventh Regiment Armory Conservancy, Inc.",,-73.966448,40.767491,"643 Park Avenue, New York, 10065",,NYC DCLA,dcla-row-2083,Requires manual review
,Seville Manor,,-74.0010149,40.633607,5602 11th Avenue,,OpenStreetMap,node/13124867921,Requires manual review
,Seward Park Library,,-73.9885331,40.7144575,192 East Broadway,https://www.nypl.org/locations/seward-park,OpenStreetMap,way/278258566,Requires manual review
,SFA Gallery,,-73.9933697,40.7194437,,https://sfaprojects.com,OpenStreetMap,node/10286844704,Requires manual review
,"Shadow Box Theatre, Inc.",,-73.98287,40.782036,"325 West End Avenue, New York, 10023",,NYC DCLA,dcla-row-2084,Requires manual review
,"Shakespeare Downtown, Inc.",,-74.002207,40.708113,"251 Water Street, Apt. 2, New York, 10038",,NYC DCLA,dcla-row-2085,Requires manual review
,Shanghai Association in USA Inc.,,-73.83284,40.760559,"37-12 Prince St, Suite 11A, Flushing, 11354",,NYC DCLA,dcla-row-2086,Requires manual review
,Shared Roasting,,-73.9675153,40.6973095,,https://sharedroasting.com/,OpenStreetMap,node/13357743369,Requires manual review
,Sharon Simmons Art Gallery,,-73.975866,40.6782931,,,OpenStreetMap,node/5714001620,Design-related museum or gallery
,Shatter Case,,-74.1657686,40.582374,,,OpenStreetMap,node/9057614903,Requires manual review
,Shatter Case,,-74.1659193,40.5819679,,,OpenStreetMap,node/9057614915,Requires manual review
,"She NYC Arts, Inc",,-73.987985,40.75157,"121 west 36th st, New York, 10018",,NYC DCLA,dcla-row-2090,Requires manual review
,Sheba USA Inc.,,-73.893278,40.747475,"72-32 Broadway, Jackson Heights, 11372",,NYC DCLA,dcla-row-2087,Requires manual review
,"Shed NYC, Inc.",,-74.003227,40.753017,"545 W 30th Street, New York, 10001",,NYC DCLA,dcla-row-2088,Requires manual review
,Sheepshead Bay Branch Brooklyn Public Library,,-73.9554328,40.5870067,2636 East 14th Street,,OpenStreetMap,way/285135150,Requires manual review
,"Shen Wei Dance Arts, Inc.",,-73.974202,40.787351,"165 West 86th Street, New York, 10024",,NYC DCLA,dcla-row-2089,Requires manual review
,Shin Gallery,,-73.9905269,40.7172602,322 Grand Street,http://www.shin-gallery.com,OpenStreetMap,node/2567557154,Requires manual review
,Shoe & Watch Repair,,-73.9913211,40.6856728,,https://www.shoeandwatchrepair.com,OpenStreetMap,node/6177318439,Requires manual review
,Shoe Architects,,-73.9725596,40.6776464,339 Flatbush Avenue,,OpenStreetMap,node/2701690245,Requires manual review
,Shoe Repair,,-73.8662756,40.8783808,3533 Winchester Avenue,,OpenStreetMap,node/5175565277,Requires manual review
,Shoe Repair,,-73.9034243,40.7077397,6601 Forest Avenue,,OpenStreetMap,node/5364945764,Requires manual review
,Shoe Repair & Shoe Shine,,-73.9665643,40.6874888,,,OpenStreetMap,node/7124934636,Requires manual review
,Shoestring Press,,-73.9591247,40.6779938,,https://www.shoestringpressny.com,OpenStreetMap,node/6833310700,OpenStreetMap arts-centre tag
,Shoot the Lobster,,-73.9913811,40.7190494,,https://www.shootthelobster.com/stl-ny,OpenStreetMap,node/11649887398,Requires manual review
,Shorefront YM-YWHA of Brighton Manhattan Beach Inc,,-73.95946,40.575566,"3300 Coney Island Avenue, Brooklyn, 11235",,NYC DCLA,dcla-row-2091,Requires manual review
,"Shotgun Productions, Inc.",,-73.978505,40.746768,"165 East 35th Street, Suite 7J, New York, 10016",,NYC DCLA,dcla-row-2092,Requires manual review
,"Showpaper, Inc",,-73.941794,40.747343,"26-15 Jackson Ave., Long Island City, 11101",,NYC DCLA,dcla-row-2093,Requires manual review
,Shrine,,-74.0032249,40.7175806,368 Broadway,https://www.shrine.nyc/nyc,OpenStreetMap,node/4809889324,Requires manual review
,Sign Media International,,-73.8949167,40.742718,69-17 Woodside Avenue,,OpenStreetMap,node/8501242309,OpenStreetMap craft/workshop tag
,"Sign of the Times Theater Company, Inc.",,-73.991863,40.732681,"80 East 11th Street, Suite 301C, New York, 10003",,NYC DCLA,dcla-row-2095,Requires manual review
,Sign Shop,,-74.0759832,40.629557,34 Wave Street,,OpenStreetMap,node/11468465386,Requires manual review
,Signarama,,-73.8460881,40.6952279,,,OpenStreetMap,node/12999400262,Requires manual review
,"Signature Theatre Company, Inc.",,-73.994907,40.759379,"480 West 42nd Street, New York, 10036",,NYC DCLA,dcla-row-2094,Requires manual review
,Signs + Decal Corporation,,-73.9368459,40.718356,410 Morgan Avenue,https://www.signsanddecal.com/,OpenStreetMap,node/2839817476,Requires manual review
,Signs Artistry Awning Corp,,-73.9338363,40.771732,9-04 Main Avenue,,OpenStreetMap,node/12121130720,Requires manual review
,Sikkema Jenkins & Co.,,-74.0060323,40.7474851,530 West 22nd Street,https://www.sikkemajenkinsco.com,OpenStreetMap,node/10861543613,Requires manual review
,"Silent Cinema Presentations, Inc.",,-73.973656,40.787985,"176 W 87th Street, New York, 10024",,NYC DCLA,dcla-row-2096,Requires manual review
,Silverlens Galleries,,-74.0040119,40.7486434,505 West 24th Street,https://www.silverlensgalleries.com,OpenStreetMap,node/10859974154,Requires manual review
,SilverStone Sheet Metal,,-74.0036998,40.6769249,68 Huntington Street,,OpenStreetMap,way/278387484,Requires manual review
,Sing for Hope,,-74.007156,40.705,"99 Wall St, New York, 10005",,NYC DCLA,dcla-row-2098,Requires manual review
,"Singing Winds, Inc.",,-73.975508,40.651554,"625 Greenwood Avenue, Brooklyn, 11218",,NYC DCLA,dcla-row-2099,Requires manual review
,SingleCut Beersmiths,,-73.9016716,40.7782956,19-33 37th Street,https://singlecut.com/,OpenStreetMap,way/241857450,Requires manual review
,Sino-American Culture & Arts Foundation,,-73.996894,40.713479,"17 E Broadway, New York, 10002",,NYC DCLA,dcla-row-2100,Requires manual review
,SIR Stage37,,-73.9987707,40.7566645,508 West 37th Street,,OpenStreetMap,way/265282570,OpenStreetMap arts-centre tag
,"Siren - protectors of the Rainforest, Inc.",,-73.955575,40.684886,"90 Monroe St, Brooklyn, 11216",,NYC DCLA,dcla-row-2101,Requires manual review
,Sirico's,,-74.0105305,40.6169287,8023 13th Avenue,https://siricos.net,OpenStreetMap,way/249016301,Requires manual review
,Sisters Uptown Bookstore,,-73.9426051,40.8323961,1942 Amsterdam Avenue,https://www.sistersuptownbookstore.com/,OpenStreetMap,node/2796746411,Requires manual review
,Sisters With Purpose Inc.,,-73.88306,40.649,"1310 Pennsylvania Avenue, Brooklyn, 11239",,NYC DCLA,dcla-row-2102,Requires manual review
,Site: Brooklyn,,-73.9914357,40.6734864,165 7th Street,,OpenStreetMap,node/2494295258,Requires manual review
,Sixpoint Brewery at Brookfield Place,,-74.0153739,40.7111303,200 Liberty Street,https://taprooms.sixpoint.com/sixpoint-at-brookfield-0ce697620db3,OpenStreetMap,node/11959314694,Requires manual review
,Sixpoint Corporate Office,,-74.0119448,40.6739492,40 Van Dyke Street,https://sixpoint.com/,OpenStreetMap,node/11959255429,Requires manual review
,Sixth Street Haunted House,,-73.9830825,40.7249615,516 East 6th Street,https://sshh.nyc,OpenStreetMap,node/6595542372,Design-related museum or gallery
,sk.Artspace,,-73.9077953,40.6768452,1890 Eastern Parkway,https://skartspace.com,OpenStreetMap,node/6369141054,Requires manual review
,Sky Windows and Doors,,-73.9829223,40.5858499,2545 Stillwell Avenue,https://www.skywindowsnj.com,OpenStreetMap,node/5451471218,Requires manual review
,Skylight Gallery,,-73.9463698,40.6796448,,,OpenStreetMap,node/5221020110,Requires manual review
,Skyline Cleaning Company Inc.,,-74.0693053,40.6187765,,,OpenStreetMap,node/11040482732,Requires manual review
,"Skysaver Productions, Inc.",,-73.991291,40.72619,"5 E 3rd St, New York, 10003",,NYC DCLA,dcla-row-2104,Requires manual review
,Skyscraper Museum,,-74.017691,40.70575,39 Battery Place,https://skyscraper.org/,OpenStreetMap,node/2808241058,Design-related museum or gallery
,Skyscraper Museum,,-74.017976,40.705869,"39 Battery Pl, New York, 10280",,NYC DCLA,dcla-row-2105,Design-related name in DCLA Museum discipline
,Slag Gallery,,-74.0069617,40.745518,522 West 19th Street,https://www.slaggallery.com,OpenStreetMap,node/10873303786,Requires manual review
,Slate Cafe,,-73.9845959,40.7452911,121 Madison Avenue,https://slatecafe.com,OpenStreetMap,node/2709335786,Requires manual review
,SLEEP CENTER ART SPACE INC.,,-73.995982,40.711434,"9 Monroe St., New York, 10002",,NYC DCLA,dcla-row-2106,Requires manual review
,SLEEPCENTER,,-73.9961249,40.7117446,9 Monroe Street,https://sleepcenterny.org,OpenStreetMap,node/6231307187,Design-related museum or gallery
,Slideluck Potshow,,-73.933033,40.709422,"154 Morgan Ave, New York, 11237",,NYC DCLA,dcla-row-2108,Requires manual review
,Slope Electric Inc.,,-73.9906215,40.6710426,,,OpenStreetMap,node/6397146391,Requires manual review
,"Smack Mellon Studios, Inc.",,-73.9901,40.703875,"92 Plymouth Street, Brooklyn, 11201",,NYC DCLA,dcla-row-2109,Requires manual review
,Small Editions,,-74.0051542,40.6856374,60 Sackett Street,https://www.smalleditionsnyc.com,OpenStreetMap,node/3674008668,Requires manual review
,Smart Cleaner,,-73.9991782,40.6849614,,,OpenStreetMap,node/2549972113,Requires manual review
,Smart Fix,,-74.1658624,40.5815547,,,OpenStreetMap,node/8512192851,Requires manual review
,Smart Fix,,-74.1659672,40.5819591,,,OpenStreetMap,node/12853414205,Requires manual review
,SmartFix,,-74.1326792,40.6118047,,,OpenStreetMap,node/13072907727,Requires manual review
,Smartphone Center,,-74.135175,40.6356031,,,OpenStreetMap,node/12988631925,Requires manual review
,SMARTSPACES-DOT-ORG,,-74.003929,40.73163,"61 7th Avenue South, New York, 10014",,NYC DCLA,dcla-row-2110,Requires manual review
,Smashbox Photo Studio,,-73.9580901,40.7268546,76 Calyer Street,,OpenStreetMap,node/6742881830,OpenStreetMap craft/workshop tag
,SMB Studio & Art Lessons,,-74.1655768,40.5462368,,,OpenStreetMap,node/9733638232,Design-related museum or gallery
,Smiley's Bagel & Co,,-74.1298746,40.6122897,1970 Victory Boulevard,,OpenStreetMap,node/5155828229,Requires manual review
,"Smith Street Stage, Inc.",,-73.96956,40.648361,"15 Stratford Road, Brooklyn, 11218",,NYC DCLA,dcla-row-2112,Requires manual review
,Smith’s Laundromat,,-73.9900693,40.6870773,,,OpenStreetMap,node/5967865591,Requires manual review
,Snug Harbor Building P Lobby,,-74.1019854,40.6419042,,https://snug-harbor.org/,OpenStreetMap,node/11079325454,Requires manual review
,"Snug Harbor Cultural Center & Botanical Garden, Inc.",,-74.104753,40.645075,"1000 Richmond Terrace, Staten Island, 10301",,NYC DCLA,dcla-row-2113,Requires manual review
,So Percussion,,-73.964763,40.697112,"20 Grand Avenue, #205, Brooklyn, 11205",,NYC DCLA,dcla-row-2133,Requires manual review
,Soapbox Gallery,,-73.9692441,40.6803238,,https://soapboxgallery.org,OpenStreetMap,node/5891876458,Requires manual review
,Society for the Preservation and Encouragement of Barber Shop Quartet,,-73.991626,40.728141,"PO Box 522, Cooper Union Station, New York, 10276",,NYC DCLA,dcla-row-2114,Requires manual review
,Society for the Preservation of Weeksville & Bed-Stuyvesant History,,-73.92508,40.673979,"158 Buffalo Avenue, Brooklyn, 11213",,NYC DCLA,dcla-row-2115,Requires manual review
,Society of Illustrators,,-73.966827,40.7648187,128 East 63rd Street,https://societyillustrators.org/,OpenStreetMap,node/7041713696,Requires manual review
,"Society of Illustrators, Inc.",,-73.966774,40.764897,"128 E 63rd St, New York, 10065",,NYC DCLA,dcla-row-2116,Requires manual review
,"Society of the Educational Arts, Inc.",,-73.986122,40.718943,"107 Suffolk Street, New York, 10002",,NYC DCLA,dcla-row-2117,Requires manual review
,"Society of the Third Street Music School Settlement, Inc.",,-73.987364,40.730806,"235 East 11th Street, New York, 10003",,NYC DCLA,dcla-row-2118,Requires manual review
,"Socrates Sculpture Park, Inc.",,-73.936314,40.767634,"32-01 Vernon Blvd., Long Island City, 11106",,NYC DCLA,dcla-row-2119,Design-related name in DCLA Visual Arts discipline
,Sofo Cleaners,,-73.998842,40.6758922,,,OpenStreetMap,node/6314905331,Requires manual review
,Soft Surplus,,-73.935577,40.7136163,366 Devoe Street,,OpenStreetMap,node/6226020236,OpenStreetMap arts-centre tag
,"SoHarlem, Inc.",,-73.95564,40.814216,"1361 Amsterdam Ave, New York, 10027",,NYC DCLA,dcla-row-2120,Requires manual review
,"Soho 20 Artists, Inc.",,-73.933351,40.705533,"56 Bogart Street, Brooklyn, 11206",,NYC DCLA,dcla-row-2121,Requires manual review
,"Soho Repertory Theatre, Inc.",,-74.002482,40.71871,"401 Broadway, New York, 10013",,NYC DCLA,dcla-row-2122,Requires manual review
,"Soho Think Tank, Inc.",,-74.003655,40.738761,"3 Horatio Street, New York, 10014",,NYC DCLA,dcla-row-2123,Requires manual review
,Sokoloff Arts Foundation Inc,,-74.00631,40.719218,"221 W broadway, New York, 10013",,NYC DCLA,dcla-row-2124,Requires manual review
,Sol Sips,,-73.9225562,40.6990736,203 Wilson Avenue,https://sol-sips.business.site/,OpenStreetMap,node/6128709937,Requires manual review
,"Sol Zim Jewish Enrichment Music Foundation, Inc.",,-73.755894,40.729329,"85-39 213th Street, Queens Village, 11427",,NYC DCLA,dcla-row-2127,Requires manual review
,Solar One Environmental Education Center,,-73.9743785,40.7345343,800 FDR Drive,https://solar1.org/solar-one-environmental-education-center/,OpenStreetMap,way/1515002113,Requires manual review
,"Solo Foundation, Inc.",,-73.988383,40.74515,"15 West 28 Street, NYC, 10001",,NYC DCLA,dcla-row-2125,Requires manual review
,Solomon R. Guggenheim Foundation,,-73.959391,40.782925,"1071 5th Ave, New York, 10128",,NYC DCLA,dcla-row-2126,Requires manual review
,Son del North,,-74.0027007,40.7301367,26 Carmine Street,https://sondelnorth.com,OpenStreetMap,node/12855775402,Requires manual review
,Songs of Love Foundation,,-73.857462,40.716981,"73-26 Yellowstone Blvd, Forest Hills, 11375",,NYC DCLA,dcla-row-2128,Requires manual review
,"Songs of Solomon: An Inspirational Ensemble, Inc.",,-73.941321,40.816823,"133 West 138th Street, Suite 3A, New York, 10030",,NYC DCLA,dcla-row-2129,Requires manual review
,"Sonnet Repertory Theatre, Inc.",,-73.99238,40.728745,"419 Lafayette Street, 4th Floor, New York, 10003",,NYC DCLA,dcla-row-2130,Requires manual review
,"Sonora House, Inc.",,-73.994777,40.760205,"484 W 43rd St, New York, 10036",,NYC DCLA,dcla-row-2131,Requires manual review
,"Sons of the Revolution in the State of New York, Inc.",,-74.011375,40.703496,"54 Pearl St, New York, 10004",,NYC DCLA,dcla-row-2132,Requires manual review
,Sophie Gerson Healthy Youth,,-73.999282,40.727667,"505 LaGuardia Place, New York, 10012",,NYC DCLA,dcla-row-2134,Requires manual review
,Sorrel Sky Gallery,,-74.0013175,40.7250274,,,OpenStreetMap,node/13756162803,Requires manual review
,Soudesh Plumbing & Heating Supplies,,-73.7615783,40.7136743,,,OpenStreetMap,node/12507474680,Requires manual review
,SOUL CITY MOVEMENT,,-73.967446,40.71116,"14 Dunham Place, Brooklyn, 11249",,NYC DCLA,dcla-row-2135,Requires manual review
,Soul Collections,,-73.9546082,40.686018,1126 Bedford Avenue,https://www.soul-collections.com,OpenStreetMap,node/9208777703,OpenStreetMap craft/workshop tag
,Soul Food Caterers,,-73.9416581,40.6765981,,,OpenStreetMap,node/2568037319,Requires manual review
,Sound Business Inc.,,-73.950356,40.818188,"443 West 135th Street, New York City, 10031",,NYC DCLA,dcla-row-2136,Requires manual review
,Sound Mind Live,,-73.952028,40.724135,"929 Lorimer St, Brooklyn, 11222",,NYC DCLA,dcla-row-2137,Requires manual review
,Soundview Branch New York Public Library,,-73.8629084,40.8187016,660 Soundview Avenue,,OpenStreetMap,way/282081009,Requires manual review
,South Asian Cultural Preservation and Education Center,,-74.143446,40.635874,"115 John Street, Staten Island, 10302",,NYC DCLA,dcla-row-2138,Requires manual review
,"South Asian International Film Festival, Inc.",,-74.006082,40.718633,"114 Franklin Street, New York, 10013",,NYC DCLA,dcla-row-2140,Requires manual review
,South Asian Women's Creative Collective,,-73.992045,40.755707,"323 W 39th St, New York, 10018",,NYC DCLA,dcla-row-2141,Requires manual review
,South Beach Library,,-74.0630266,40.5958019,21-25 Robin Road,https://www.nypl.org/locations/south-beach,OpenStreetMap,way/247636327,Requires manual review
,South Bronx Community Action Theatre,,-73.905869,40.819006,"778 Forest Avenue, Suite 407, Bronx, 10456",,NYC DCLA,dcla-row-2142,Requires manual review
,South Hollis Library,,-73.7537955,40.7070124,204-01 Hollis Avenue,https://www.queenslibrary.org/about-us/locations/south-hollis,OpenStreetMap,way/283132887,Requires manual review
,South Jamaica Branch Queens Borough Public Library,,-73.7901774,40.6956367,108-41 Guy R Brewer Boulevard,https://www.queenslibrary.org/about-us/locations/south-jamaica,OpenStreetMap,way/282904566,Requires manual review
,South Ozone Park Branch Queens Borough Public Library,,-73.8092611,40.674783,128-16 Rockaway Boulevard,,OpenStreetMap,way/282386381,Requires manual review
,"South Shore Glass Co., Inc.",,-74.2329823,40.5377806,,,OpenStreetMap,node/12456546124,Requires manual review
,South Street Seaport Museum,,-74.003676,40.706628,12 Fulton Street,https://southstreetseaportmuseum.org/,OpenStreetMap,node/2898706753,Design-related museum or gallery
,South Wing Theatre Company,,-73.984697,40.735518,"221 East 18th Street, NEW YORK, 11226",,NYC DCLA,dcla-row-2147,Requires manual review
,"Southern Community Development Corporation, Inc.",,-73.878954,40.661473,"820 Stanley Ave, Brooklyn, 11207",,NYC DCLA,dcla-row-2143,Requires manual review
,Southern Fried Photo Studios | Portrait Studio,,-73.9279811,40.7053657,120 Thames Street,https://southernfriedphotostudios.com/,OpenStreetMap,node/5737703866,OpenStreetMap craft/workshop tag
,Southern Queens Park Association,,-73.768455,40.686284,"177-01 Baisley Boulevard, Jamaica, 11434",,NYC DCLA,dcla-row-2144,Requires manual review
,Southside United Housing Development Fund Corp,,-73.951506,40.707016,"434 South 5th Street, Brooklyn, 11211",,NYC DCLA,dcla-row-2146,Requires manual review
,Space 776,,-73.9847106,40.7200219,37 Clinton Street,https://www.space776.com,OpenStreetMap,node/8958523252,Requires manual review
,Space Gallery,,-73.9987389,40.7214151,428 Broome Street,https://spacegallerystbarth.com,OpenStreetMap,node/12477212288,Requires manual review
,Spacetech,,-73.8610952,40.7475722,102-48 B 43rd Avenue,,OpenStreetMap,node/12289600821,Requires manual review
,Spacetime CC,,-73.9347456,40.770786,3040 Vernon Boulevard,https://www.spacetimecc.com/,OpenStreetMap,relation/17953040,Requires manual review
,"Spanish Dance Arts Company, Inc.",,-73.980932,40.754371,"4 West 43rd Street, New York, 10036",,NYC DCLA,dcla-row-2148,Requires manual review
,"Spanish Theatre Repertory Company, Ltd.",,-73.982606,40.741889,"138 East 27th Street, New York, 10016",,NYC DCLA,dcla-row-2150,Requires manual review
,"Spanish-English Ensemble Theatre, Inc.",,-73.990663,40.726706,"62 East 4 Street, New York, 10003",,NYC DCLA,dcla-row-2149,Requires manual review
,Spark Brooklyn Children's Museum Annex,,-73.9878113,40.7045486,1 John Street,https://www.brooklynkids.org/spark/,OpenStreetMap,node/4631369553,Design-related museum or gallery
,Special Audiences and Musicians Inc,,-73.994211,40.74349,"148 West 23rd Street #5F, New York, 10011",,NYC DCLA,dcla-row-2151,Requires manual review
,Spectrum Printing,,-73.9791134,40.6422243,,,OpenStreetMap,node/9740146608,OpenStreetMap craft/workshop tag
,"Speculum Musicae, Inc.",,-73.97614,40.789874,"255 West 88th St., Apt. 10C, New York, 10024",,NYC DCLA,dcla-row-2152,Requires manual review
,"Spellbound Theatre, Inc",,-73.982532,40.692648,"147 Prince Street, Brooklyn, 11201",,NYC DCLA,dcla-row-2153,Requires manual review
,Spencer Brownstone Gallery,,-73.9850036,40.7208764,170-A Suffolk Street,,OpenStreetMap,node/9934094719,Requires manual review
,Sperone Westwater,,-73.9925667,40.7231513,257 Bowery,https://www.speronewestwater.com/,OpenStreetMap,way/247920477,Requires manual review
,Spice Kitchen,,-73.8919719,40.7277642,71-04 Grand Avenue,https://spicekitchennyc.business.site/,OpenStreetMap,node/7115908541,Requires manual review
,"Spiderwoman Theater Workshop, Inc.",,-73.993546,40.683108,"333 Degraw St, New York, 11231",,NYC DCLA,dcla-row-2155,Requires manual review
,SPIELZEUG,,-73.9896444,40.7212423,165 Allen Street,https://www.spielzeug.gallery/,OpenStreetMap,node/13944062708,Requires manual review
,Spoke the Hub,,-73.9783171,40.6754153,,https://spokethehub.org,OpenStreetMap,node/5596917755,OpenStreetMap arts-centre tag
,"Spoke the Hub Dancing, Inc.",,-73.97842,40.675607,"748 Union Street, Brooklyn, 11215",,NYC DCLA,dcla-row-2156,Requires manual review
,Spring Creek Branch Brooklyn Public Library,,-73.8858328,40.6531842,,,OpenStreetMap,node/368050559,Requires manual review
,Spuyten Duyvil Library,,-73.9146617,40.8862742,650 West 235th Street,https://www.nypl.org/locations/spuyten-duyvil,OpenStreetMap,way/277110971,Requires manual review
,Square Design,,-73.9843082,40.674708,283 4th Avenue,https://www.squaredesigninc.com,OpenStreetMap,way/241843204,OpenStreetMap craft/workshop tag
,Square Meals,,-73.9257583,40.702852,234 Starr Street,http://www.sqmeals.com,OpenStreetMap,node/5560589086,Requires manual review
,"St Albans Cycle of Life, Inc.",,-73.75968,40.688997,"190- 04 119th Avenue, St. Albans, 11412",,NYC DCLA,dcla-row-2171,Requires manual review
,St. Agnes Library,,-73.9774598,40.7848535,444 Amsterdam Avenue,https://www.nypl.org/locations/st-agnes,OpenStreetMap,way/270899541,Requires manual review
,"St. Ann's Warehouse, Inc.",,-73.992624,40.70332,"45 Water Street, Brooklyn, 11201",,NYC DCLA,dcla-row-2157,Requires manual review
,"St. Augustine's Project, Inc",,-73.9834,40.713264,"333 Madison Street, New York, 10002",,NYC DCLA,dcla-row-2158,Requires manual review
,"St. George Theatre Restoration, Inc.",,-74.077295,40.641861,"35 Hyatt Street, Staten Island, 10301",,NYC DCLA,dcla-row-2161,Requires manual review
,St. John's University,,-73.9900686,40.729934,101 Astor Place,https://www.stjohns.edu/about/campuses-locations/manhattan-campus,OpenStreetMap,node/6306100371,Requires manual review
,St. John's University,,-74.0911957,40.6212714,,,OpenStreetMap,way/33992941,Requires manual review
,St. Joseph's University,,-73.9681709,40.690686,,https://www.sjcny.edu/brooklyn,OpenStreetMap,relation/12922684,Requires manual review
,"St. Luke's Chamber Ensemble, Inc.",,-73.996759,40.756058,"450 West 37th Street, New York, 10018",,NYC DCLA,dcla-row-2162,Requires manual review
,St. Mark's Historic Landmark Fund,,-73.987433,40.730817,"232 East 11th Street, New York, 10003",,NYC DCLA,dcla-row-2163,Requires manual review
,St. Nicks Alliance,,-73.940025,40.715895,"2 Kingsland Avenue, Brooklyn, 11211",,NYC DCLA,dcla-row-2164,Requires manual review
,St. Paul Community Baptist Church,,-73.88427,40.660158,"859 Hendrix Street, Brooklyn, 11207",,NYC DCLA,dcla-row-2165,Requires manual review
,"St. Raymond Community Outreach, Inc.",,-73.860617,40.838277,"71 Metropolitan Oval, 2nd Floor, Bronx, 10462",,NYC DCLA,dcla-row-2166,Requires manual review
,Stage Aurora NY,,-73.917597,40.772011,"24-54 29th Street #2A, Astoria, 11102",,NYC DCLA,dcla-row-2167,Requires manual review
,Stage Directors and Choreographers Workshop Foundation,,-73.989669,40.75889,"321 West 44th Street, New York, 10036",,NYC DCLA,dcla-row-2168,Requires manual review
,"stageFARM, Inc.",,-74.003219,40.737575,"268 West 12th Street, New York, 10014",,NYC DCLA,dcla-row-2169,Requires manual review
,"Stages on the Sound, Inc.",,-73.978371,40.660264,"19 Prospect Park Southwest, Brooklyn, 11215",,NYC DCLA,dcla-row-2170,Requires manual review
,Stained Glass Store,,-73.9827487,40.6736796,,,OpenStreetMap,node/5603039102,Requires manual review
,Stand4 Gallery and Community Center,,-74.0255157,40.6282949,414 78th Street,https://stand4gallery.org/,OpenStreetMap,node/11908769181,Requires manual review
,Standard Tinsmith Supply,,-73.912671,40.6982684,335 Irving Avenue,https://tinsmith.com/,OpenStreetMap,node/7126540825,Requires manual review
,"Standby Program, Inc.",,-73.821666,40.758588,"14362 Sanford Ave, Flushing, 11355",,NYC DCLA,dcla-row-2172,Requires manual review
,Stanford in New York Center,,-73.9897743,40.7397055,915 Broadway,https://undergrad.stanford.edu/stanford-in-new-york,OpenStreetMap,node/4338958231,Requires manual review
,Stanley Lewis Plumbers,,-73.9516336,40.6746581,749 Prospect Place,https://www.stanleylewisplumbing.com/,OpenStreetMap,way/241825335,Requires manual review
,Stapleton Library,,-74.0778201,40.6261018,132 Canal Street,https://www.nypl.org/locations/stapleton,OpenStreetMap,way/240438800,Requires manual review
,Star Composition Services,,-73.9575947,40.7033523,170 Hewes Street,http://starcompositionservices.com,OpenStreetMap,node/4637482389,Requires manual review
,Star Photo Studio,,-73.9054958,40.8529721,106 East Burnside Avenue,http://starphotodigital.com,OpenStreetMap,node/2807588302,OpenStreetMap craft/workshop tag
,Star Plumbing & Heating,,-74.0214123,40.6314365,510 72nd Street,,OpenStreetMap,node/2553192542,Requires manual review
,Staret...The Directors Company,,-73.989619,40.735233,"101 E. 15th ST 2nd FL, New York, 10003",,NYC DCLA,dcla-row-2173,Requires manual review
,Starlite Plumbing & Heating,,-73.9974862,40.6255576,1421 63rd Street,,OpenStreetMap,node/2557684076,Requires manual review
,Statement Arts,,-74.016651,40.715534,"2 River Terrace, New York, 10282",,NYC DCLA,dcla-row-2174,Requires manual review
,"Staten Island Ballet Theater, Inc.",,-74.124267,40.575849,"3081 Richmond Rd., Staten Island NY, Staten Island, 10306",,NYC DCLA,dcla-row-2175,Requires manual review
,"Staten Island Chamber Music Players, Inc.",,-74.235471,40.539114,"27 Storer Avenue, Staten Island, 10309",,NYC DCLA,dcla-row-2176,Requires manual review
,Staten Island Children's Museum,,-74.104753,40.645075,"1000 Richmond Terrace, Building M, Staten Island, 10301",,NYC DCLA,dcla-row-2177,Design-related name in DCLA Museum discipline
,Staten Island Children’s Museum,,-74.1018927,40.6427113,,https://www.sichildrensmuseum.org/,OpenStreetMap,node/3350222381,Design-related museum or gallery
,"Staten Island Community Job Center, Inc.",,-74.144615,40.625234,"774 Port Richmond Ave, Staten Island, 10302",,NYC DCLA,dcla-row-2178,Requires manual review
,Staten Island Historical Society,,-74.145848,40.571061,"441 Clarke Avenue, Staten Island, 10306",,NYC DCLA,dcla-row-2179,Requires manual review
,Staten Island Institute of Arts and Sciences,,-74.104753,40.645075,"1000 Richmond Terrace, New York, 10301",,NYC DCLA,dcla-row-2180,Design-related name in DCLA Museum discipline
,Staten Island Justice Center,,-74.0773441,40.627528,,,OpenStreetMap,node/13071217016,Requires manual review
,Staten Island MakerSpace,,-74.074056,40.626437,"450 Front Street, Staten Island, 10304",,NYC DCLA,dcla-row-2181,Requires manual review
,Staten Island Museum,,-74.1027489,40.6445211,,https://www.statenislandmuseum.org/,OpenStreetMap,node/424048153,Design-related museum or gallery
,Staten Island Museum and Institue of Arts and Sciences,,-74.0776814,40.6443902,75 Stuyvesant Place,,OpenStreetMap,way/241853811,Design-related museum or gallery
,"Staten Island Philharmonic Orchestra, Inc.",,-74.102978,40.638956,"14 Brentwood Ave., Staten Island, 10301",,NYC DCLA,dcla-row-2182,Requires manual review
,Staten Island Plumbing Heating & Air Conditioning,,-74.1694336,40.586526,2550 Richmond Avenue,https://siplumbing.com,OpenStreetMap,node/8393717473,Requires manual review
,Staten Island Shakespearean Theatre Co. Inc.,,-74.142878,40.622977,"126 Galloway Avenue, Staten Island, 10302",,NYC DCLA,dcla-row-2183,Requires manual review
,"Staten Island Zoological Society, Inc.",,-74.114611,40.625592,"614 Broadway, Staten Island, 10310",,NYC DCLA,dcla-row-2184,Requires manual review
,Statue of Liberty Museum,,-74.0463272,40.6908211,,https://www.statueofliberty.org/statue-of-liberty/statue-of-liberty-museum/,OpenStreetMap,way/888758560,Design-related museum or gallery
,Stavros Niarchos Foundation Library,,-73.981532,40.7517043,455 5th Avenue,https://www.nypl.org/locations/snfl,OpenStreetMap,way/265424467,Requires manual review
,Stecher and Horowitz Foundation,,-73.977972,40.764655,"119 West 57th Street, Suite 1401, New York, 10019",,NYC DCLA,dcla-row-2185,Requires manual review
,Steere Herbarium,,-73.8787547,40.8671503,2670 Southern Boulevard,https://sweetgum.nybg.org/science/,OpenStreetMap,way/284835735,Requires manual review
,Stefanie Nelson Dance Group,,-73.964468,40.810679,"468 Riverside Drive, New York, 10027",,NYC DCLA,dcla-row-2186,Requires manual review
,Steinway Awnings,,-73.9423724,40.7503027,,,OpenStreetMap,node/6779921316,Requires manual review
,Steinway Branch Queens Borough Public Library,,-73.909424,40.7768174,21-51 31st Street,https://www.queenslibrary.org/about-us/locations/steinway,OpenStreetMap,way/935154519,Requires manual review
,Stella Adler Studio of Acting,,-74.012234,40.707113,"65 Broadway, 2nd Fl., New York, 10006",,NYC DCLA,dcla-row-2187,Requires manual review
,Stella and Charles Guttman Community College,,-73.9840106,40.752949,50 West 40th Street,https://guttman.cuny.edu,OpenStreetMap,node/7780676529,Requires manual review
,"STEM From Dance, Inc.",,-73.961739,40.662162,"495 Flatbush Ave, Ofc 61, Brooklyn, 11225",,NYC DCLA,dcla-row-2188,Requires manual review
,Stephen A. Schwarzman Building,,-73.9822454,40.7532182,476 5th Avenue,https://www.nypl.org/locations/schwarzman,OpenStreetMap,way/265302076,Requires manual review
,Stephen B Luce Library,,-73.7916144,40.8057127,,,OpenStreetMap,node/368050133,Requires manual review
,"Stephen Petronio Dance Company, Inc.",,-73.987401,40.728956,"140 Second Avenue, New York, 10003",,NYC DCLA,dcla-row-2189,Requires manual review
,Stern College for Women,,-73.97909,40.7467165,,https://www.yu.edu/stern,OpenStreetMap,way/1395826930,Requires manual review
,Still Life,,-73.985336,40.6792269,,https://www.stilllifecafe.com/,OpenStreetMap,node/2550018678,OpenStreetMap arts-centre tag
,Stillwell Team,,-74.0074548,40.6798737,54A Richards Street,https://stillwellusny.com,OpenStreetMap,node/2827518423,Requires manual review
,Stitches,,-73.9719326,40.5972523,335 Avenue U,https://www.smstitches.com/,OpenStreetMap,node/2556194059,Requires manual review
,STK Electrical,,-74.1351592,40.6383863,,,OpenStreetMap,node/13191522600,Requires manual review
,"Stolen Chair Theatre Company, Inc.",,-73.954461,40.78564,"64 East 94th St, New York, 10128",,NYC DCLA,dcla-row-2190,Requires manual review
,Stone Avenue Branch Brooklyn Public Library,,-73.905205,40.6644552,581 Mother Gaston Boulevard,,OpenStreetMap,way/249540887,Requires manual review
,Stone Henge,,-73.978589,40.6367474,McDonald Avenue,,OpenStreetMap,node/5229540909,Requires manual review
,Stone Impressions Inc.,,-74.2356944,40.5247373,,,OpenStreetMap,node/7788619757,Requires manual review
,Stone Street Coffee Company,,-73.9927522,40.6724544,129 9th Street,https://www.stonestreetcoffee.com,OpenStreetMap,node/6326532958,Requires manual review
,Storefront for Art and Architecture,,-73.9971028,40.7214798,97 Kenmare Street,https://storefrontnews.org,OpenStreetMap,node/368042980,Design-related museum or gallery
,Storefront for Art and Architecture,,-73.996984,40.721318,"97 Kenmare Street, New York, 10012",,NYC DCLA,dcla-row-2191,DCLA Architecture/Design discipline
,Storer Steel & Movie Props,,-74.236114,40.5390786,,,OpenStreetMap,node/12456546138,Requires manual review
,"Storm Theatre, Inc.",,-73.977719,40.776949,"32 West 72 Street, Suite 2B, New York, 10023",,NYC DCLA,dcla-row-2192,Requires manual review
,"Story Collider, Inc.",,-73.987985,40.75157,"121 West 36th Street, New York, 10018",,NYC DCLA,dcla-row-2193,Requires manual review
,"StoryCorps, Inc.",,-73.974421,40.685488,"80 Hanson Pl, Brooklyn, 11217",,NYC DCLA,dcla-row-2194,Requires manual review
,"Storyline, Inc.",,-73.92194,40.705122,"1296 Willoughby Ave, Brooklyn, 11237",,NYC DCLA,dcla-row-2195,Requires manual review
,Storyville Center for the Spoken Word,,-74.011552,40.704541,"75 Broad Street, New York, 10004",,NYC DCLA,dcla-row-2196,Requires manual review
,"Strange Sun Theater, Inc.",,-73.969712,40.788816,"65 west 90th street, New York, NY 10024, 10024",,NYC DCLA,dcla-row-2197,Requires manual review
,"Streb, Inc.",,-73.964713,40.716767,"51 North 1st Street, Brooklyn, 11249",,NYC DCLA,dcla-row-2198,Requires manual review
,"Street Lab, Inc.",,-74.004237,40.686264,"62 Degraw St, Brooklyn, 11231",,NYC DCLA,dcla-row-2199,Requires manual review
,Strike Anywhere Inc.,,-73.97357,40.686942,"85 South Oxford St., Brooklyn, 11217",,NYC DCLA,dcla-row-2200,Requires manual review
,String Orchestra of New York City,,-73.918157,40.871766,"251 Seaman Avenue, New York, 10034",,NYC DCLA,dcla-row-2201,Requires manual review
,Stripper Stain & Supplies,,-73.9541379,40.6836743,1184 Bedford Avenue,https://www.stripperstains.com,OpenStreetMap,node/2494071351,OpenStreetMap craft/workshop tag
,Strong Rope Brewery - Red Hook,,-74.0188315,40.6772915,,https://www.strongropebrewery.com/red-hook,OpenStreetMap,node/9120977794,Requires manual review
,Strong Tempering Glass,,-74.0174107,40.6373068,,,OpenStreetMap,node/2561668347,Requires manual review
,Student Study Center,,-73.9936689,40.7362844,90 5th Avenue,,OpenStreetMap,node/2710177862,Design-related college or university
,Studio Craftspring,,-73.9860395,40.6772035,,,OpenStreetMap,node/6286959724,OpenStreetMap arts-centre tag
,"Studio in a School Association, Inc.",,-73.989237,40.77422,"75 West End Avenue, New York, 10023",,NYC DCLA,dcla-row-2202,Design-related name in DCLA Visual Arts discipline
,Studio Manhattan,,-73.9371504,40.7507959,,,OpenStreetMap,node/6515577608,OpenStreetMap craft/workshop tag
,Studio Museum in Harlem,,-73.947278,40.808523,"144 West 125th Street, New York, 10027",,NYC DCLA,dcla-row-2203,Design-related name in DCLA Visual Arts discipline
,Studio Three Thirty,,-73.9200963,40.7095823,17-17 Troutman Street,,OpenStreetMap,node/5634162516,Design-related museum or gallery
,Studio6 Gallery,,-73.9879624,40.7200689,106 Rivington Street,,OpenStreetMap,node/13241423684,Requires manual review
,"Stuttering Association for the Young, Inc.",,-73.99225,40.755792,"333 W 39th St, New York, 10018",,NYC DCLA,dcla-row-2204,Requires manual review
,Sud's on 8th Ave.,,-73.9824933,40.6615704,1521 8th Avenue,,OpenStreetMap,node/2550092411,Requires manual review
,Sugar Hill Children's Museum of Art & Storytelling,,-73.941435,40.8307,"898 St. Nicholas Avenue, New York, 10032",,NYC DCLA,dcla-row-2205,Design-related name in DCLA Museum discipline
,Sugar Hill Children's Museum of Art and Story Telling,,-73.941171,40.8304543,898 Saint Nicholas Avenue,https://www.sugarhillmuseum.org,OpenStreetMap,node/5296084264,Design-related museum or gallery
,Sugarlift Gallery,,-74.0024163,40.7509297,508 West 28th Street,https://www.sugarlift.com,OpenStreetMap,node/10861434352,Requires manual review
,Suits and Skirts Cleaners,,-73.9802189,40.7464116,,https://suitsandskirtscleaners.com,OpenStreetMap,node/6376760967,Requires manual review
,Sukkahwood Inc.,,-73.935857,40.852078,"56 Bennett Avenue, New York, 10033",,NYC DCLA,dcla-row-2206,Requires manual review
,Summertime Gallery Inc,,-73.948548,40.712677,"145 Ainslie St, Brooklyn, 11211",,NYC DCLA,dcla-row-2207,Requires manual review
,Sumwin Stainless Steel Supply,,-73.8070935,40.6936785,,,OpenStreetMap,node/11844892643,Requires manual review
,Sun Windows & Doors,,-73.9931454,40.6445939,,,OpenStreetMap,node/9448556408,Requires manual review
,Sunburst Studio,,-73.9946012,40.6674277,586 3rd Avenue,,OpenStreetMap,node/8766032517,OpenStreetMap craft/workshop tag
,Sunday Takeout,,-73.9766234,40.6853667,29 Hanson Place,https://sundaytakeout.com/,OpenStreetMap,node/2572981665,OpenStreetMap arts-centre tag
,Sundog Theatre,,-74.1157675,40.578122,,,OpenStreetMap,node/12986703255,OpenStreetMap arts-centre tag
,"Sundog Theatre, Inc.",,-74.083688,40.639696,"157 Benziger Ave, STATEN ISLAND, 10301",,NYC DCLA,dcla-row-2208,Requires manual review
,Sunflower Pipes,,-73.9555025,40.7141878,377 Metropolitan Avenue,https://sunflowerpipes.com/,OpenStreetMap,node/2839686890,Requires manual review
,Sunlight Fine Rug Care,,-73.9588693,40.5894508,1118 Avenue Y,https://www.sunlightfinerugcare.com/,OpenStreetMap,node/13619550250,Requires manual review
,Sunmac,,-74.1297643,40.6260863,,,OpenStreetMap,node/11667208363,Requires manual review
,Sunnyside District Management Association,,-73.921813,40.741883,"4556 43rd Street, Sunnyside, 11104",,NYC DCLA,dcla-row-2209,Requires manual review
,Sunset Park Business Improvement District,,-74.0114284,40.6443623,,,OpenStreetMap,node/11479622123,Requires manual review
,Sunset Park Redevelopment Committee,,-74.0128939,40.6455987,,https://www.sprccomm.org,OpenStreetMap,node/9432371725,Requires manual review
,"Sunset Park School of Music, Inc.",,-74.009845,40.649111,"4520 4th Avenue, Brooklyn, 11220",,NYC DCLA,dcla-row-2210,Requires manual review
,"Sunset Spark, Inc.",,-74.007158,40.655951,"254 36th St, Brooklyn, 11232",,NYC DCLA,dcla-row-2211,Requires manual review
,Sunshine Laundromat & Pinball,,-73.9537238,40.7292524,860 Manhattan Avenue,https://sunshinelaundromat.com,OpenStreetMap,node/5057358326,Requires manual review
,SUNY Downstate Campus,,-73.9451865,40.6543179,,,OpenStreetMap,way/364579918,Requires manual review
,SUNY Maritime College,,-73.7960571,40.8071338,6 Pennyfield Avenue,,OpenStreetMap,way/364580827,Requires manual review
,SUNY State College of Optometry,,-73.982168,40.7544879,,https://www.sunyopt.edu/,OpenStreetMap,way/266170762,Requires manual review
,Super Happy Healthy Kids,,-73.958299,40.762962,"412 E 65th St, #2E, New York, 10065",,NYC DCLA,dcla-row-2212,Requires manual review
,Super Pollo,,-73.9019258,40.7028088,865 Woodward Avenue,https://superpollo.nyc/,OpenStreetMap,node/5364995687,Requires manual review
,Superb Maids NYC,,-73.9867656,40.7458109,276 5th Avenue,https://www.superbmaidsnyc.com,OpenStreetMap,node/2706939847,Requires manual review
,Superchief Gallery,,-73.9066613,40.6982367,1628 Jefferson Street,https://superchiefgallery.com,OpenStreetMap,node/7063887194,Design-related museum or gallery
,"Superhero Clubhouse, Inc.",,-73.96411,40.651093,"1716 Caton Avenue, Brooklyn, 11226",,NYC DCLA,dcla-row-2213,Requires manual review
,Supreme Memorials,,-74.217674,40.5217922,,,OpenStreetMap,node/7799768744,Requires manual review
,Sure Electrical Contracting,,-74.1656859,40.5444526,3836 Richmond Avenue,,OpenStreetMap,node/6702152662,Requires manual review
,Susan Inglett Gallery,,-74.0048993,40.7487583,522 West 24th Street,https://www.inglettgallery.com,OpenStreetMap,node/10859974167,Requires manual review
,Susan Sheehan Gallery,,-73.9985087,40.7257429,146 Greene Street,https://www.susansheehangallery.com/,OpenStreetMap,node/12047551069,Requires manual review
,Suwal Electronics,,-73.8676273,40.7429703,47-12 Junction Boulevard,https://suwalinc.com/,OpenStreetMap,node/12520853143,Requires manual review
,Sweet Bella,,-73.9319891,40.7029872,114 Forrest Street,https://www.sweetbellausa.com/,OpenStreetMap,node/5801923646,Requires manual review
,"Sweet Jane Productions, Inc.",,-73.964666,40.696728,"37 Grand Avenue, Brooklyn, 11205",,NYC DCLA,dcla-row-2214,Requires manual review
,"Sweet Serenity Success, Inc.",,-73.954307,40.640936,"2575 Bedford Ave, Brooklyn, 11226",,NYC DCLA,dcla-row-2215,Requires manual review
,Swiss Institute,,-73.9875749,40.7284048,38 Saint Marks Place,https://www.swissinstitute.net,OpenStreetMap,node/9039752089,OpenStreetMap arts-centre tag
,Swiss Institute,,-73.987322,40.72844,"38 Saint Marks Pl, New York, 10003",,NYC DCLA,dcla-row-2216,Requires manual review
,Swiss Precision Watchmaking & Repair,,-74.0093076,40.7088229,45 Nassau Street,https://www.swissprecisionwatchmaking.com/,OpenStreetMap,node/11084180226,Requires manual review
,Switch Electric,,-73.9939077,40.6688925,113 14th Street,http://switchelectricnyc.com,OpenStreetMap,way/248171210,Requires manual review
,Sybarite Chamber Players LTD,,-73.908308,40.884793,"3299 Cambridge Ave, Bronx, 10463",,NYC DCLA,dcla-row-2217,Requires manual review
,SYLA,,-73.9955281,40.6903466,,https://www.stevenyavanian.com,OpenStreetMap,node/9749377432,Requires manual review
,"Sylvan Winds, Inc.",,-73.960791,40.797011,"444 CENTRAL PARK W, New York, 10025",,NYC DCLA,dcla-row-2218,Requires manual review
,"Sympho, Inc.",,-73.966282,40.802393,"235 West 108th Street, New York, 10025",,NYC DCLA,dcla-row-2219,Requires manual review
,Symphony Space,,-73.9726618,40.7939619,2537 Broadway,,OpenStreetMap,node/368043902,OpenStreetMap arts-centre tag
,"Symphony Space, Inc.",,-73.972393,40.793842,"2537 Broadway, New York, 10025",,NYC DCLA,dcla-row-2220,Requires manual review
,Synagogue for the Arts,,-74.004156,40.718526,"49 White Street, New York, 10013",,NYC DCLA,dcla-row-2221,Design-related name in DCLA Visual Arts discipline
,Synapse Productions,,-73.983433,40.723658,"220 East 4th Street, New York, 10009",,NYC DCLA,dcla-row-2222,Requires manual review
,Synesthesia,,-73.9308973,40.7052139,47 Thames Street,https://synesthesia.space,OpenStreetMap,node/6858779528,Requires manual review
,"SYREN Modern Dance, Inc.",,-73.94165,40.813008,"470 Lenox Avenue, 17H, New York, 10037",,NYC DCLA,dcla-row-2223,Requires manual review
,Systems 2000,,-73.9507181,40.7730928,424 East 81st Street,,OpenStreetMap,node/9829426781,Requires manual review
,T & Y Hardware,,-73.9941288,40.7179537,101 Chrystie Street,,OpenStreetMap,node/9874879430,OpenStreetMap craft/workshop tag
,T&K Printing & Graphic,,-74.0119432,40.6512781,262 44th Street,,OpenStreetMap,way/249592166,OpenStreetMap craft/workshop tag
,"T. Schreiber Studio, Inc.",,-73.992872,40.745428,"151 West 26th Street, New York, 10001",,NYC DCLA,dcla-row-2226,Requires manual review
,T.O.A.S.T.,,-74.005101,40.715625,"315 Broadway #3R, New York, 10007",,NYC DCLA,dcla-row-2225,Requires manual review
,"TADA! Theater and Dance Alliance, Inc.",,-73.988383,40.74515,"15 West 28th Street, New York, 10001",,NYC DCLA,dcla-row-2227,Requires manual review
,Taiwanese American Arts Council Corp.,,-73.789012,40.750011,"47-40 190th St, Flushing, 11358",,NYC DCLA,dcla-row-2228,Requires manual review
,"Taiwanese American Council of Greater New York, Inc.",,-73.979457,40.747959,"120 E 36 St, New York, 10016",,NYC DCLA,dcla-row-2230,Requires manual review
,TAK Ensemble Music Inc,,-73.912085,40.708672,"409 Woodward Ave, Queens, 11385",,NYC DCLA,dcla-row-2231,Requires manual review
,"Take Wing and Soar Productions, Inc.",,-73.959465,40.815436,"45 Tiemann Place, Ste. 3G, New York, 10027",,NYC DCLA,dcla-row-2232,Requires manual review
,"Talea Ensemble, Inc.",,-73.966739,40.682648,"520 Clinton Avenue, Brooklyn, 11238",,NYC DCLA,dcla-row-2233,Requires manual review
,"Talking Band, Inc.",,-73.999899,40.723097,"93 MERCER ST APT 6W, New York, 10012",,NYC DCLA,dcla-row-2234,Requires manual review
,"Talujon, Inc.",,-73.879427,40.748889,"37-56 87th St, Jackson Heights, 11372",,NYC DCLA,dcla-row-2235,Requires manual review
,"Tamar Rogoff Performance Projects, Inc.",,-73.977281,40.726196,"170 Avenue C, New York, 10009",,NYC DCLA,dcla-row-2237,Requires manual review
,Tamarind Art Council,,-73.977032,40.749364,"142 East 39th Street, New York, 10016",,NYC DCLA,dcla-row-2236,Requires manual review
,Tamer & Tamer,,-73.9863527,40.6829544,465 Baltic Street,,OpenStreetMap,way/248166584,OpenStreetMap craft/workshop tag
,"Tamizdat, Incorporated",,-73.986587,40.704313,"20 Jay St, Brooklyn, 11201",,NYC DCLA,dcla-row-2238,Requires manual review
,"Tank, Ltd.",,-73.9932,40.753755,"312 West 36th Street, New York, 10018",,NYC DCLA,dcla-row-2239,Requires manual review
,Tanya Bonakdar Gallery,,-74.0062914,40.7470364,521 West 21st Street,https://www.tanyabonakdargallery.com,OpenStreetMap,node/10873196737,Requires manual review
,"Tapestry Choir, Inc.",,-73.950423,40.669253,"542 Eastern Parkway, Brooklyn, 11225",,NYC DCLA,dcla-row-2240,Requires manual review
,"Target Margin Theater, Inc.",,-74.017269,40.647469,"232 52nd Street, Brooklyn, 11220",,NYC DCLA,dcla-row-2241,Requires manual review
,Tasima Discount & Store,,-73.9503897,40.6727193,752A Nostrand Avenue,,OpenStreetMap,node/6240118536,Requires manual review
,Tate Library,,-73.906976,40.8897408,,,OpenStreetMap,way/276506172,Requires manual review
,TDS Woodcraft,,-74.1331478,40.6385288,104 Port Richmond Avenue,https://www.tdswoodcraft.com,OpenStreetMap,node/9630506337,Requires manual review
,"Teachers & Writers Collaborative, Inc.",,-73.991855,40.740048,"20 West 20th Street, New York, 10011",,NYC DCLA,dcla-row-2243,Requires manual review
,Teachers College,,-73.9603359,40.8102725,,,OpenStreetMap,way/723008688,Requires manual review
,Teachers College Columbia University,,-73.96009,40.809716,"525 West 120th Street, Box 21, New York, 10027",,NYC DCLA,dcla-row-2244,Requires manual review
,Team Unity Incorporated,,-73.946641,40.806173,"246 Lenox Avenue, New York, 10027",,NYC DCLA,dcla-row-2245,Requires manual review
,"Teatro Circulo, Ltd.",,-73.99058,40.72667,"64 E 4th St, New York, 10003",,NYC DCLA,dcla-row-2246,Requires manual review
,"Teatro Grattacielo, Inc.",,-74.001223,40.74811,"420 West 25th street, New York, 10001",,NYC DCLA,dcla-row-2248,Requires manual review
,"Teatro Nuovo, Inc.",,-73.971438,40.797662,"820 West End Avenue, New York, 10023",,NYC DCLA,dcla-row-2249,Requires manual review
,"TechLINC Project, Inc.",,-73.921804,40.848019,"1513 Popham Avenue, Bronx, 10453",,NYC DCLA,dcla-row-2251,Requires manual review
,Techtronics,,-73.9708977,40.7953891,2578 Broadway,https://techtronicsmobile.com/upper-west-side-iphone-laptop-and-macbook-repair/,OpenStreetMap,node/11442900426,Requires manual review
,"Tectonic Theater Project, Inc.",,-73.978889,40.764151,"130 W 56th St, New York, 10019",,NYC DCLA,dcla-row-2252,Requires manual review
,Teen Art Salon Inc.,,-73.942029,40.746196,"2728 Thomson Avenue WS6, Long Island City, 11101",,NYC DCLA,dcla-row-2253,Requires manual review
,Tek Genie,,-73.7170625,40.7441636,253-14 Union Turnpike,,OpenStreetMap,node/11842910445,Requires manual review
,Tekie Geek,,-74.1562014,40.5471395,,,OpenStreetMap,node/10565995078,Requires manual review
,Tell Every Amazing Lady,,-73.9776525,40.6591959,533 16th Street,https://tealwalk.org,OpenStreetMap,node/6595340573,Requires manual review
,Temple of Understanding,,-73.973458,40.751238,"211 East 43rd Street,, New York, 10017",,NYC DCLA,dcla-row-2254,Requires manual review
,Temporary Distortion Theater Corp.,,-73.977433,40.726029,"165 Avenue C, New York, 10009",,NYC DCLA,dcla-row-2255,Requires manual review
,"Ten O'Clock Classics, Inc.",,-73.97996,40.767236,"230 Central Park South, New York, 10019",,NYC DCLA,dcla-row-2257,Requires manual review
,"Ten Penny Players, Inc.",,-74.082853,40.628932,"393 Saint Pauls Avenue, Staten Island, 10304",,NYC DCLA,dcla-row-2258,Requires manual review
,"TENET NYC, Inc.",,-73.969839,40.795551,"207 West 98th Street, 8A, New York, 10025",,NYC DCLA,dcla-row-2256,Requires manual review
,Tenri Institute,,-73.9961487,40.7362815,43A 13th Street,https://tenri.org/,OpenStreetMap,node/5243574664,OpenStreetMap arts-centre tag
,Terence Cardinal Cooke - Cathedral Library,,-73.9726269,40.7568577,560 Lexington Avenue,https://www.nypl.org/locations/cathedral,OpenStreetMap,way/265947377,Requires manual review
,"Terra Incognita, Inc.",,-73.993245,40.735859,"7 East 14th Street, New York, 10003",,NYC DCLA,dcla-row-2259,Requires manual review
,"terraNOVA Theatre Collective, Inc.",,-74.00127,40.747335,"401 West 24th Street, Apt. 8, New York, 10011",,NYC DCLA,dcla-row-2260,Requires manual review
,"Territorial Empathy, Inc.",,-73.953255,40.713047,"31 Ainslie Street, Brooklyn, 11211",,NYC DCLA,dcla-row-2262,DCLA Architecture/Design discipline
,Textile Arts Center,,-73.9852434,40.6768058,,,OpenStreetMap,node/5620571661,OpenStreetMap arts-centre tag
,TFI Digital Archive,,-73.95298,40.785977,"1220 Park Ave, New York, 10128",,NYC DCLA,dcla-row-2264,Requires manual review
,Thai Select,,-73.9950154,40.754807,472 9th Avenue,https://thaiselectny.com/,OpenStreetMap,node/5832407897,Requires manual review
,ThaiLinks,,-73.994235,40.761312,"628 Tenth Avenue, New York, 10036",,NYC DCLA,dcla-row-2265,Requires manual review
,"Thalia Spanish Theatre, Inc.",,-73.9238,40.740108,"41-17 Greenpoint Avenue, Sunnyside, 11104",,NYC DCLA,dcla-row-2266,Requires manual review
,The 4th Street Photo Gallery,,-73.9905701,40.7267758,,http://www.the4thstreetphotogallery.com,OpenStreetMap,node/9630409566,Requires manual review
,The 8th Floor Gallery,,-73.9932713,40.7385275,17 West 17th Street,https://www.the8thfloor.org,OpenStreetMap,node/10873303789,Requires manual review
,The Africa Center,,-73.9493338,40.7963422,1280 5th Avenue,https://www.theafricacenter.org/,OpenStreetMap,node/8942135848,Requires manual review
,The AKC Museum of the Dog,,-73.9775762,40.7506105,,https://museumofthedog.org/,OpenStreetMap,node/6852303846,Design-related museum or gallery
,The Angelus Hall,,-73.8781024,40.7601922,90-11 31st Avenue,,OpenStreetMap,node/8672267040,Requires manual review
,The Art Center,,-73.9534003,40.7693586,423 East 75th Street,https://theartcenter.nyc,OpenStreetMap,node/11429583968,OpenStreetMap arts-centre tag
,The Bernard and Anne Spitzer School of Architecture,,-73.9504689,40.8176789,,,OpenStreetMap,node/4111168785,Design-related college or university
,The Biggie Experience,,-73.9810783,40.6856369,,https://www.thebiggieexperience.com,OpenStreetMap,node/5905417719,Requires manual review
,The Bklyn Combine,,-73.9535877,40.6689262,,https://www.bklyncombine.com,OpenStreetMap,node/2567052612,OpenStreetMap arts-centre tag
,The Bone Museum,,-73.9374403,40.7057349,255 McKibbin Street,,OpenStreetMap,node/13608646301,Design-related museum or gallery
,The Brant Foundation Art Study Center,,-73.9851191,40.726068,421 East 6th Street,,OpenStreetMap,node/2549926611,Design-related museum or gallery
,The Broken Kilometer (DIA),,-74.0021462,40.7240871,393 West Broadway,,OpenStreetMap,node/2547223676,Design-related museum or gallery
,The Carpenter Shop rental venue,,-74.1023886,40.6436742,,https://snug-harbor.org/,OpenStreetMap,node/13226916519,OpenStreetMap arts-centre tag
,The Catered World,,-74.0774847,40.6363864,,,OpenStreetMap,node/13040315375,Requires manual review
,The Center for Fiction Bookstore,,-73.9785751,40.6869274,15 Lafayette Avenue,https://www.centerforfiction.org,OpenStreetMap,way/768957904,Requires manual review
,The City College of New York,,-73.9500391,40.818152,160 Convent Avenue,https://www.ccny.cuny.edu/,OpenStreetMap,way/108239587,Requires manual review
,The City Reliquary,,-73.9557409,40.7139536,370 Metropolitan Avenue,https://cityreliquary.org/,OpenStreetMap,node/8132573640,Requires manual review
,The College of New Rochelle,,-73.9453371,40.6800379,,,OpenStreetMap,node/5221020084,Requires manual review
,The Conference House,,-74.25322,40.503129,7455 Hylan Boulevard,https://conferencehouse.org/,OpenStreetMap,way/241857895,Requires manual review
,The Cooper Union,,-73.9896713,40.7293345,,https://middlestates.cooper.edu/Campus_Map_Directions.pdf,OpenStreetMap,relation/15633680,Design-related college or university
,The Drawing Center,,-74.0028908,40.7224437,35 Wooster Street,https://drawingcenter.org,OpenStreetMap,way/249664327,Design-related museum or gallery
,The Drawing Room,,-73.9940704,40.7493717,,https://www.nycdrawingroom.com/,OpenStreetMap,node/12312858201,OpenStreetMap arts-centre tag
,The Ear,,-73.9373827,40.7065583,255 Boerum Street,,OpenStreetMap,node/6732753045,OpenStreetMap arts-centre tag
,The Elizabeth Foundation for the Arts,,-73.9923574,40.7559503,323 West 39th Street,https://www.efanyc.org/,OpenStreetMap,node/3450858389,OpenStreetMap arts-centre tag
,The FLAG Art Foundation,,-74.0055421,40.749778,545 West 25th Street,https://www.flagartfoundation.org,OpenStreetMap,node/10859974149,Design-related museum or gallery
,The future perfect,,-74.0060321,40.7302939,8 Saint Lukes Place,https://www.thefutureperfect.com/,OpenStreetMap,node/13950945726,Requires manual review
,The Gallery at the Factory,,-73.9364834,40.7427615,30-30 47th Avenue,,OpenStreetMap,node/13991865161,Requires manual review
,The Global Fine Art Contemporary Art Gallery,,-74.0027353,40.7505158,507 West 27th Street,https://www.artcapitalgain.com,OpenStreetMap,node/10860703832,Design-related museum or gallery
,The Gold Shield,,-74.0844528,40.6359446,,,OpenStreetMap,node/13057044053,Requires manual review
,The Greene Space at WNYC/WQXR,,-74.0052185,40.726956,44 Charlton Street,https://www.thegreenespace.org/,OpenStreetMap,node/6402092290,OpenStreetMap arts-centre tag
,The Hand,,-73.9074433,40.6904571,601 Wilson Avenue,http://thehand.space;http://thehand.space/,OpenStreetMap,node/5794767312,Requires manual review
,The Harrot and Kenneth Kupferberg Holocaust Resource Center and Archives,,-73.7565543,40.7549853,,,OpenStreetMap,node/7887531409,Requires manual review
,The Hole,,-73.9925494,40.7250551,,http://theholenyc.com,OpenStreetMap,node/9661358847,Requires manual review
,The HoloCenter,,-74.0170718,40.6891597,403 Comfort Road,,OpenStreetMap,way/278396439,Requires manual review
,The Honey Badger Motel,,-73.9732953,40.6770369,,,OpenStreetMap,node/10624479997,Requires manual review
,The Jewish Museum,,-73.957186,40.7854051,1109 5th Avenue,https://thejewishmuseum.org,OpenStreetMap,way/266940107,Design-related museum or gallery
,The Juilliard School,,-73.9831016,40.7738393,60 Lincoln Center Plaza,https://www.juilliard.edu/,OpenStreetMap,node/357607753,Requires manual review
,The King's College,,-74.0123807,40.7066535,56 Broadway,https://www.tkc.edu/,OpenStreetMap,node/2915596861,Requires manual review
,The Lionel Pincus and Princess Firyal Map Division,,-73.9818191,40.7533631,,https://www.nypl.org/locations/schwarzman/map-division,OpenStreetMap,node/12923850477,Requires manual review
,The Little Wolf Cabinet Shop,,-73.9512776,40.7745971,1583 1st Avenue,https://littlewolfcabinetshop.com/,OpenStreetMap,node/10982357946,OpenStreetMap craft/workshop tag
,The Living Gallery,,-73.9306466,40.6941559,1094 Broadway,http://www.the-living-gallery.com/,OpenStreetMap,way/250307111,Requires manual review
,The LuEsther T. Mertz Library,,-73.87876,40.8665407,,https://www.nybg.org/learn/mertz-library/,OpenStreetMap,way/284835768,Requires manual review
,The Men with Tools Window and Door Showroom,,-74.1500563,40.5378942,4193 Hylan Boulevard,,OpenStreetMap,node/2551281247,Requires manual review
,The Met Cloisters,,-73.9319228,40.8648684,99 Margaret Corbin Drive,https://www.metmuseum.org/visit/plan-your-visit/met-cloisters,OpenStreetMap,node/4491242890,Design-related museum or gallery
,The Metropolitan Museum of Art,,-73.9634178,40.7793968,1000 5th Avenue,https://www.metmuseum.org/,OpenStreetMap,relation/3698894,Design-related museum or gallery
,The Morgan Library & Museum,,-73.9814652,40.7492685,225 Madison Avenue,https://www.themorgan.org/,OpenStreetMap,node/4462440249,Design-related museum or gallery
,The Museum at FIT,,-73.9941473,40.7466544,,https://www.fitnyc.edu/museum.asp,OpenStreetMap,node/3623620317,Design-related museum or gallery
,The New School,,-73.9922363,40.7367924,6 East 16th Street,,OpenStreetMap,node/2259028668,Design-related college or university
,The New School,,-73.9970808,40.7354657,66 West 12th Street,,OpenStreetMap,way/250072761,Design-related college or university
,The New School,,-73.9943376,40.7355761,72 5th Avenue,,OpenStreetMap,way/250471892,Design-related college or university
,The New School,,-73.9973507,40.7354236,,,OpenStreetMap,way/781397741,Design-related college or university
,The New School,,-73.9963215,40.7365835,,,OpenStreetMap,way/781429144,Design-related college or university
,The New School,,-73.9922981,40.7369307,,,OpenStreetMap,way/781432807,Design-related college or university
,The New School Arnold Hall,,-73.9964883,40.7365785,55 West 13th Street,,OpenStreetMap,way/250471890,Design-related college or university
,The New School University Center,,-73.9934962,40.7354952,65 5th Avenue,,OpenStreetMap,way/377077898,Design-related college or university
,The New York Distilling Company,,-73.9487299,40.7185465,,,OpenStreetMap,node/4665844148,Requires manual review
,The New York Foundation,,-74.0014567,40.7267604,,,OpenStreetMap,node/5071908199,OpenStreetMap arts-centre tag
,The New York Society Library,,-73.9614511,40.776333,53 East 79th Street,https://www.nysoclib.org,OpenStreetMap,way/266928744,Requires manual review
,The Noguchi Museum,,-73.9377901,40.7668672,9-01 33rd Road,https://www.noguchi.org/,OpenStreetMap,way/383689939,Design-related museum or gallery
,The Old American Can Factory,,-73.9878526,40.6748373,232 3rd Street,https://thecanfactory.org,OpenStreetMap,node/5642678606,OpenStreetMap arts-centre tag
,The Organic Gardener,,-73.9959804,40.6603019,,https://www.organicgardenernyc.com,OpenStreetMap,node/6874194977,Requires manual review
,The Painted Pot,,-73.9801045,40.6771965,,https://www.paintedpot.com,OpenStreetMap,node/2550057146,OpenStreetMap craft/workshop tag
,The Painting Center,,-74.0043977,40.7512854,547 West 27th Street,https://www.thepaintingcenter.org,OpenStreetMap,node/10860703827,Requires manual review
,The Palace,,-73.9782321,40.6350582,770 McDonald Avenue,,OpenStreetMap,node/5229541227,Requires manual review
,The Palace,,-73.9782426,40.6350178,770 McDonald Avenue,,OpenStreetMap,node/5747283269,Requires manual review
,The Peter Houseman House,,-74.1356858,40.6160703,,,OpenStreetMap,node/10289645009,Requires manual review
,The Poetry Society of America,,-73.9896614,40.6876944,,https://poetrysociety.org,OpenStreetMap,node/6307293913,Requires manual review
,The Porterhouse at Fraunces Tavern,,-74.0111734,40.7033997,58 Pearl Street,,OpenStreetMap,way/278053516,Requires manual review
,The Pottery Studio,,-73.9958258,40.6739195,43C 9th Street,https://thepotterystudio.com/pages/brooklyn,OpenStreetMap,node/6433148367,OpenStreetMap craft/workshop tag
,The Press Shop,,-73.9955434,40.726242,74 Bleecker Street,https://thepressshopnyc.com/,OpenStreetMap,node/5792264307,Requires manual review
,The Print Room,,-74.0049073,40.7179792,89 Franklin Street,,OpenStreetMap,node/5265714964,Requires manual review
,The Puffin Foundation,,-73.9808847,40.6755538,,https://www.puffinfoundation.org/puffin-brooklyn,OpenStreetMap,node/5506774612,OpenStreetMap arts-centre tag
,The Red Hook Winery,,-74.0190377,40.676749,175 Van Dyke Street,https://www.redhookwinery.com,OpenStreetMap,node/6818236370,Requires manual review
,The Renee and Chaim Gross Foundation,,-73.99882,40.7284684,526 Laguardia Place,https://www.rcgrossfoundation.org/,OpenStreetMap,node/5509996164,Requires manual review
,The Robert Blackburn Printmaking Workshop (RBPMW),,-73.9923501,40.7559814,323 West 39th Street,https://www.rbpmw-efanyc.org/,OpenStreetMap,node/3450858390,OpenStreetMap arts-centre tag
,The Robotic Church,,-74.0105003,40.6783566,,https://amorphicrobotworks.org/the-robotic-church,OpenStreetMap,node/6572186518,OpenStreetMap arts-centre tag
,The Rudin Family Gallery,,-73.9789276,40.6882524,653 Fulton Street,https://www.bam.org/visit#The-Rudin-Family-Gallery,OpenStreetMap,node/2572920398,Requires manual review
,The Sara Domb Youth Center,,-73.7791564,40.7244836,83-10 188th Street,https://www.yije.org/youth-department/,OpenStreetMap,node/14018940899,Requires manual review
,The Scott-Edwards House,,-74.1235347,40.6288275,752 Delafield Avenue,,OpenStreetMap,way/245571083,Requires manual review
,The Shed,,-74.0027134,40.7532777,545 West 30th Street,https://theshed.org/,OpenStreetMap,way/681503639,OpenStreetMap arts-centre tag
,The Studio Museum In Harlem,,-73.947616,40.8084179,144 West 125th Street,https://studiomuseum.org/,OpenStreetMap,node/5420936939,Design-related museum or gallery
,The Test Brewery,,-73.9579248,40.7144461,,https://www.thetestbrewery.com/,OpenStreetMap,node/4320114930,Requires manual review
,The Trust for Governors Island,,-74.0159869,40.6927288,,https://www.govisland.com/about/the-trust-for-governors-island,OpenStreetMap,node/4080363530,Requires manual review
,The Ukrainian Museum,,-73.9897653,40.7276617,222 East 6th Street,https://www.theukrainianmuseum.org/,OpenStreetMap,way/241833272,Design-related museum or gallery
,The Voelker Orth Museum,,-73.8161927,40.7647162,149-19 38th Avenue,https://www.vomuseum.org/,OpenStreetMap,way/1113221250,Design-related museum or gallery
,The Waterfront Museum,,-74.018312,40.6752349,290 Conover Street,https://waterfrontmuseum.org,OpenStreetMap,way/382183589,Design-related museum or gallery
,The Wizard of Art,,-74.1471226,40.5433602,,,OpenStreetMap,node/12694650526,OpenStreetMap arts-centre tag
,The Yale Club of New York City,,-73.9775214,40.7540122,50 Vanderbilt Avenue,,OpenStreetMap,way/266010430,Requires manual review
,The Yankees Museum,,-73.9258934,40.8285709,,https://www.mlb.com/yankees/ballpark/tours/museum,OpenStreetMap,node/2611640871,Design-related museum or gallery
,Theater Breaking Through Barriers Corp.,,-73.992636,40.759302,"400 West 43rd Street, New York, 10036",,NYC DCLA,dcla-row-2267,Requires manual review
,Theater et al,,-73.936939,40.755808,"38-33 24th Street, Long Island City, 11101",,NYC DCLA,dcla-row-2268,Requires manual review
,"Theater for the New City Foundation, Inc.",,-73.984634,40.728505,"155 First Avenue, New York, 10003",,NYC DCLA,dcla-row-2270,Requires manual review
,"Theater Garden, Ltd.",,-73.974483,40.656711,"304 Windsor Place, Brooklyn, 11218",,NYC DCLA,dcla-row-2271,Requires manual review
,"Theater Labrador, Inc.",,-74.011559,40.704215,"85 Broad Street, New York, 10004",,NYC DCLA,dcla-row-2272,Requires manual review
,"Theater Mitu, Inc.",,-73.985806,40.679286,"580 Sackett Street, Brooklyn, 11217",,NYC DCLA,dcla-row-2273,Requires manual review
,Theater Resources Unlimited,,-73.986753,40.754707,"1441 Broadway, New York, 10018",,NYC DCLA,dcla-row-2274,Requires manual review
,"Theater Talk Productions, Inc.",,-73.998734,40.721304,"426 Broome Street, New York, 10013",,NYC DCLA,dcla-row-2275,Requires manual review
,"TheaterTweed, Inc.",,-74.004352,40.733529,"332 Bleecker Street, #G-36, New York, 10014",,NYC DCLA,dcla-row-2277,Requires manual review
,"Theatre Communications Group, Inc.",,-73.992417,40.753612,"520 8th Ave, New York, 10018",,NYC DCLA,dcla-row-2279,Requires manual review
,"Theatre Development Fund, Inc.",,-73.992417,40.753612,"520 Eighth Avenue, Suite 801, New York, 10018",,NYC DCLA,dcla-row-2280,Requires manual review
,Theatre East,,-73.94438,40.748914,"44-02 23rd St, Long Island City, 11101",,NYC DCLA,dcla-row-2281,Requires manual review
,Theatre for a New Audience,,-74.008129,40.73273,"154 Christopher Street, Suite 3D, New York, 10014",,NYC DCLA,dcla-row-2282,Requires manual review
,"Theatre Lab, Inc.",,-73.994077,40.754151,"357 W 36th St., New York, 10018",,NYC DCLA,dcla-row-2283,Requires manual review
,"Theatre Now New York, Inc.",,-73.992417,40.753612,"520 8th Ave, New York, 10018",,NYC DCLA,dcla-row-2286,Requires manual review
,"Theatre of the Emerging American Moment, Inc.",,-73.973221,40.685073,"138 S. Oxford Street, New York, 11217",,NYC DCLA,dcla-row-2287,Requires manual review
,Theatre of the Oppressed NYC,,-73.987709,40.76007,"758 Eighth Avenue, New York, 10036",,NYC DCLA,dcla-row-2288,Requires manual review
,"Theatre Rehabilitation for Youth, Inc.",,-74.165082,40.621298,"58 Farragut Avenue, New York, 10303",,NYC DCLA,dcla-row-2289,Requires manual review
,"Theatre-Studio, Inc.",,-73.984829,40.740418,"123 East 24th Street, New York, 10010",,NYC DCLA,dcla-row-2290,Requires manual review
,"TheatreMoves, Inc.",,-73.977419,40.723484,"275 East 7th Street #4, New York, 10009",,NYC DCLA,dcla-row-2284,Requires manual review
,Theatreworks/USA Corp.,,-73.991678,40.747327,"158 West 29th Street, New York, 10001",,NYC DCLA,dcla-row-2291,Requires manual review
,"Theatron, Inc.",,-73.920086,40.758978,"32-15 38th Street, Long Island City, 11103",,NYC DCLA,dcla-row-2292,Requires manual review
,Thelma Hill Performing Arts Center,,-73.940492,40.677156,"1525 Pacific St, Brooklyn, 11213",,NYC DCLA,dcla-row-2293,Requires manual review
,Theresa Byrnes,,-73.9795215,40.7258135,616 East 9th Street,http://www.theresabyrnes.com/,OpenStreetMap,node/6225327081,Requires manual review
,Thermal Comfort Mechanical Corp.,,-74.120229,40.5719421,,,OpenStreetMap,node/13145929724,Requires manual review
,Thomas Erben Gallery,,-74.0041571,40.7499597,526 West 26th Street,https://www.thomaserben.com,OpenStreetMap,node/10861434358,Requires manual review
,Thomas Iron Works Inc.,,-74.1317442,40.6392436,,,OpenStreetMap,node/12990538055,Requires manual review
,Threes Brewing,,-73.9821529,40.6798144,333 Douglass Street,https://threesbrewing.com/pages/gowanus,OpenStreetMap,node/5487146978,Requires manual review
,Thresh Inc,,-73.952622,40.766385,"521 E 72nd Street, New York, 10021",,NYC DCLA,dcla-row-2296,Requires manual review
,"Threshold Dance Projects, Inc.",,-73.992636,40.759302,"400 West 43rd Street, New York, 10036",,NYC DCLA,dcla-row-2297,Requires manual review
,Throg's Neck Library,,-73.8190789,40.8228997,3025 Cross Bronx Expressway Service Road,https://www.nypl.org/locations/throgs-neck,OpenStreetMap,way/282117785,Requires manual review
,Tickle the Sleeping Giant,,-73.987401,40.728956,"140 2nd Avenue, New York, 10003",,NYC DCLA,dcla-row-2298,Requires manual review
,"Tiger Strikes Asteroid, Inc.",,-73.921062,40.706025,"1329 Willoughby Ave, Brooklyn, 11237",,NYC DCLA,dcla-row-2299,Requires manual review
,Time 2 Repair,,-74.1653312,40.5829666,,,OpenStreetMap,way/904169993,Requires manual review
,Time In Children's Arts Initiative,,-73.993857,40.748263,"227 West 29th St., New York, 10001",,NYC DCLA,dcla-row-2300,Requires manual review
,Times Square District Management Association,,-73.984843,40.75886,"1560 Broadway, Suite 1001, New York, 10036",,NYC DCLA,dcla-row-2301,Requires manual review
,Tina Kim Gallery,,-74.0063448,40.7470553,525 West 21st Street,https://www.tinakimgallery.com,OpenStreetMap,node/10873196735,Requires manual review
,"Tiny Little Band, Inc.",,-73.922885,40.686395,"858 Jefferson Ave., Brooklyn, 11221",,NYC DCLA,dcla-row-2302,Requires manual review
,Titan Productions Incorporated,,-73.928269,40.768955,"21-12 30th Road, Astoria, 11102",,NYC DCLA,dcla-row-2303,Requires manual review
,Tivuna Systems,,-74.0239248,40.6461375,,,OpenStreetMap,node/9765598826,Requires manual review
,Todt Hill-Westerleigh Library,,-74.1485028,40.609573,2550 Victory Boulevard,https://www.nypl.org/locations/todt-hill-westerleigh,OpenStreetMap,way/247425238,Requires manual review
,"Together in Dance, Inc.",,-73.929345,40.752021,"34-18 Northern Blvd, Long Island City, 11101",,NYC DCLA,dcla-row-2304,Requires manual review
,Tompkins Square Bagels,,-73.9821791,40.7281762,165 Avenue A,https://www.tompkinssquarebagels.com/,OpenStreetMap,node/4300438090,Requires manual review
,Tompkins Square Library,,-73.9804099,40.7273015,331 East 10th Street,https://www.nypl.org/locations/tompkins-square,OpenStreetMap,way/249657819,Requires manual review
,"TonalMotion, Inc.",,-74.004419,40.657464,"882 Third Avenue, Brooklyn, 11232",,NYC DCLA,dcla-row-2305,Requires manual review
,Tong Xiao Ling Chinese Opera Ensemble,,-73.966259,40.791439,"30 West 95th Street, New York, 10025",,NYC DCLA,dcla-row-2306,Requires manual review
,Tony Signs,,-74.076025,40.632227,,,OpenStreetMap,node/13040315359,Requires manual review
,Top Aluminum,,-73.9997369,40.6612221,757 3rd Avenue,,OpenStreetMap,way/249606610,Requires manual review
,"Topaz Arts, Inc.",,-73.907867,40.748561,"55-03 39th Avenue, Woodside, 11377",,NYC DCLA,dcla-row-2307,Requires manual review
,Topical Cream,,-73.996641,40.7256,"611 Broadway, New York, 10012",,NYC DCLA,dcla-row-2308,Requires manual review
,"Torkomada, Inc.",,-74.02636,40.62771,"7920 4th Ave, Brooklyn, 11209",,NYC DCLA,dcla-row-2309,Requires manual review
,Tornquist Plumbing,,-74.1783266,40.541674,,,OpenStreetMap,node/6699677000,Requires manual review
,Torpedo Iron Works,,-73.8993324,40.7041826,60-20 68th Avenue,,OpenStreetMap,node/5443889417,Requires manual review
,"TOSOS II, Inc.",,-73.992589,40.763565,"688 10th Ave, New York, 10019",,NYC DCLA,dcla-row-2310,Requires manual review
,Tottenville Library,,-74.2441069,40.5095336,7430 Amboy Road,https://www.nypl.org/locations/tottenville,OpenStreetMap,way/246724627,Requires manual review
,Touro College,,-73.9621683,40.606913,946 Kings Highway,,OpenStreetMap,node/2287666020,Requires manual review
,Touro College,,-73.995675,40.7505364,320 West 31st Street,https://www.touro.edu/,OpenStreetMap,node/2407444755,Requires manual review
,Town Hall Civic Association of Springfield Gardens,,-73.7676416,40.671216,172-17 140th Avenue,,OpenStreetMap,node/5859842107,Requires manual review
,"Town Hall Foundation, Inc.",,-73.984382,40.755843,"123 West 43rd Street, New York, 10036",,NYC DCLA,dcla-row-2311,Requires manual review
,"Town Square, Inc.",,-73.956705,40.727798,"102 Oak Street, Brooklyn, 11222",,NYC DCLA,dcla-row-2312,Requires manual review
,Towne Deli & Pizzeria,,-74.2480399,40.513459,5373 Arthur Kill Road,https://www.townedelipizzasi.com/,OpenStreetMap,node/7776323243,Requires manual review
,Toy Museum of New York,,-74.002629,40.685158,"205 Columbia St, BROOKLYN, 11231",,NYC DCLA,dcla-row-2313,Design-related name in DCLA Museum discipline
,Traditions Unlimited LTD,,-73.961614,40.64179,"385 E. 18th St., Brooklyn, 11226",,NYC DCLA,dcla-row-2315,Requires manual review
,Trail Blazer Camps,,-73.961739,40.662162,"495a Flatbush Avenue, Brooklyn, 11225",,NYC DCLA,dcla-row-2316,Requires manual review
,TRANSBORDERART INC,,-73.940905,40.749011,"42-47 27 street, Long Island City, 11101",,NYC DCLA,dcla-row-2317,Requires manual review
,Transfer Gallery,,-73.93498,40.7142739,1030 Metropolitan Avenue,https://transfergallery.org,OpenStreetMap,node/6343168139,Requires manual review
,"Transforma Theatre, Inc.",,-73.965619,40.757736,"316 E 55th St, New York, 10022",,NYC DCLA,dcla-row-2318,Requires manual review
,Transmitter Brewing,,-73.952635,40.7401149,53-02 11th Street,https://www.transmitterbrewing.com/,OpenStreetMap,node/3205304017,Requires manual review
,Transmitter Brewing,,-73.9710556,40.6989418,,https://www.transmitterbrewing.com,OpenStreetMap,node/6573662328,Requires manual review
,Transnational Villages Network / Red de Pueblos Trasnacionales,,-73.920041,40.814504,"366 East 146th street, New York City, 10455",,NYC DCLA,dcla-row-2319,Requires manual review
,Transport Group,,-73.992417,40.753612,"520 8th Avenue, New York, 10018",,NYC DCLA,dcla-row-2320,Requires manual review
,Transportation Museum,,-74.1449463,40.571383,279 Center Street,,OpenStreetMap,way/248268420,Design-related museum or gallery
,"Travelled Rhodes International Sculptor Arts Garden, Inc.",,-73.955347,40.685663,"290-292 Gates Avenue, Brooklyn, 11216",,NYC DCLA,dcla-row-2321,Requires manual review
,"Treehouse Shakers, Inc.",,-73.979952,40.760023,"Radio City Station, New York, 10101",,NYC DCLA,dcla-row-2322,Requires manual review
,Tremont Library,,-73.8983507,40.8460453,1866 Washington Avenue,https://www.nypl.org/locations/tremont,OpenStreetMap,way/276060937,Requires manual review
,Trestle Gallery,,-74.003327,40.658518,"850 3rd Ave, Brooklyn, 11232",,NYC DCLA,dcla-row-2323,Requires manual review
,Tri-Star Plumbing & Heating Corp.,,-74.1556052,40.6367266,,,OpenStreetMap,node/13050292776,Requires manual review
,Tri-TryAgain,,-73.9049962,40.6963471,981 Wyckoff Avenue,https://tri-tryagain.com,OpenStreetMap,node/6555764234,OpenStreetMap arts-centre tag
,"TRI314 Multidisciplinary Visual Performances, INC.",,-73.940063,40.688936,"545 Lexington Ave, Brooklyn, 11221",,NYC DCLA,dcla-row-2324,Requires manual review
,Triangle Arts Association,,-73.9868254,40.7042022,20 Jay Street,https://www.triangleartsnyc.org/,OpenStreetMap,node/5562886493,OpenStreetMap arts-centre tag
,Triangle Arts Association,,-73.986587,40.704313,"20 JAY ST, New York, 11201",,NYC DCLA,dcla-row-2325,Design-related name in DCLA Visual Arts discipline
,"Tribeca Film Institute, Inc.",,-74.005184,40.72008,"32 Avenue of the Americas, New York, 10013",,NYC DCLA,dcla-row-2326,Requires manual review
,"Tribeca New Music, Inc.",,-73.954644,40.823232,"640 West 139th Street, New York, 10031",,NYC DCLA,dcla-row-2327,Requires manual review
,"TribecArts, Inc.",,-74.013706,40.707731,"88 Greenwich St, New York, 10006",,NYC DCLA,dcla-row-2328,Requires manual review
,Trilogy Photo,,-74.0082039,40.7151688,111 Chambers Street,,OpenStreetMap,node/11079239443,Requires manual review
,"Trilok Fusion Arts, Inc.",,-73.967956,40.693841,"143 Waverly Ave, Brooklyn, 11205",,NYC DCLA,dcla-row-2330,Requires manual review
,"Trisha Brown Company, Inc.",,-73.991882,40.755638,"315 W 39th St, New York, 10018",,NYC DCLA,dcla-row-2331,Requires manual review
,Triskelion Arts,,-73.9565605,40.7269717,106 Calyer Street,https://www.triskelionarts.org/,OpenStreetMap,node/10988277105,OpenStreetMap arts-centre tag
,"Triskelion Arts - Kick/StanDance, Inc.",,-73.956507,40.727098,"106 Calyer Street, Brooklyn, 11222",,NYC DCLA,dcla-row-2332,Requires manual review
,"Tropicalfete, Inc.",,-73.946918,40.653104,"850 New York Avenue, Brooklyn, 11203",,NYC DCLA,dcla-row-2333,Requires manual review
,trotter&sholer,,-73.9850348,40.7208132,168 Suffolk Street,,OpenStreetMap,node/9941138673,Requires manual review
,True Expression,,-73.8693368,40.7338564,91-20 59th Avenue,https://trueexpressionstudio.com/,OpenStreetMap,node/5986291047,Requires manual review
,True Value,,-73.9913974,40.691327,,https://ww3.truevalue.com/brunoshomecenter/,OpenStreetMap,node/2523619689,OpenStreetMap craft/workshop tag
,Trustees of Columbia University in the City of New York,,-73.963411,40.808021,"Miller Theatre at Columbia University, New York, 10027",,NYC DCLA,dcla-row-2334,Requires manual review
,Tug Pegasus Preservation Project,,-74.011107,40.714821,"83 Murray Street, New York, 10007",,NYC DCLA,dcla-row-2335,Requires manual review
,"Tung Ching Chinese Center for the Arts, Inc.",,-73.87322,40.737256,"54-17 90th street, elmhurst, 11373",,NYC DCLA,dcla-row-2336,Requires manual review
,Tunnel to Towers Foundation,,-74.1071718,40.5736243,,,OpenStreetMap,node/12677429753,Requires manual review
,Turkish Islamic Cultural Center,,-73.9186111,40.7463889,,,OpenStreetMap,node/368045827,OpenStreetMap arts-centre tag
,"Twin Lions, Inc.",,-73.971208,40.795417,"2576 Broadway, New York, 10025",,NYC DCLA,dcla-row-2337,Requires manual review
,"Two Bridges Neighborhood Council, Inc.",,-73.989871,40.710632,"80 Rutgers Slip, New York, 10002",,NYC DCLA,dcla-row-2338,Requires manual review
,Two Chairs Inc,,-73.996931,40.694779,"39 Remsen Street, Brooklyn, 11201",,NYC DCLA,dcla-row-2339,Requires manual review
,Two Point Eight Imaging,,-73.962276,40.6962667,371 Park Avenue,https://www.twopoint8.com,OpenStreetMap,node/2568198148,Requires manual review
,uBreakiFix,,-73.9939204,40.7311009,46 East 8th Street,,OpenStreetMap,node/2547162245,Requires manual review
,uBreakiFix,,-73.9858599,40.7180717,160 Delancey Street,https://www.ubreakifix.com/locations/lowereastside,OpenStreetMap,node/2826715688,Requires manual review
,uBreakiFix,,-73.9709766,40.7941386,202 West 96th Street,https://www.ubreakifix.com/locations/upperwestside,OpenStreetMap,node/11517777937,Requires manual review
,uBreakiFix,,-73.8360253,40.7864268,13207 14th Avenue,https://www.ubreakifix.com/locations/collegepoint,OpenStreetMap,node/13058853691,Requires manual review
,uBreakiFix,,-73.7703537,40.7619552,42-28 Bell Boulevard,https://www.ubreakifix.com/locations/bayside,OpenStreetMap,node/13058922638,Requires manual review
,"UBW, Inc.",,-73.973221,40.685073,"138 South Oxford Street, Brooklyn, 11217",,NYC DCLA,dcla-row-2340,Requires manual review
,Ugly Duckling Presse,,-73.987671,40.674909,"232 Third Street, E303, Brooklyn, 11215",,NYC DCLA,dcla-row-2342,Requires manual review
,"Ujamaa Black Theater, Inc.",,-73.989731,40.758081,"300 west 43rd street, new york, 10036",,NYC DCLA,dcla-row-2343,Requires manual review
,Ukrainian Museum,,-73.989642,40.72785,"222 East 6th Street, New York, 10003",,NYC DCLA,dcla-row-2345,Design-related name in DCLA Museum discipline
,Ukrainian New Wave Corporation,,-73.976953,40.6013,"228 Ave. S, Brooklyn, 11223",,NYC DCLA,dcla-row-2346,Requires manual review
,Ulrik Gallery,,-74.0061805,40.7439372,453 West 17th Street,https://ulrik.nyc,OpenStreetMap,node/10873303785,Requires manual review
,"Uncle Yao's Chorus, Inc.",,-73.750968,40.774969,"140-39 35 Ave.  #4R, Flushing, 11354",,NYC DCLA,dcla-row-2347,Requires manual review
,Under Minerva,,-73.9925617,40.6623816,,https://www.under-minerva.com,OpenStreetMap,node/6551363301,Requires manual review
,Undercurrent,,-73.9854495,40.704266,70 John Street,https://undercurrent.nyc,OpenStreetMap,node/6632318536,OpenStreetMap arts-centre tag
,Underdonk,,-73.9210802,40.7062613,1329 Willoughby Avenue,,OpenStreetMap,node/6640583233,Requires manual review
,Underground Development Foundation,,-73.987298,40.720291,"140 Essex Street, New York, 10002",,NYC DCLA,dcla-row-2348,Requires manual review
,Underpenny Museum Antique & Collectables,,-73.9533895,40.7427467,,,OpenStreetMap,node/5721477303,Design-related museum or gallery
,Underworld Productions Opera Ensemble,,-73.917635,40.8698,"10 Park Terrace East  Suite 4-C, New York, 10034",,NYC DCLA,dcla-row-2349,Requires manual review
,"Undiscovered Works, Inc.",,-73.94006,40.833669,"463 West 159th Street, New York, 10032",,NYC DCLA,dcla-row-2350,Requires manual review
,Unheard-of Ensemble,,-73.949213,40.654189,"300 Lenox Road 3E, Brooklyn, 11226",,NYC DCLA,dcla-row-2351,Requires manual review
,Union Square Supply,,-73.9901287,40.7331918,130 4th Avenue,,OpenStreetMap,node/2547193350,OpenStreetMap craft/workshop tag
,Union Theological Seminary,,-73.9621224,40.8114356,,https://utsnyc.edu/,OpenStreetMap,way/137338868,Requires manual review
,"UNIONDOCS, Inc.",,-73.914812,40.708466,"352 Onderdonk Ave., Ridgewood, 11385",,NYC DCLA,dcla-row-2352,Requires manual review
,United Activities Unlimited,,-74.0771844,40.6310311,,,OpenStreetMap,node/13071217010,Requires manual review
,United Haitian Association of USA,,-73.937767,40.641609,"4114 Avenue D, Brooklyn, 11203",,NYC DCLA,dcla-row-2353,Requires manual review
,United Network for Early Childhood Education,,-74.1474574,40.6238225,,,OpenStreetMap,node/10759516703,Requires manual review
,United Palace of Cultural Arts,,-73.938407,40.846299,"4140 Broadway, New York, 10033",,NYC DCLA,dcla-row-2354,Requires manual review
,"United Photo Industries, Inc.",,-73.986587,40.704313,"20 Jay St, Brooklyn, 11201",,NYC DCLA,dcla-row-2355,Requires manual review
,"United Senior Citizen of Sunset Park,Inc",,-74.012767,40.64386,"475 53rd Street, Brooklyn, 11220",,NYC DCLA,dcla-row-2356,Requires manual review
,United Sherpa Association (USA) Inc.,,-73.890117,40.744999,"41-01 75th St, Elmhurst, 11373",,NYC DCLA,dcla-row-2357,Requires manual review
,United States Sierra Leonean Association,,-74.081105,40.616535,"141 Park Hill Avenue, Staten Island,, 10304",,NYC DCLA,dcla-row-2359,Requires manual review
,United Steel & Iron,,-73.9921406,40.6709004,194 10th Street,,OpenStreetMap,way/248171290,Requires manual review
,Unity International Group,,-73.7945051,40.7352269,,,OpenStreetMap,node/11293916624,Requires manual review
,"Unity Stage Company, Inc.",,-73.917565,40.748758,"39-21 46 Street, Sunnyside, 11104",,NYC DCLA,dcla-row-2360,Requires manual review
,"Universal Communications Network, Inc.",,-73.994348,40.747665,"229W 28th Street Suite 1200, New York, 10001",,NYC DCLA,dcla-row-2361,Requires manual review
,Universal Hip Hop Museum,,-73.9302533,40.8226552,,https://uhhm.org,OpenStreetMap,node/10291573910,Design-related museum or gallery
,Universal Hip Hop Museum,,-73.930541,40.819951,"585 Exterior St, Bronx, 10451",,NYC DCLA,dcla-row-2362,Design-related name in DCLA Museum discipline
,Universal Temple of the Arts,,-74.0872928,40.6380256,,,OpenStreetMap,node/13065604027,OpenStreetMap arts-centre tag
,"Universal Temple of the Arts, Inc.",,-74.08744,40.638082,"425 Jersey Street, New York, 10301",,NYC DCLA,dcla-row-2363,Requires manual review
,University Settlement Society of New York,,-73.990674,40.720653,"184 Eldridge Street, New York, 10002",,NYC DCLA,dcla-row-2365,Requires manual review
,Unix Gallery,,-74.0048372,40.7487261,520 West 24th Street,https://www.unixgallery.com,OpenStreetMap,node/10859974166,Requires manual review
,"UnLocal, Inc.",,-73.989043,40.746237,"45 West 29th Street, New York, 10001",,NYC DCLA,dcla-row-2366,Requires manual review
,Untitled Theater Company #61,,-73.971429,40.79363,"215 W. 95th St, Apt 11G, New York, 10025",,NYC DCLA,dcla-row-2367,Requires manual review
,"UP Theater Company, Inc.",,-73.922862,40.868097,"60 Cooper Street, New York, 10034",,NYC DCLA,dcla-row-2369,Requires manual review
,"UpBeat NYC, Inc.",,-73.925727,40.811206,"287 East 139th Street, Bronx, 10454",,NYC DCLA,dcla-row-2368,Requires manual review
,Upper Deck Screen Printing & Embroidery,,-74.0181506,40.6377741,6302 5th Avenue,,OpenStreetMap,node/2561668321,OpenStreetMap craft/workshop tag
,"Uptown Dance Academy, Inc.",,-73.940906,40.791664,"309 E 108th Street, New York, 10029",,NYC DCLA,dcla-row-2370,Requires manual review
,Uptown Grand Central,,-73.940019,40.806617,"1974 Madison Avenue, New York, 10035",,NYC DCLA,dcla-row-2371,Requires manual review
,Uptown Stories,,-73.934144,40.855958,"178 Bennett Avenue, New York, 10040",,NYC DCLA,dcla-row-2372,Requires manual review
,Urban Aborists,,-74.0068671,40.6822974,,https://www.urbanarb.com,OpenStreetMap,node/2827518435,Requires manual review
,"Urban Archive, Inc.",,-73.9937,40.691633,"162 Clinton Street, Brooklyn, 11201",,NYC DCLA,dcla-row-2373,Requires manual review
,Urban Arts Partnership,,-73.992725,40.739666,"39 West 19th Street, New York, 10011",,NYC DCLA,dcla-row-2374,Requires manual review
,Urban Ballet Theater,,-73.962276,40.795648,"5 West 102nd Street, New York, 10025",,NYC DCLA,dcla-row-2375,Requires manual review
,Urban Glass,,-73.9791712,40.6885885,647 Fulton Street,https://urbanglass.org,OpenStreetMap,node/5960289932,OpenStreetMap arts-centre tag
,Urban Justice Center - Safety Net Project,,-73.9202122,40.8305116,1020 Grand Concourse,https://snp.urbanjustice.org/,OpenStreetMap,node/12762958966,Requires manual review
,"UrbanGlass: New York Contemporary Glass Center, Inc.",,-73.979212,40.688236,"647 Fulton St, Brooklyn, 11217",,NYC DCLA,dcla-row-2377,Requires manual review
,Urbanworld Foundation Inc.,,-74.001559,40.73219,"174 West 4th Street, #119, New York, 11014",,NYC DCLA,dcla-row-2379,Requires manual review
,"Urzone, Inc.",,-73.975194,40.653912,"633 Vanderbilt St, Brooklyn, 11218",,NYC DCLA,dcla-row-2380,Requires manual review
,USA Bangladesh Organization INC,,-73.942312,40.798906,"122 E 116th Street, NYC, 10029",,NYC DCLA,dcla-row-2381,Requires manual review
,USA Locksmith Service,,-73.956577,40.7715831,1463 2nd Avenue,https://usalocksmithinc.com/,OpenStreetMap,node/13949660565,Requires manual review
,USA Mali Charitable Association,,-73.922912,40.858998,"3716 10th Ave, New York, 10034",,NYC DCLA,dcla-row-2382,Requires manual review
,V & P Attitude,,-73.989701,40.6441602,3708 Fort Hamilton Parkway,,OpenStreetMap,way/249623320,Requires manual review
,Valentine Gallery,,-73.9082034,40.7065223,581 Woodward Avenue,,OpenStreetMap,node/5556890746,Requires manual review
,Valentino Food Market,,-73.8973261,40.706884,66-64 Fresh Pond Road,https://valentinofoodmarketridgewood.com/,OpenStreetMap,node/6255248421,Requires manual review
,"Vampire Cowboys, Inc.",,-73.985756,40.724636,"170 East 4th Street #4H, Brooklyn, 11218",,NYC DCLA,dcla-row-2384,Requires manual review
,Van Alen Institute,,-73.9892323,40.6800476,303 Bond Street,https://www.vanalen.org,OpenStreetMap,way/248166724,Requires manual review
,Van Alen Institute: Projects in Public Architecture,,-73.989451,40.680088,"303 Bond St, Brooklyn, 11231",,NYC DCLA,dcla-row-2385,DCLA Architecture/Design discipline
,Van Brunt Stillhouse,,-74.0100877,40.6737176,6 Bay Street,https://www.vanbruntstillhouse.com,OpenStreetMap,node/4335428452,Requires manual review
,Van Cortlandt Library,,-73.8944922,40.8836244,3882 Cannon Place,,OpenStreetMap,way/276352183,Requires manual review
,"Van Cortlandt Park Alliance, Inc.",,-73.889991,40.884706,"80 Van Cortlandt Park South, New York, 10463",,NYC DCLA,dcla-row-2386,Requires manual review
,Van Nest Library,,-73.8641453,40.8548756,2147 Barnes Avenue,https://www.nypl.org/locations/van-nest,OpenStreetMap,way/281726839,Requires manual review
,Vandervoort Studio,,-73.9345929,40.7159651,309 Vandervoort Avenue,https://www.vandervoortstudio.com,OpenStreetMap,node/12889225103,OpenStreetMap craft/workshop tag
,"Vangeline Theater, Inc.",,-73.916727,40.700345,"240 Irving Avenue, Brooklyn, 11237",,NYC DCLA,dcla-row-2387,Requires manual review
,Vanity Fair French Cleaners & Tailors,,-73.9814333,40.7415348,376 3rd Avenue,,OpenStreetMap,node/2704131525,Requires manual review
,"Variations Theatre Group, Inc.",,-73.9932,40.753755,"312 W. 36th Street, 3rd & 4th Floor, New York City, 10018",,NYC DCLA,dcla-row-2388,Requires manual review
,"Variety Boys & Girls Club of Queens, Inc.",,-73.928269,40.768955,"21-12 30th Road, Astoria, 11102",,NYC DCLA,dcla-row-2389,Requires manual review
,Vector Gallery,,-73.93649,40.7131304,951 Grand Street,https://vectorgallery.com/,OpenStreetMap,node/6242155761,Design-related museum or gallery
,Venchy Couture,,-73.9902308,40.6607603,,https://venchycouture.com,OpenStreetMap,node/6037820262,Requires manual review
,Vere Electric,,-73.9547313,40.6726887,726 Sterling Place,,OpenStreetMap,node/1827182560,Requires manual review
,Vermont Family Christmas Trees,,-73.9805,40.6684357,,,OpenStreetMap,node/12421324301,Requires manual review
,Verrazano Foundation,,-74.079153,40.579965,"777 Seaview Avenue, Staten Island, 10305",,NYC DCLA,dcla-row-2390,Requires manual review
,Versailles,,-73.8652201,40.7276359,Austin Street,,OpenStreetMap,node/12739961491,Requires manual review
,"Vertical Player Repertory, Ltd.",,-73.993863,40.686566,"219 Court Street, NY, 11201",,NYC DCLA,dcla-row-2391,Requires manual review
,Verysweetlife Studio,,-73.9810635,40.6836591,320 Dean Street,https://www.verysweetlifestudio.com,OpenStreetMap,node/6883726076,OpenStreetMap arts-centre tag
,VF Tailor Shop Dry Cleaner,,-74.0017636,40.6565622,,,OpenStreetMap,node/6983738235,Requires manual review
,"viBe Theater Experience, Inc.",,-73.973221,40.685073,"138 S Oxford St, Brooklyn, 11217",,NYC DCLA,dcla-row-2392,Requires manual review
,VICNY Iron Work,,-74.1202377,40.6376927,,,OpenStreetMap,node/13191522522,Requires manual review
,"Victory Music & Dance Company, Inc.",,-73.909655,40.662435,"220 Livonia Ave, Brooklyn, 11212",,NYC DCLA,dcla-row-2393,Requires manual review
,Vigilante,,-73.9874928,40.6817947,195 Douglass Street,,OpenStreetMap,way/248166460,Requires manual review
,Villa Russo,,-73.8259987,40.6895255,101-12 Lefferts Boulevard,,OpenStreetMap,node/5406249570,Requires manual review
,Village Plumbing & Heating,,-73.7459715,40.7160353,212-31 Jamaica Avenue,,OpenStreetMap,node/7014373333,Requires manual review
,Vinegar Hill Portrait Shop,,-73.9810002,40.7031595,,https://vinegarhillportraitshop.com,OpenStreetMap,node/11068983326,Requires manual review
,"Vineyard Theatre and Workshop Center, Inc.",,-73.989139,40.735011,"108 East 15th Street, New York, 10003",,NYC DCLA,dcla-row-2396,Requires manual review
,Vinnie's Ironworks,,-73.9919751,40.6871815,,https://www.vinniesironworksny.com,OpenStreetMap,node/3613554782,Requires manual review
,Virgo Iron Works,,-73.9622826,40.678489,568E Grand Avenue,https://virgoironworks.org,OpenStreetMap,node/2713490434,Requires manual review
,Viridian Artists,,-74.0041354,40.7516496,548 West 28th Street,https://viridianartist.com,OpenStreetMap,node/10860703821,Requires manual review
,"Visible Theatre, Inc.",,-73.980715,40.741921,"201 East 28th Street, #3E, New York, 10016",,NYC DCLA,dcla-row-2397,Requires manual review
,"VISION U WE R ARTS, INC",,-73.886917,40.8162,"770 Faile Street, Bronx, 10474",,NYC DCLA,dcla-row-2399,Requires manual review
,"VisionIntoArt Presents, Inc.",,-73.968497,40.709319,"440 Kent Ave 19A, Brooklyn, 11249",,NYC DCLA,dcla-row-2398,Requires manual review
,Vista Imaging Group,,-73.9897784,40.7175171,73 Ludlow Street,https://www.vignyc.com,OpenStreetMap,node/2567557162,Requires manual review
,Vistor Center,,-73.9747355,40.6922174,,,OpenStreetMap,way/250366078,Requires manual review
,"Visual AIDS for the Arts, Inc.",,-74.003999,40.750094,"526 West 26th Street, New York, 10001",,NYC DCLA,dcla-row-2400,Design-related name in DCLA Visual Arts discipline
,Visual Arts Foundation,,-73.982679,40.738642,"209 East 23rd Street, New York, 10010",,NYC DCLA,dcla-row-2401,Requires manual review
,"Visual Arts Resource and Research Center Relating to the Caribbean, Inc.",,-73.938132,40.804665,"120 East 125th St, New York, 10035",,NYC DCLA,dcla-row-2402,Requires manual review
,Visual Captivity,,-73.9955513,40.6902977,,https://visualcaptivity.com,OpenStreetMap,node/9749377433,OpenStreetMap craft/workshop tag
,"Visual Understanding in Education, Inc",,-73.964135,40.711445,"109 South Fifth Street, Brooklyn, 11211",,NYC DCLA,dcla-row-2403,Design-related name in DCLA Visual Arts discipline
,"Vital Theatre Company, Inc.",,-73.980996,40.781912,"2162 Broadway, New York, 10024",,NYC DCLA,dcla-row-2404,Requires manual review
,"Viva Voce Chamber Ensemble, Inc.",,-74.102978,40.638956,"14 Brentwood Avenue, Staten Island, 10301",,NYC DCLA,dcla-row-2405,Requires manual review
,"Vivian Beaumont Theater, Inc.",,-73.984233,40.773876,"150 W. 65th St., New York, 10023",,NYC DCLA,dcla-row-2406,Requires manual review
,VMC,,-73.9959535,40.6689243,29 15th Street,,OpenStreetMap,node/2562133316,Requires manual review
,"Vocal Ease, Inc.",,-73.982553,40.779876,"240 West 73rd Street, #1403, New York, 10023",,NYC DCLA,dcla-row-2407,Requires manual review
,Voelker Orth Museum,,-73.816275,40.764478,"14919 38th Ave, Flushing, 11354",,NYC DCLA,dcla-row-2408,Requires manual review
,"Voice and Vision, Inc.",,-73.986756,40.76141,"805 8th Ave, Brooklyn, 11215",,NYC DCLA,dcla-row-2409,Requires manual review
,Voices in Contemporary Art,,-74.012761,40.706449,"50 Broadway, 21st Floor, New York, 10004",,NYC DCLA,dcla-row-2410,Design-related name in DCLA Visual Arts discipline
,"Voices in the Heights, Inc.",,-73.992723,40.69513,"119 Pierrepont St, Brooklyn, 11201",,NYC DCLA,dcla-row-2411,Requires manual review
,"Voices UnBroken, Inc.",,-73.861041,40.835857,"1414 Metropolitan Avenue, Bronx, 10462",,NYC DCLA,dcla-row-2413,Requires manual review
,"Volcano Love, Inc.",,-73.972942,40.680399,"524 Bergen Street, Brooklyn, 11217",,NYC DCLA,dcla-row-2414,Requires manual review
,Voltz Clarke Gallery,,-73.9920403,40.7220357,,https://voltzclarke.com,OpenStreetMap,node/4706140689,Requires manual review
,"Volunteer Lawyers for the Arts, Inc.",,-73.983973,40.760103,"729 7th Avenue, Suite 1401, New York, 10019",,NYC DCLA,dcla-row-2415,Requires manual review
,"Vortex Theater Company, Inc.",,-74.007344,40.748345,"164 Eleventh Avenue, New York, 10011",,NYC DCLA,dcla-row-2416,Requires manual review
,"Voyage Theater Company, Inc.",,-73.984334,40.728923,"165 First Avenue, New York, 10003",,NYC DCLA,dcla-row-2417,Requires manual review
,VSW ARTHOUSE CORP,,-73.989602,40.70273,"55 Washington Street, Brooklyn, 11201",,NYC DCLA,dcla-row-2418,Requires manual review
,Wagner College,,-74.0942431,40.6150487,,,OpenStreetMap,relation/15000315,Requires manual review
,Wagner College Young Musician's Competition,,-74.094478,40.615583,"Wagner College, Staten Island, 10301",,NYC DCLA,dcla-row-2419,Requires manual review
,Wakefield Library,,-73.8595169,40.8910946,4100 Lowerre Place,https://www.nypl.org/locations/wakefield,OpenStreetMap,way/277825677,Requires manual review
,Walt Whitman Branch Brooklyn Public Library,,-73.9777266,40.694479,93 Saint Edwards Street,,OpenStreetMap,way/250366652,Requires manual review
,Wanco Glass and Aluminium Corporation,,-73.9898609,40.7139246,167 East Broadway,,OpenStreetMap,node/6231529912,Requires manual review
,Wangs,,-73.9825112,40.6773469,671 Union Street,https://www.wangsbk.com,OpenStreetMap,node/3030613439,Requires manual review
,Warshaw,,-73.9845337,40.737248,,,OpenStreetMap,node/8695143166,OpenStreetMap craft/workshop tag
,Wash & Play Laundromat,,-73.9750979,40.6873129,,,OpenStreetMap,node/3154231929,Requires manual review
,Washburn Gallery,,-74.0054891,40.7462423,177 10th Avenue,,OpenStreetMap,node/10873196743,Requires manual review
,Washington Heights and Inwood Development Corporation,,-73.936039,40.846913,"611 West 177th Street, New York, 10033",,NYC DCLA,dcla-row-2420,Requires manual review
,Washington Heights Chamber Orchestra Corporation,,-73.917383,40.868979,"5030 Broadway, New York, 10034",,NYC DCLA,dcla-row-2421,Requires manual review
,"Washington Heights Inwood Coalition, Inc.",,-73.932537,40.853696,"652 West 187th Street, New York, 10033",,NYC DCLA,dcla-row-2422,Requires manual review
,Washington Heights Library,,-73.939662,40.8345192,1000 Saint Nicholas Avenue,https://www.nypl.org/locations/washington-heights,OpenStreetMap,way/275014148,Requires manual review
,Washington Square Contemporary Music Society,,-73.994938,40.730398,"24 Waverly Pl, New York, 10003",,NYC DCLA,dcla-row-2424,Requires manual review
,Wasterside Catering,,-74.23888,40.5210086,,,OpenStreetMap,node/11186618654,Requires manual review
,Watch Repair,,-73.82128,40.7251367,72-58 Main Street,,OpenStreetMap,node/5892947492,Requires manual review
,"Waterfront Alliance, Inc.",,-74.003365,40.707525,"217 Water Street, New York, 10038",,NYC DCLA,dcla-row-2425,Requires manual review
,Waterfront Museum,,-74.017654,40.675183,"290 Conover St, Brooklyn, 11231",,NYC DCLA,dcla-row-2426,Design-related name in DCLA Museum discipline
,"Waterwell Productions, Inc.",,-73.989669,40.75889,"321 W. 44th Street, New York, 10036",,NYC DCLA,dcla-row-2427,Requires manual review
,Wave Hill,,-73.911202,40.900127,"675 West 252nd Street, Bronx, 10471",,NYC DCLA,dcla-row-2429,Requires manual review
,Wayfarers,,-73.9308031,40.693876,1109 Dekalb Avenue,https://brooklynwayfarers.org/,OpenStreetMap,node/6063992915,Requires manual review
,WBAI,,-74.006427,40.70438,"120 Wall St; 10th Fl., New York, 10005",,NYC DCLA,dcla-row-2431,Requires manual review
,"WCV, Inc.",,-73.973006,40.653719,"175 Prospect Park Southwest #2A, Brooklyn, 11218",,NYC DCLA,dcla-row-2432,Requires manual review
,We Are Signs & Awnings,,-73.9912955,40.6734193,167 7th Street,https://www.wearesignsny.com,OpenStreetMap,node/2494295362,Requires manual review
,We Care Media Arts,,-73.961431,40.77098,"150 East 73rd Street, New York, 10021",,NYC DCLA,dcla-row-2434,Requires manual review
,We Fix Computers,,-73.9827317,40.6658748,368 7th Avenue,,OpenStreetMap,node/8873486623,Requires manual review
,"We Stay - Nos Quedamos, Inc.",,-73.915372,40.82127,"754 Melrose Avenue, Bronx, 10451",,NYC DCLA,dcla-row-2437,Requires manual review
,Weaving Hand,,-73.978302,40.670809,"197 7th Avenue, Brooklyn, 11215",,NYC DCLA,dcla-row-2433,Requires manual review
,Webster Library,,-73.9513496,40.7706584,1465 York Avenue,https://www.nypl.org/locations/webster,OpenStreetMap,way/266900751,Requires manual review
,Wedding Bells Video & Photography,,-73.7121718,40.7366648,255-19 Hillside Avenue,https://theweddingbells.us/,OpenStreetMap,node/6148321844,OpenStreetMap craft/workshop tag
,Weekes Epic Builders,,-73.8098302,40.6706212,129-05 133rd Avenue,https://weekesepicbuilders.com,OpenStreetMap,node/11302514361,Requires manual review
,Weeksville Heritage Center,,-73.925302,40.6741897,158 Buffalo Avenue,,OpenStreetMap,way/250352173,Requires manual review
,Weill Cornell Medical College,,-73.9549121,40.7647523,,,OpenStreetMap,node/357573246,Requires manual review
,Weill Medical College of Cornell University,,-73.954579,40.7648291,1300 York Avenue,https://medicine.weill.cornell.edu/about-us/contact-us/maps-directions,OpenStreetMap,way/1157729509,Requires manual review
,Weill Medical College of Cornell University,,-74.0049616,40.7103055,1300 York Avenue,https://medicine.weill.cornell.edu/about-us/contact-us/maps-directions,OpenStreetMap,way/1157729510,Requires manual review
,Weill Medical College of Cornell University,,-73.9790206,40.737988,,https://weill.cornell.edu/,OpenStreetMap,relation/15652630,Requires manual review
,"Welltone New Music, Inc.",,-74.006802,40.733661,"256 West 10th Street, New York, 10014",,NYC DCLA,dcla-row-2435,Requires manual review
,Wendy's Subway,,-73.9380343,40.7038545,379 Bushwick Avenue,https://wendyssubway.com/,OpenStreetMap,node/6381064025,OpenStreetMap arts-centre tag
,Wendy's Subway Inc.,,-73.938279,40.703831,"379 Bushwick Ave, Brooklyn, 11206",,NYC DCLA,dcla-row-2436,Requires manual review
,West African Health Foundation,,-73.9555979,40.6520972,,https://www.wahealthfoundation.org,OpenStreetMap,node/10555179725,Requires manual review
,West Farms Library,,-73.8830551,40.8446742,2085 Honeywell Avenue,https://www.nypl.org/locations/west-farms,OpenStreetMap,way/276035360,Requires manual review
,West Harlem Community Preservation Organization,,-73.9496,40.823554,"502 West 142nd Street, Ground Flr., New York, 10031",,NYC DCLA,dcla-row-2442,Requires manual review
,West Harlem Development Corporation,,-73.953759,40.812964,"423 W. 127th St., Suite A, New York, 10027",,NYC DCLA,dcla-row-2443,Requires manual review
,"West Indian American Day Carnival Association, Inc.",,-73.955683,40.668945,"1561 Bedford Ave, Brooklyn, 11225",,NYC DCLA,dcla-row-2444,Requires manual review
,West New Brighton Library,,-74.1148171,40.6345014,976 Castleton Avenue,https://www.nypl.org/locations/west-new-brighton,OpenStreetMap,way/245483777,Requires manual review
,West Side Cultural Center,,-73.980958,40.776607,"136 West 70th Street, New York, 10023",,NYC DCLA,dcla-row-2446,Requires manual review
,Westbeth Artists Residents Council,,-74.009959,40.736762,"463 West Street, NY, 10014",,NYC DCLA,dcla-row-2438,Requires manual review
,Westbeth Corp HDFC Inc,,-74.009959,40.736762,"463 West Street, New York, 10014",,NYC DCLA,dcla-row-2439,Requires manual review
,Westchester Square Art Center,,-73.846559,40.843115,"2616 East Tremont Avenue, New York, 10461",,NYC DCLA,dcla-row-2440,Design-related name in DCLA Visual Arts discipline
,Westchester Square Library,,-73.8467494,40.8408867,2521 Glebe Avenue,https://www.nypl.org/locations/westchester-square,OpenStreetMap,node/2858105393,Requires manual review
,"Western Wind Vocal Ensemble, Inc.",,-73.970687,40.797533,"250 West 100th Street, New York, 10025",,NYC DCLA,dcla-row-2441,Requires manual review
,Weston Bros,,-73.8531287,40.7107118,99-16 Metropolitan Avenue,https://www.westonbros.com/,OpenStreetMap,node/5344122232,Requires manual review
,Westside Community Garden Inc.,,-73.971634,40.788794,"123 West 89th Street, New York, 10024",,NYC DCLA,dcla-row-2445,Requires manual review
,Westwood Gallery,,-73.9931761,40.7233254,261 Bowery,,OpenStreetMap,node/5415635153,Requires manual review
,"Wet Ink Music Productions, Inc.",,-73.958071,40.654947,"49 Clarkson Avenue, Brooklyn, 11226",,NYC DCLA,dcla-row-2447,Requires manual review
,Wewash Laundromat & Cleaners,,-73.9795427,40.7358406,,,OpenStreetMap,node/10073864130,Requires manual review
,What Will the Neighbors Say?,,-73.926525,40.694154,"854 Bushwick Avenue, New York, 11221",,NYC DCLA,dcla-row-2448,Requires manual review
,"Where there is Need, Inc.",,-73.794095,40.689937,"110-31 155 Street, Jamaica, 11433",,NYC DCLA,dcla-row-2449,Requires manual review
,"Where We At: Black Women Artists, Inc.",,-73.978058,40.679947,"89 Fifth Avenue, Suite 129, Brooklyn, 11217",,NYC DCLA,dcla-row-2450,Requires manual review
,While We Are Still Here,,-73.938755,40.833633,"555 Edgecombe Ave, New York, 10032",,NYC DCLA,dcla-row-2451,Requires manual review
,Whipped Pastry,,-74.0064774,40.6802032,37 Richards Street,https://www.whippedpastryboutique.com/,OpenStreetMap,way/278371959,Requires manual review
,"White Box, Ltd.",,-73.983578,40.721808,"9 Avenue B, Storefront, NEW YORK, 10009",,NYC DCLA,dcla-row-2452,Requires manual review
,"White Columns, Inc.",,-74.008332,40.738763,"91 Horatio Street, New York, 10014",,NYC DCLA,dcla-row-2453,Requires manual review
,White Glove Cleaner,,-73.9942695,40.7346536,55 5th Avenue,https://whiteglovecleaner.com/,OpenStreetMap,node/12497852829,Requires manual review
,White Wave Rising: Young Soon Kim Dance Company,,-73.914859,40.679819,"150 MacDougal Street, Brooklyn, 11233",,NYC DCLA,dcla-row-2454,Requires manual review
,Whitney Museum of American Art,,-74.0089385,40.739633,99 Gansevoort Street,https://www.whitney.org/,OpenStreetMap,way/288749896,Design-related museum or gallery
,Whitney Museum of American Art,,-74.008967,40.739386,"99 Gansevoort Street, New York, 10014",,NYC DCLA,dcla-row-2455,Design-related name in DCLA Museum discipline
,Whoop Dee Doo Inc,,-74.006344,40.629889,"1053 64TH ST, Brooklyn, 11219",,NYC DCLA,dcla-row-2456,Requires manual review
,Wide Flange Incorporated,,-74.0001205,40.6596413,176 27th Street,,OpenStreetMap,way/249606340,Requires manual review
,Wide Printing,,-73.9904159,40.643426,,,OpenStreetMap,node/2561930498,OpenStreetMap craft/workshop tag
,Widow Jane Distillery,,-74.0152788,40.6773423,218 Conover Street,https://widowjane.com,OpenStreetMap,node/2550078598,Requires manual review
,"Wilbur Ware Institute, Inc.",,-73.938264,40.817647,"620 Malcolm X Boulevard, New York, 10037",,NYC DCLA,dcla-row-2458,Requires manual review
,Wild East Brewing Company,,-73.9835994,40.6785445,623 Sackett Street,https://www.wildeastbrewing.com,OpenStreetMap,node/5742636433,Requires manual review
,"Wild Project Productions, Inc.",,-73.983607,40.722953,"195 E. 3rd St., New York City, 10009",,NYC DCLA,dcla-row-2462,Requires manual review
,Wildarts,,-73.969139,40.794442,"163 W. 97th St., New York, 10025",,NYC DCLA,dcla-row-2459,Requires manual review
,Wildlife Conservation Library,,-73.9758693,40.5742474,,,OpenStreetMap,node/4080271225,Requires manual review
,Wildlife Conservation Society - Bronx Zoo,,-73.882456,40.850543,"2300 Southern Boulevard, Bronx, 10460",,NYC DCLA,dcla-row-2460,Requires manual review
,Wildlife Conservation Society - New York Aquarium,,-73.975799,40.575183,"602 Surf Avenue, Brooklyn, 11224",,NYC DCLA,dcla-row-2461,Requires manual review
,William D Walsh Family Library,,-73.8892384,40.8612282,439 East Fordham Road,,OpenStreetMap,way/284838390,Requires manual review
,William G. Iafe,,-74.0179705,40.6379501,6224 5th Avenue,,OpenStreetMap,node/2561683544,Requires manual review
,Williamsburg Art and Historical Center,,-73.963728,40.710446,"135 Broadway, Brooklyn, 11211",,NYC DCLA,dcla-row-2463,Requires manual review
,"Williamsburg Art Nexus, Inc.",,-73.919263,40.773794,"24-26 26th Street, Astoria, 11102",,NYC DCLA,dcla-row-2464,Requires manual review
,Williamsburg Branch Brooklyn Public Library,,-73.957546,40.7069174,240 Division Avenue,,OpenStreetMap,way/279580112,Requires manual review
,Williamsburg Glass,,-73.9617693,40.6957053,142 Classon Avenue,,OpenStreetMap,way/250351002,Requires manual review
,Willie Mae Rock Camp for Girls,,-73.984973,40.677354,"540 President Street, Brooklyn, 11215",,NYC DCLA,dcla-row-2465,Requires manual review
,Willoughby General,,-73.9485233,40.6938395,518A Willoughby Avenue,https://www.willoughbygeneral.com/,OpenStreetMap,node/5560621113,Requires manual review
,Window King LLC,,-73.853852,40.8493693,1075 Morris Park Avenue,https://windowking.biz/putnam/,OpenStreetMap,node/2857070561,Requires manual review
,Windows & Doors,,-74.1626069,40.6009331,,,OpenStreetMap,node/11910331925,Requires manual review
,Windows We Are,,-74.0290325,40.6184419,,https://www.windowsweare.com,OpenStreetMap,node/2552818145,Requires manual review
,"Wings Theatre Company, Inc.",,-74.008129,40.73273,"154 Christopher Street, New York, 10014",,NYC DCLA,dcla-row-2467,Requires manual review
,"Wingspan Arts, Inc.",,-73.953693,40.777815,"229 E 85th St, New York, 10028",,NYC DCLA,dcla-row-2466,Requires manual review
,WINNER,,-73.982369,40.6657195,367 7th Avenue,https://www.winner.nyc,OpenStreetMap,node/2568710180,Requires manual review
,Winter Film Awards,,-73.98648,40.749256,"31 West 34th Street, New York, 10001",,NYC DCLA,dcla-row-2468,Requires manual review
,Winter Wolf,,-73.9939628,40.6610412,,https://www.winterwolftechvac.com,OpenStreetMap,node/10245328562,Requires manual review
,Wishwash,,-73.9829303,40.6729733,,,OpenStreetMap,node/5627689560,Requires manual review
,WNET,,-73.986275,40.762074,"825 Eighth Avenue, New York, 10019",,NYC DCLA,dcla-row-2469,Requires manual review
,"Women Make Movies, Inc.",,-73.993937,40.748299,"231 West 29th Street, New York, 10001",,NYC DCLA,dcla-row-2473,Requires manual review
,Women of Color on Broadway Inc.,,-73.854648,40.889283,"847 East 229th Street, New York City, 10466",,NYC DCLA,dcla-row-2474,Requires manual review
,"Women's Expressive Theater, Inc.",,-73.974793,40.752726,"441 Lexington Avenue, PH, New York, 10017",,NYC DCLA,dcla-row-2470,Requires manual review
,"Women's Interart Center, Inc.",,-73.992635,40.766683,"549 West 52nd Street, Third Floor, New York, 10019",,NYC DCLA,dcla-row-2471,Requires manual review
,"Women's Project and Productions, Inc.",,-73.989129,40.773446,"55 West End Avenue, New York, 10023",,NYC DCLA,dcla-row-2472,Requires manual review
,Womens Housing and Economic Development Corporation,,-73.919292,40.836725,"50 East 168th Street, Bronx, 10452",,NYC DCLA,dcla-row-2475,Requires manual review
,"Wood Floor Star, Inc",,-73.8557211,40.7115318,,,OpenStreetMap,node/11866862384,Requires manual review
,Woodhaven Manor,,-73.8488465,40.6946884,96-01 Jamaica Avenue,,OpenStreetMap,node/5395618349,Requires manual review
,Woodhaven Residents' Block Association,,-73.8600818,40.6923121,84-20B Jamaica Avenue,,OpenStreetMap,node/5397496094,Requires manual review
,"Woodlawn Conservancy, Inc.",,-73.863587,40.89522,"4199 Webster Ave, Bronx, 10470",,NYC DCLA,dcla-row-2476,Requires manual review
,Woodlawn Heights Library,,-73.8679472,40.9004386,4355 Katonah Avenue,https://www.nypl.org/locations/woodlawn-heights,OpenStreetMap,way/277844750,Requires manual review
,"Woodside on the Move, Inc.",,-73.905092,40.7463,"39-42 59th Street, Woodside, 11377",,NYC DCLA,dcla-row-2478,Requires manual review
,Woodstock Library,,-73.9046279,40.8206469,761 East 160th Street,https://www.nypl.org/locations/woodstock,OpenStreetMap,way/275308108,Requires manual review
,Woodward Gallery,,-73.9914924,40.7188556,132A Eldridge Street,https://woodwardgallery.net/,OpenStreetMap,node/9872651423,Requires manual review
,"Woodycrest Center for Human Development, Inc.",,-73.928932,40.834544,"153 W 165th St, Bronx, 10452",,NYC DCLA,dcla-row-2479,Requires manual review
,"Wooster Group, Inc.",,-74.002807,40.722204,"33 Wooster Street, New York, 10013",,NYC DCLA,dcla-row-2480,Requires manual review
,Words without Borders,,-73.982532,40.692648,"147 Prince Street, Brooklyn, 11201",,NYC DCLA,dcla-row-2481,Requires manual review
,"Working Theatre Company, Inc.",,-73.992417,40.753612,"520 8th Avenue, New York, 10018",,NYC DCLA,dcla-row-2482,Requires manual review
,"Workmens Circle/Arbeter Ring, Inc.",,-73.990594,40.753475,"247 West 37th Street, New York, 10018",,NYC DCLA,dcla-row-2483,Requires manual review
,"Works and Process, Inc.",,-73.974241,40.752386,"155 East 44th Street, New York, 10017",,NYC DCLA,dcla-row-2484,Requires manual review
,Works In Progress NYC,,-73.990807,40.726785,"59 E. 4th Street, New York, 10003",,NYC DCLA,dcla-row-2485,Requires manual review
,Works on Water Inc,,-73.942084,40.829103,"849 St. Nicholas Ave., 5A, New York, NY 10031, New York, 10031",,NYC DCLA,dcla-row-2486,Requires manual review
,Workspace 11,,-73.9927483,40.6753992,110 5th Street,https://www.workspace11.com,OpenStreetMap,way/248167180,Requires manual review
,"World Around, Inc.",,-73.978336,40.687723,"250 Ashland Pl, Brooklyn, 11217",,NYC DCLA,dcla-row-2488,Requires manual review
,"World Civic Orchestra, Inc.",,-73.95101,40.769077,"530 E. 76th Street, New York, 10021",,NYC DCLA,dcla-row-2489,Requires manual review
,World Class Cleaners,,-73.9988179,40.7339645,66 West 9th Street,,OpenStreetMap,node/13308433524,Requires manual review
,World Dance Theatre,,-73.922156,40.744894,"43-18 42nd Street, Apt. 2R, Sunnyside, 11104",,NYC DCLA,dcla-row-2490,Requires manual review
,World Foundation for Music and Healing,,-73.988097,40.748655,"1270 Broadway, Suite #1109, New York, 10001",,NYC DCLA,dcla-row-2491,Requires manual review
,"World Music Institute, Inc.",,-73.986681,40.702763,"68 Jay Street, New York, 11201",,NYC DCLA,dcla-row-2492,Requires manual review
,"World Savvy, Inc.",,-73.986681,40.702763,"68 Jay Street, Brooklyn, 11201",,NYC DCLA,dcla-row-2493,Requires manual review
,World Science Foundation,,-73.964168,40.811101,"475 Riverside Dr, New York, 10115",,NYC DCLA,dcla-row-2494,Requires manual review
,World Trade Center Educational Tribute,,-74.1026303,40.6426009,,,OpenStreetMap,node/13226968257,Requires manual review
,"Worthless Foundation, Inc.",,-74.003579,40.720596,"350 Canal Street #11, New York, 10013",,NYC DCLA,dcla-row-2495,Requires manual review
,"Woven Spaces, Inc.",,-73.953817,40.729161,"853 Manhattan Ave, New York City, 11222",,NYC DCLA,dcla-row-2496,Requires manual review
,"Wreckio Ensemble Theatre, Inc.",,-73.919393,40.776835,"23-54 23rd Street, Astoria, 11105",,NYC DCLA,dcla-row-2497,Requires manual review
,"Writers Guild of America, East Foundation",,-74.007753,40.724658,"250 Hudson St, New York, 10013",,NYC DCLA,dcla-row-2498,Requires manual review
,"Writers Room, Inc.",,-73.992993,40.729884,"740 Broadway, Suite 702, New York, 10003",,NYC DCLA,dcla-row-2499,Requires manual review
,"Writopia Lab, Inc.",,-73.976048,40.783904,"155 West 81 St., New York, 10024",,NYC DCLA,dcla-row-2500,Requires manual review
,Wunsch Building,,-73.9848674,40.6943223,,,OpenStreetMap,way/250372685,Requires manual review
,"Wyckoff House and Association, Inc.",,-73.920914,40.64497,"5816 Clarendon Rd, Brooklyn, 11203",,NYC DCLA,dcla-row-2501,Requires manual review
,XFR Collective Inc.,,-73.951834,40.707145,"411 South 5th Street, New York City, 11211",,NYC DCLA,dcla-row-2502,Requires manual review
,Xoregos Performing Company,,-73.994607,40.755704,"496 Ninth Avenue   #4-A, New York City, 10018",,NYC DCLA,dcla-row-2503,Requires manual review
,Xtreme Systems,,-74.1497795,40.6253895,,,OpenStreetMap,node/10759517406,Requires manual review
,Y & L Stainless Steel,,-74.0061166,40.6552088,,,OpenStreetMap,node/11753614455,Requires manual review
,Y.H. Printing,,-73.9919506,40.7145159,2 Orchard Street,,OpenStreetMap,node/7797556390,OpenStreetMap craft/workshop tag
,Yaa Samar Dance Theatre,,-73.94429,40.727524,"228 Norman Avenue, Brooklyn, 11222",,NYC DCLA,dcla-row-2504,Requires manual review
,"Yamantaka Power Association, Inc.",,-73.998372,40.599872,"155 Bay 28th street, Brooklyn, 11214",,NYC DCLA,dcla-row-2505,Requires manual review
,Yancey Richardson Gallery,,-74.0057016,40.7475857,525 West 22nd Street,https://www.yanceyrichardson.com,OpenStreetMap,node/10861543608,Requires manual review
,"Yangtze Repertory Theatre of America, Inc.",,-73.992417,40.753612,"520 Eighth Ave #360, NEW YORK, 10018",,NYC DCLA,dcla-row-2506,Requires manual review
,Yanza Shoe Repair,,-73.9853313,40.7681286,884 9th Avenue,,OpenStreetMap,node/7597291058,Requires manual review
,Yara Arts Group,,-73.985903,40.730172,"306 East 11th Street, New York, 10003",,NYC DCLA,dcla-row-2507,Requires manual review
,"Yarnwire, Inc.",,-73.920406,40.708997,"1717 Troutman St, Ridgewood, 11385",,NYC DCLA,dcla-row-2508,Requires manual review
,Yee Glass Window,,-74.0117445,40.6511996,274 44th Street,,OpenStreetMap,way/249592215,Requires manual review
,Yeh Art Gallary,,-73.7954826,40.7221431,81-50B Utopia Parkway,https://sjuartgallery.org,OpenStreetMap,way/248317423,Design-related museum or gallery
,Yes Cleaners,,-73.9983028,40.6777169,472 Court Street,,OpenStreetMap,node/2494197765,Requires manual review
,Yes Cleaners,,-73.9645812,40.6831302,,,OpenStreetMap,node/6175434117,Requires manual review
,Yeshiva University - Wilf Campus,,-73.92926,40.8504967,,https://www.yu.edu/,OpenStreetMap,relation/3105305,Requires manual review
,Yeshiva University Museum,,-73.9938312,40.737978,,https://www.yumuseum.org/,OpenStreetMap,node/368061605,Design-related museum or gallery
,Yeshiva University Museum,,-73.993454,40.737677,"15 West 16th Street, New York, 10011",,NYC DCLA,dcla-row-2510,Design-related name in DCLA Museum discipline
,"YIVO Institute for Jewish Research, Inc.",,-73.993454,40.737677,"15 West 16th Street, New York, 10011",,NYC DCLA,dcla-row-2511,Requires manual review
,YM & YWHA of Washington Heights and Inwood,,-73.929129,40.859993,"54 Nagle Avenue, New York, 10040",,NYC DCLA,dcla-row-2512,Requires manual review
,YM-YWHA of the Bronx,,-73.907133,40.905009,"5625 Arlington Ave, Bronx, 10471",,NYC DCLA,dcla-row-2513,Requires manual review
,YMCA,,-73.9710102,40.7532196,224 East 47th Street,https://ymcanyc.org/vanderbilt,OpenStreetMap,way/265512002,Requires manual review
,York College / City University of New York,,-73.7955535,40.7009345,,,OpenStreetMap,way/446153565,Requires manual review
,"York Theatre Company, Inc.",,-73.991449,40.760038,"630 Ninth Ave, New York, 10036",,NYC DCLA,dcla-row-2514,Requires manual review
,Yorkville Library,,-73.9564065,40.7736055,222 East 79th Street,https://www.nypl.org/locations/yorkville,OpenStreetMap,way/266899958,Requires manual review
,Yossi Milo Gallery,,-74.0036923,40.7487598,245 10th Avenue,https://www.yossimilo.com/,OpenStreetMap,node/10861507197,Requires manual review
,"Young Adult Institute, Inc.",,-73.973256,40.750256,"220 East 42nd Street, New York, 10017",,NYC DCLA,dcla-row-2515,Requires manual review
,"Young Audiences New York, Inc.",,-73.975584,40.760324,"1 East 53rd Street, New York, 10022",,NYC DCLA,dcla-row-2517,Requires manual review
,"Young Audiences, Inc.",,-73.983316,40.74726,"171 Madison Ave., New York, 10016",,NYC DCLA,dcla-row-2516,Requires manual review
,"Young Concert Artists, Inc.",,-73.981809,40.766481,"1776 Broadway, New York, 10019",,NYC DCLA,dcla-row-2518,Requires manual review
,"Young Dancers in Repertory, Inc.",,-74.01392,40.641658,"5602 5th Avenue, Brooklyn, 11220",,NYC DCLA,dcla-row-2519,Requires manual review
,Young Love NYC,,-74.0253398,40.6238894,479 83rd Street,,OpenStreetMap,node/2552883648,Requires manual review
,Young Men's & Young Women's Hebrew Association,,-73.952978,40.783051,"1395 Lexington Avenue, New York, 10128",,NYC DCLA,dcla-row-2521,Requires manual review
,Young Men's Christian Association of Greater New York,,-73.980465,40.770689,"5 West 63rd Street, New York, 10023",,NYC DCLA,dcla-row-2522,Requires manual review
,"Young Movement, Inc.",,-73.92508,40.673979,"158 Buffalo Avenue, Brooklyn, 11213",,NYC DCLA,dcla-row-2523,Requires manual review
,"Young New Yorker's Chorus, Inc.",,-73.984791,40.764072,"888 8th Avenue, New York, 10019",,NYC DCLA,dcla-row-2524,Requires manual review
,Young New Yorkers Inc,,-73.980385,40.68581,"30 3rd Ave, Brooklyn, 11217",,NYC DCLA,dcla-row-2525,Requires manual review
,"Young People's Chorus of New York City, Inc.",,-73.980363,40.772281,"37 West 65th Street, New York, 10023",,NYC DCLA,dcla-row-2526,Requires manual review
,"Young Playwrights, Inc.",,-73.982488,40.751265,"431 Fifth Avenue, New York, 10016",,NYC DCLA,dcla-row-2527,Requires manual review
,Youth America Grand Prix,,-73.987985,40.75157,"121 West 36th Street, New York, 10018",,NYC DCLA,dcla-row-2529,Requires manual review
,"Youth Ministries for Peace and Justice, Inc.",,-73.876509,40.833564,"1384 Stratford Avenue, Bronx, 10472",,NYC DCLA,dcla-row-2531,Requires manual review
,"Youth Orchestra, CYCNY",,-73.772862,40.756139,"46-35 Oceania Street, Bayside, 11461",,NYC DCLA,dcla-row-2532,Requires manual review
,"YYDC, Inc.",,-74.0025,40.716951,"50 Franklin Street, New York, 10013",,NYC DCLA,dcla-row-2533,Requires manual review
,Z-Studios NYC,,-73.9009245,40.672215,134 Hinsdale Street,https://www.zstudiosnyc.com,OpenStreetMap,node/13660026804,Requires manual review
,Z-Studios NYC,,-73.9010602,40.672212,134 Hinsdale Street,https://www.zstudiosnyc.com,OpenStreetMap,way/250223982,Requires manual review
,Zabar Art Library,,-73.9649416,40.7686374,695 Park Avenue,https://library.hunter.cuny.edu/zabar-art-library,OpenStreetMap,node/7003280529,Design-related library
,Zapateria,,-73.95207,40.8194303,,,OpenStreetMap,node/11004300914,Requires manual review
,"ZGD, Inc.",,-74.006416,40.735077,"114 Perry Street, New York, 10014",,NYC DCLA,dcla-row-2535,Requires manual review
,"ZMI Foundation, Inc.",,-73.763993,40.691874,"188-03 Linden Blvd, Saint Albans, 11412",,NYC DCLA,dcla-row-2536,Requires manual review
,Zürcher Studio,,-73.9937321,40.7257629,33 Bleecker Street,https://galeriezurcher.com,OpenStreetMap,node/6222196494,Design-related museum or gallery
